Article Title,Author,Journal Title,ISSN,ISBN,Publication Date,Volume,Issue,First Page,Page Count,Accession Number,DOI,Publisher,Doctype,Subjects,Keywords,Abstract,PLink
"A high-density EEG investigation into steady state binaural beat stimulation.","Goodin, Peter; Ciorciari, Joseph; Baker, Kate; Carrey, Anne-Marie; Harper, Michelle; Kaufman, Jordy","PLoS ONE",="19326203",,="20120409","7","4",,,"2012-12593-001","10.1371/annotation/89b655ea-6877-411d-abee-e1f4806f5f78","Public Library of Science","Journal Article","Electroencephalography; Personality Traits; Theta Rhythm; Beta Rhythm; Adulthood (18 yrs & older); Young Adulthood (18-29 yrs); Thirties (30-39 yrs); Middle Age (40-64 yrs); Male; Female",,"Binaural beats are an auditory phenomenon that has been suggested to alter physiological and cognitive processes including vigilance and brainwave entrainment. Some personality traits measured by the NEO Five Factor Model have been found to alter entrainment using pulsing light stimuli, but as yet no studies have examined if this occurs using steady state presentation of binaural beats for a relatively short presentation of two minutes. This study aimed to examine if binaural beat stimulation altered vigilance or cortical frequencies and if personality traits were involved. Thirty-one participants were played binaural beat stimuli designed to elicit a response at either the Theta (7 Hz) or Beta (16 Hz) frequency bands while undertaking a zero-back vigilance task. EEG was recorded from a high-density electrode cap. No significant differences were found in vigilance or cortical frequency power during binaural beat stimulation compared to a white noise control period. Furthermore, no significant relationships were detected between the above and the Big Five personality traits. This suggests a short presentation of steady state binaural beats are not sufficient to alter vigilance or entrain cortical frequencies at the two bands examined and that certain personality traits were not more susceptible than others. (PsycINFO Database Record (c) 2016 APA, all rights reserved)","https://search.ebscohost.com/login.aspx?direct=true&AuthType=ip,shib,uid&db=psyh&AN=2012-12593-001&lang=es&site=ehost-live"
"A high-density EEG investigation into steady state binaural beat stimulation.","Goodin P; Ciorciari J; Baker K; Carey AM; Harper M; Kaufman J","PloS one",="1932-6203",,="2012","7","4","e34789",,"22496862","10.1371/journal.pone.0034789","Public Library of Science","Journal Article","Acoustic Stimulation methods; Auditory Perception physiology; Electroencephalography methods; Adult; Arousal physiology; Cerebral Cortex physiology; Electroencephalography instrumentation; Female; Humans; Male; Middle Aged; Personality; Young Adult",,"Binaural beats are an auditory phenomenon that has been suggested to alter physiological and cognitive processes including vigilance and brainwave entrainment. Some personality traits measured by the NEO Five Factor Model have been found to alter entrainment using pulsing light stimuli, but as yet no studies have examined if this occurs using steady state presentation of binaural beats for a relatively short presentation of two minutes. This study aimed to examine if binaural beat stimulation altered vigilance or cortical frequencies and if personality traits were involved. Thirty-one participants were played binaural beat stimuli designed to elicit a response at either the Theta (7 Hz) or Beta (16 Hz) frequency bands while undertaking a zero-back vigilance task. EEG was recorded from a high-density electrode cap. No significant differences were found in vigilance or cortical frequency power during binaural beat stimulation compared to a white noise control period. Furthermore, no significant relationships were detected between the above and the Big Five personality traits. This suggests a short presentation of steady state binaural beats are not sufficient to alter vigilance or entrain cortical frequencies at the two bands examined and that certain personality traits were not more susceptible than others.","https://search.ebscohost.com/login.aspx?direct=true&AuthType=ip,shib,uid&db=cmedm&AN=22496862&lang=es&site=ehost-live"
"A new perspective on binaural beats: Investigating the effects of spatially moving sounds on human mental states.","Sudre, Salomé; Kronland-Martinet, Richard; Petit, Laetitia; Rozé, Jocelyn; Ystad, Sølvi; Aramaki, Mitsuko","PLoS ONE",="19326203",,="20240731","19","7",,,"2025-10934-001","10.1371/journal.pone.0306427","Public Library of Science","Journal Article","Auditory Stimulation; Cognition; Pitch (Frequency); Adulthood (18 yrs & older); Young Adulthood (18-29 yrs); Thirties (30-39 yrs); Middle Age (40-64 yrs); Male; Female",,"When individuals are exposed to two pure tones with close frequencies presented separately in each ear, they perceive a third sound known as binaural beats (BB), characterized by a frequency equal to the difference between the two tones. Previous research has suggested that BB may influence brain activity, potentially benefiting attention and relaxation. In this study, we hypothesized that the impact of BB on cognition and EEG is linked to the spatial characteristics of the sound. Participants listened to various types of spatially moving sounds (BB, panning and alternate beeps) at 6Hz and 40Hz frequencies. EEG measurements were conducted throughout the auditory stimulation, and participants completed questionnaires on relaxation, affect, and a sustained attention task. The results indicated that binaural, panning sounds and alternate beeps had a more pronounced effect on electrical brain activity than the control condition. Additionally, an improvement in relaxation was observed with these sounds at both 6Hz and 40Hz. Overall, these findings support our hypothesis that the impact of auditory stimulation lies in the spatial attributes rather than the sensation of beating itself. (PsycInfo Database Record (c) 2024 APA, all rights reserved)","https://search.ebscohost.com/login.aspx?direct=true&AuthType=ip,shib,uid&db=psyh&AN=2025-10934-001&lang=es&site=ehost-live"
"A new perspective on binaural beats: Investigating the effects of spatially moving sounds on human mental states.","Sudre S; Kronland-Martinet R; Petit L; Rozé J; Ystad S; Aramaki M","PloS one",="1932-6203",,="2024 Jul 31","19","7","e0306427",,"39083499","10.1371/journal.pone.0306427","Public Library of Science","Journal Article","Acoustic Stimulation; Electroencephalography; Attention physiology; Humans; Male; Female; Adult; Young Adult; Auditory Perception physiology; Sound; Sound Localization physiology; Brain physiology; Cognition physiology; Relaxation physiology",,"When individuals are exposed to two pure tones with close frequencies presented separately in each ear, they perceive a third sound known as binaural beats (BB), characterized by a frequency equal to the difference between the two tones. Previous research has suggested that BB may influence brain activity, potentially benefiting attention and relaxation. In this study, we hypothesized that the impact of BB on cognition and EEG is linked to the spatial characteristics of the sound. Participants listened to various types of spatially moving sounds (BB, panning and alternate beeps) at 6Hz and 40Hz frequencies. EEG measurements were conducted throughout the auditory stimulation, and participants completed questionnaires on relaxation, affect, and a sustained attention task. The results indicated that binaural, panning sounds and alternate beeps had a more pronounced effect on electrical brain activity than the control condition. Additionally, an improvement in relaxation was observed with these sounds at both 6Hz and 40Hz. Overall, these findings support our hypothesis that the impact of auditory stimulation lies in the spatial attributes rather than the sensation of beating itself. Competing Interests: The authors have declared that no competing interests exist. Copyright: © 2024 Sudre et al. This is an open access article distributed under the terms of the Creative Commons Attribution License, which permits unrestricted use, distribution, and reproduction in any medium, provided the original author and source are credited.","https://search.ebscohost.com/login.aspx?direct=true&AuthType=ip,shib,uid&db=cmedm&AN=39083499&lang=es&site=ehost-live"
"A Review of Binaural Bates and the Brain.","Mirmohamadi S; Norozpour Y; Zarrabian S","Basic and clinical neuroscience",="2008-126X",,="2024 Mar-Apr","15","2","133",,"39228447","10.32598/bcn.2022.1406.2","Iran University of Medical Sciences","Journal Article",,,"Binaural beat (BB), as a non-invasive auditory beat stimulation type, has found its potential applications in cognitive domains. This review presents a proper summary to deepen our understanding of the soundness of the BB technique by looking into its applications, possible mechanisms of action, effectiveness, limitations, and potential side effects. BB has been claimed to improve cognitive and psychological functions such as memory, attention, stress, anxiety, motivation, and confidence. We have also looked into preclinical and clinical research studies that have been performed using BB and proposed changes in the brain following the application of BB stimulations, including EEG changes. This review also presents applications outside the cognitive domain and evaluates BB as a possible treatment method. Copyright© 2024 Iranian Neuroscience Society.","https://search.ebscohost.com/login.aspx?direct=true&AuthType=ip,shib,uid&db=cmedm&AN=39228447&lang=es&site=ehost-live"
"Alpha-range visual and auditory stimulation reduces the perception of pain.","Ecsy K; Jones AK; Brown CA","European journal of pain (London, England)",="1532-2149",,="2017 Mar","21","3","562",,"27807916","10.1002/ejp.960","Wiley","Journal Article","Acoustic Stimulation methods; Alpha Rhythm; Pain Perception; Photic Stimulation methods; Acoustic Stimulation adverse effects; Acoustic Stimulation instrumentation; Adult; Affect; Anxiety psychology; Female; Healthy Volunteers; Humans; Lasers; Male; Pain Measurement; Photic Stimulation adverse effects; Photic Stimulation instrumentation; Psychophysics; Sleep Stages; Young Adult",,"Background: Alpha power is believed to have an inverse relationship with the perception of pain. Increasing alpha power through an external stimulus may, therefore, induce an analgesic effect. Here, we attempt to modulate the perception of a moderately painful acute laser stimulus by separately entraining three frequencies across the alpha band: 8, 10 and 12 Hz. Methods: Participants were exposed to either visual or auditory stimulation at three frequencies in the alpha-band range and a control frequency. We collected verbal pain ratings of laser stimuli from participants following 10 minutes of flashing LED goggle stimulation and 10 minutes of binaural beat stimulation across the alpha range. Alterations in sleepiness, anxiety and negative mood were recorded following each auditory or visual alpha-rhythm stimulation session. Results: A significant reduction in pain ratings was found after both the visual and the auditory stimulation across all three frequencies compared with the control condition. In the visual group, a significantly larger reduction was recorded following the 10-Hz stimulation than succeeding the 8- and 12-Hz conditions. Conclusions: This study suggests that a short presentation of auditory and visual stimuli, oscillating in the alpha range, have an analgesic effect on acute laser pain, with the largest effect following the 10-Hz visual stimulation. Pain reductions following stimulation in the alpha range are independent of sleepiness, anxiety, and negative moods. Significance: This study provides new behavioural evidence showing that visual and auditory entrainment of frequencies in the alpha-wave range can influence the perception of acute pain in humans. © 2016 European Pain Federation - EFIC®.","https://search.ebscohost.com/login.aspx?direct=true&AuthType=ip,shib,uid&db=cmedm&AN=27807916&lang=es&site=ehost-live"
"An investigation of the effects of binaural beat frequencies on human brain waves.","Ulam, Frederick Anthony","Dissertation Abstracts International: Section B: The Sciences and Engineering",="04194217",,="20060101","67","2-B","1198","1","2006-99016-128",,"ProQuest Information & Learning","Dissertation","Brain; Electroencephalography; Auditory Evoked Potentials; Adulthood (18 yrs & older)",,"The study investigated the use of binaural beat frequencies in inducing entrainment of synchronous brain wave activity within the theta frequency band. Subjects consisted of 43 volunteers recruited from psychophysiology courses offered at the California State University at Fresno. Each subject served as his own control, receiving binaural beat stimulation, monaural beat stimulation, and monaural tone stimulation. Subjects were randomly assigned to three groups in which the order of treatments was counterbalanced. Subjects were naive as to the hypotheses, and treatments were delivered under double-blind conditions. Binaural beat stimulation was produced by the Hemi-Sync Synthesizer, Model 201B. Both 440 Hz and 436 Hz tones were used for stimulation conditions containing beat frequencies, while a 440 Hz tone alone was used for the monaural tone condition. EEG activity was recorded from Fp2, C2, O2 and T5 and T6 scalp locations, using an extension of the 10-20 International System. EEG activity was acquired with BFC5000-4 with on-line Spectral Analysis unit. An integrated, coherent averaging circuit was used to measure phase synchrony across the five electrode locations. Spectral data were quantified into absolute and relative power of theta at each electrode site, including the coherent averaging circuit channel. A three-factor, mixed ANOVA revealed no significant differences between groups on treatments, indicating that binaural beat stimulation produced no greater inducement of theta than the control conditions and that theta was no more synchronous during binaural beat stimulation than during control conditions. Suggestions for future research emphasized the inclusion of controls for the attentional focus of subjects and use of coherent averaging for each channel of the EEG in a more traditionally evoked potential paradigm. (PsycINFO Database Record (c) 2016 APA, all rights reserved)","https://search.ebscohost.com/login.aspx?direct=true&AuthType=ip,shib,uid&db=psyh&AN=2006-99016-128&lang=es&site=ehost-live"
"Analysis of eeg activity in response to binaural beats with different frequencies.","Gao, Xiang; Cao, Hongbao; Ming, Dong; Qi, Hongzhi; Wang, Xuemin; Wang, Xiaolu; Chen, Runge; Zhou, Peng","International Journal of Psychophysiology",="01678760",,="20141201","94","3","399","8","2014-55228-020","10.1016/j.ijpsycho.2014.10.010","Elsevier Science","Journal Article","Auditory Stimulation; Connectionism; Electroencephalography; Cognition; Stimulus Frequency; Adulthood (18 yrs & older); Young Adulthood (18-29 yrs); Male; Female",,"When two coherent sounds with nearly similar frequencies are presented to each ear respectively with stereo headphones, the brain integrates the two signals and produces a sensation of a third sound called binaural beat (BB). Although earlier studies showed that BB could influence behavior and cognition, common agreement on the mechanism of BB has not been reached yet. In this work, we employed Relative Power (RP), Phase Locking Value (PLV) and Cross-Mutual Information (CMI) to track EEG changes during BB stimulations. EEG signals were acquired from 13 healthy subjects. Five-minute BBs with four different frequencies were tested: delta band (1 Hz), theta band (5Hz), alpha band (10 Hz) and beta band (20 Hz). We observed RP increase in theta and alpha bands and decrease in beta band during delta and alpha BB stimulations. RP decreased in beta band during theta BB, while RP decreased in theta band during beta BB. However, no clear brainwave entrainment effect was identified. Connectivity changes were detected following the variation of RP during BB stimulations. Our observation supports the hypothesis that BBs could affect functional brain connectivity, suggesting that the mechanism of BB–brain interaction is worth further study. (PsycINFO Database Record (c) 2017 APA, all rights reserved)","https://search.ebscohost.com/login.aspx?direct=true&AuthType=ip,shib,uid&db=psyh&AN=2014-55228-020&lang=es&site=ehost-live"
"Auditory evoked responses to binaural beat illusion: stimulus generation and the derivation of the Binaural Interaction Component (BIC).","Ozdamar O; Bohorquez J; Mihajloski T; Yavuz E; Lachowska M","Annual International Conference of the IEEE Engineering in Medicine and Biology Society. IEEE Engineering in Medicine and Biology Society. Annual International Conference",="2694-0604",,="2011","2011",,"830",,"22254439","10.1109/IEMBS.2011.6090190","[IEEE]","Journal Article","Acoustic Stimulation methods; Cues; Electroencephalography methods; Evoked Potentials, Auditory physiology; Illusions physiology; Reaction Time physiology; Humans",,"Electrophysiological indices of auditory binaural beats illusions are studied using late latency evoked responses. Binaural beats are generated by continuous monaural FM tones with slightly different ascending and descending frequencies lasting about 25 ms presented at 1 sec intervals. Frequency changes are carefully adjusted to avoid any creation of abrupt waveform changes. Binaural Interaction Component (BIC) analysis is used to separate the neural responses due to binaural involvement. The results show that the transient auditory evoked responses can be obtained from the auditory illusion of binaural beats.","https://search.ebscohost.com/login.aspx?direct=true&AuthType=ip,shib,uid&db=cmedm&AN=22254439&lang=es&site=ehost-live"
"Binaural Beat Effects on Attention: A Study Based on the Oddball Paradigm.","Cepeda-Zapata LK; Corona-González CE; Alonso-Valerdi LM; Ibarra-Zarate DI","Brain topography",="1573-6792",,="2023 Sep","36","5","671",,"37490130","10.1007/s10548-023-00990-9","Kluwer Academic/Plenum Publishers","Journal Article","Evoked Potentials, Auditory physiology; Electroencephalography methods; Young Adult; Humans; Adult; Acoustic Stimulation methods; Evoked Potentials physiology; Attention",,"The impact of binaural beats (BBs) on human cognition and behavior remains and various methods have been used to measure their effect, including neurophysiological, psychometric, and human performance evaluations. The few approaches where the level of neural synchronicity and connectivity were measured by neuroimaging techniques have only been undertaken in spontaneous mode. The present research proposes an approach based on the oddball paradigm to study BB effect by estimating the level of attention induced by BBs. Evoked activity of 25 young adults between 19 and 24 years old with no hearing impairments nor clinical neurological history were analyzed. The experiment was conducted in two different sessions of 24.5 min. The first part consisted of 20-min BB stimulation in either theta (BB θ ) or beta (BB β ). After the BB stimulation, an oddball paradigm was applied in each BB condition to assess the attentional effect induced by BBs. Attention enhancement is expected for BB β with respect to BB θ . Target event related potentials (ERPs) were mainly analyzed in the time and time-frequency domains. The frequency analysis was based on continuous wavelet transform (CWT), event-related spectral perturbation (ERSP), and inter-trial phase coherence (ITPC). The study revealed that the P300 component was not significantly different between conditions (BB θ vs. BB β ). However, the target grand average ERP in BB θ condition was mainly composed of 8 Hz-frequency components, appearing before 400 ms post-stimulus, and mainly on the centro-parietal regions. In contrast, the target grand average ERP in BB β condition was mainly composed of frequency components below 6 Hz, mainly appearing at 400 ms post-stimulus on the parieto-occipital regions. Furthermore, ERPs in the BB θ condition were more phase locked than the BB β condition. © 2023. The Author(s), under exclusive licence to Springer Science+Business Media, LLC, part of Springer Nature.","https://search.ebscohost.com/login.aspx?direct=true&AuthType=ip,shib,uid&db=cmedm&AN=37490130&lang=es&site=ehost-live"
"Binaural beat technology in humans: a pilot study to assess neuropsychologic, physiologic, and electroencephalographic effects.","Wahbeh H; Calabrese C; Zwickey H; Zajdel D","Journal of alternative and complementary medicine (New York, N.Y.)",="1075-5535",,="2007 Mar","13","2","199",,"17388762","10.1089/acm.2006.6201","Mary Ann Liebert, Inc","Journal Article","Oregon; Acoustic Stimulation methods; Anxiety prevention & control; Depression prevention & control; Electroencephalography methods; Mood Disorders prevention & control; Adult; Affect; Aged; Analysis of Variance; Cross-Over Studies; Double-Blind Method; Evoked Potentials, Auditory physiology; Female; Humans; Male; Middle Aged; Oregon; Pilot Projects; Reaction Time physiology; Reference Values",,"Objectives: When two auditory stimuli of different frequency are presented to each ear, binaural beats are perceived by the listener. The binaural beat frequency is equal to the difference between the frequencies applied to each ear. Our primary objective was to assess whether steady-state entrainment of electroencephalographic activity to the binaural beat occurs when exposed to a specific binaural beat frequency as has been hypothesized. Our secondary objective was to gather preliminary data on neuropsychologic and physiologic effects of binaural beat technology. Design: A randomized, blinded, placebo-controlled crossover experiment in 4 healthy adult subjects. Intervention: Subjects were randomized to experimental auditory stimulus of 30 minutes of binaural beat at 7 Hz (carrier frequencies: 133 Hz L; 140 Hz R) with an overlay of pink noise resembling the sound of rain on one session and control stimuli of the same overlay without the binaural beat carrier frequencies on the other session. Outcome Measures: Data were collected during two separate sessions 1 week apart. Neuropsychologic and blood pressure data were collected before and after the intervention; electroencephalographic data were collected before, during, and after listening to either binaural beats or control. Neuropsychologic measures included State Trait Anxiety Inventory, Profile of Mood States, Rey Auditory Verbal List Test, Stroop Test, and Controlled Oral Word Association Test. Spectral and coherence analysis was performed on the electroencephalogram (EEG), and all measures were analyzed for changes between sessions with and without binaural beat stimuli. Results: There were no significant differences between the experimental and control conditions in any of the EEG measures. There was an increase of the Profile of Mood States depression subscale in the experimental condition relative to the control condition (p = 0.02). There was also a significant decrease in immediate verbal memory recall (p = 0.03) in the experimental condition compared to control condition. Conclusions: We did not find support for steady-state entrainment of the scalp-recorded EEG while listening to 7-Hz binaural beats. Although our data indicated increased depression and poorer immediate recall after listening to binaural beats, larger studies are needed to confirm these findings.","https://search.ebscohost.com/login.aspx?direct=true&AuthType=ip,shib,uid&db=cmedm&AN=17388762&lang=es&site=ehost-live"
"Binaural beat technology in humans: A pilot study to assess neuropsychologic, physiologic, and electroencephalographic effects.","Wahbeh, Helané; Calabrese, Carlo; Zwickey, Heather; Zajdel, Dan","The Journal of Alternative and Complementary Medicine",="10755535",,="20070301","13","2","199","8","2007-05037-003","10.1089/acm.2006.6201","Mary Ann Liebert, Inc.","Journal Article","Auditory Perception; Electroencephalography; Neuropsychology; Physiology; Technology; Anxiety; Verbal Memory; Adulthood (18 yrs & older); Middle Age (40-64 yrs); Male; Female",,"Objectives: When two auditory stimuli of different frequency are presented to each ear, binaural beats are perceived by the listener. The binaural beat frequency is equal to the difference between the frequencies applied to each ear. Our primary objective was to assess whether steady-state entrainment of electroencephalographic activity to the binaural beat occurs when exposed to a specific binaural beat frequency as has been hypothesized. Our secondary objective was to gather preliminary data on neuropsychologic and physiologic effects of binaural beat technology. Design: A randomized, blinded, placebo-controlled crossover experiment in 4 healthy adult subjects. Intervention: Subjects were randomized to experimental auditory stimulus of 30 minutes of binaural beat at 7 Hz (carrier frequencies: 133 Hz L; 140Hz R) with an overlay of pink noise resembling the sound of rain on one session and control stimuli of the same overlay without the binaural beat carrier frequencies on the other session. Outcome measures: Data were collected during two separate sessions 1 week apart. Neuropsychologic and blood pressure data were collected before and after the intervention; electroencephalographic data were collected before, during, and after listening to either binaural beats or control. Neuropsychologic measures included State Trait Anxiety Inventory, Profile of Mood States, Rey Auditory Verbal List Test, Stroop Test, and Controlled Oral Word Association Test. Spectral and coherence analysis was performed on the electroencephalogram (EEG), and all measures were analyzed for changes between sessions with and without binaural beat stimuli. Results: There were no significant differences between the experimental and control conditions in any of the EEG measures. There was an increase of the Profile of Mood States depression subscale in the experimental condition relative to the control condition (p = 0.02). There was also a significant decrease in immediate verbal memory recall (p = 0.03) in the experimental condition compared to control condition. Conclusions: We did not find support for steady-state entrainment of the scalp-recorded EEG while listening to 7-Hz binaural beats. Although our data indicated increased depression and poorer immediate recall after listening to binaural beats, larger studies are needed to confirm these findings. (PsycInfo Database Record (c) 2022 APA, all rights reserved)","https://search.ebscohost.com/login.aspx?direct=true&AuthType=ip,shib,uid&db=psyh&AN=2007-05037-003&lang=es&site=ehost-live"
"Binaural beat: A failure to enhance EEG power and emotional arousal.","López-Caballero, Fran; Escera, Carles","Frontiers in Human Neuroscience",="16625161",,="20171115","11",,,,"2017-52825-001","10.3389/fnhum.2017.00557","Frontiers Media S.A.","Journal Article","Electrical Activity; Electroencephalography; Heart Rate; Failure; Adulthood (18 yrs & older); Young Adulthood (18-29 yrs); Thirties (30-39 yrs); Male; Female",,"When two pure tones of slightly different frequencies are delivered simultaneously to the two ears, is generated a beat whose frequency corresponds to the frequency difference between them. That beat is known as acoustic beat. If these two tones are presented one to each ear, they still produce the sensation of the same beat, although no physical combination of the tones occurs outside the auditory system. This phenomenon is called binaural beat. In the present study, we explored the potential contribution of binaural beats to the enhancement of specific electroencephalographic (EEG) bands, as previous studies suggest the potential usefulness of binaural beats as a brainwave entrainment tool. Additionally, we analyzed the effects of binaural-beat stimulation on two psychophysiological measures related to emotional arousal: heart rate and skin conductance. Beats of five different frequencies (4.53 Hz -theta-, 8.97 Hz -alpha-, 17.93 Hz -beta-, 34.49 Hz -gamma- or 57.3 Hz -upper-gamma) were presented binaurally and acoustically for epochs of 3 min (Beat epochs), preceded and followed by pink noise epochs of 90 s (Baseline and Post epochs, respectively). In each of these epochs, we analyzed the EEG spectral power, as well as calculated the heart rate and skin conductance response (SCR). For all the beat frequencies used for stimulation, no significant changes between Baseline and Beat epochs were observed within the corresponding EEG bands, neither with binaural or with acoustic beats. Additional analysis of spectral EEG topographies yielded negative results for the effect of binaural beats in the scalp distribution of EEG spectral power. In the psychophysiological measures, no changes in heart rate and skin conductance were observed for any of the beat frequencies presented. Our results do not support binaural-beat stimulation as a potential tool for the enhancement of EEG oscillatory activity, nor to induce changes in emotional arousal. (PsycINFO Database Record (c) 2017 APA, all rights reserved)","https://search.ebscohost.com/login.aspx?direct=true&AuthType=ip,shib,uid&db=psyh&AN=2017-52825-001&lang=es&site=ehost-live"
"Binaural Beat: A Failure to Enhance EEG Power and Emotional Arousal.","López-Caballero F; Escera C","Frontiers in human neuroscience",="1662-5161",,="2017 Nov 15","11",,"557",,"29187819","10.3389/fnhum.2017.00557","Frontiers Research Foundation","Journal Article",,,"When two pure tones of slightly different frequencies are delivered simultaneously to the two ears, is generated a beat whose frequency corresponds to the frequency difference between them. That beat is known as acoustic beat. If these two tones are presented one to each ear, they still produce the sensation of the same beat, although no physical combination of the tones occurs outside the auditory system. This phenomenon is called binaural beat. In the present study, we explored the potential contribution of binaural beats to the enhancement of specific electroencephalographic (EEG) bands, as previous studies suggest the potential usefulness of binaural beats as a brainwave entrainment tool. Additionally, we analyzed the effects of binaural-beat stimulation on two psychophysiological measures related to emotional arousal: heart rate and skin conductance. Beats of five different frequencies (4.53 Hz -theta-, 8.97 Hz -alpha-, 17.93 Hz -beta-, 34.49 Hz -gamma- or 57.3 Hz -upper-gamma) were presented binaurally and acoustically for epochs of 3 min (Beat epochs), preceded and followed by pink noise epochs of 90 s (Baseline and Post epochs, respectively). In each of these epochs, we analyzed the EEG spectral power, as well as calculated the heart rate and skin conductance response (SCR). For all the beat frequencies used for stimulation, no significant changes between Baseline and Beat epochs were observed within the corresponding EEG bands, neither with binaural or with acoustic beats. Additional analysis of spectral EEG topographies yielded negative results for the effect of binaural beats in the scalp distribution of EEG spectral power. In the psychophysiological measures, no changes in heart rate and skin conductance were observed for any of the beat frequencies presented. Our results do not support binaural-beat stimulation as a potential tool for the enhancement of EEG oscillatory activity, nor to induce changes in emotional arousal.","https://search.ebscohost.com/login.aspx?direct=true&AuthType=ip,shib,uid&db=cmedm&AN=29187819&lang=es&site=ehost-live"
"Binaural beats increase interhemispheric alpha-band coherence between auditory cortices.","Solcà, Marco; Mottaz, Anaïs; Guggisberg, Adrian G.","Hearing Research",="03785955",,="20160201","332",,"233","5","2016-10004-025","10.1016/j.heares.2015.09.011","Elsevier Science","Journal Article","Alpha Rhythm; Electroencephalography; Brain Connectivity; Synchrony; Lateral Dominance; Adulthood (18 yrs & older); Young Adulthood (18-29 yrs); Thirties (30-39 yrs); Male; Female",,"Binaural beats (BBs) are an auditory illusion occurring when two tones of slightly different frequency are presented separately to each ear. BBs have been suggested to alter physiological and cognitive processes through synchronization of the brain hemispheres. To test this, we recorded electroencephalograms (EEG) at rest and while participants listened to BBs or a monaural control condition during which both tones were presented to both ears. We calculated for each condition the interhemispheric coherence, which expressed the synchrony between neural oscillations of both hemispheres. Compared to monaural beats and resting state, BBs enhanced interhemispheric coherence between the auditory cortices. Beat frequencies in the alpha (10 Hz) and theta (4 Hz) frequency range both increased interhemispheric coherence selectively at alpha frequencies. In a second experiment, we evaluated whether this coherence increase has a behavioral aftereffect on binaural listening. No effects were observed in a dichotic digit task performed immediately after BBs presentation. Our results suggest that BBs enhance alpha-band oscillation synchrony between the auditory cortices during auditory stimulation. This effect seems to reflect binaural integration rather than entrainment. (PsycINFO Database Record (c) 2017 APA, all rights reserved)","https://search.ebscohost.com/login.aspx?direct=true&AuthType=ip,shib,uid&db=psyh&AN=2016-10004-025&lang=es&site=ehost-live"
"Binaural beats increase interhemispheric alpha-band coherence between auditory cortices.","Solcà M; Mottaz A; Guggisberg AG","Hearing research",="1878-5891",,="2016 Feb","332",,"233",,"26541421","10.1016/j.heares.2015.09.011","Elsevier/North-Holland Biomedical Press","Journal Article","Alpha Rhythm; Auditory Cortex physiology; Cerebrum physiology; Cortical Synchronization; Evoked Potentials, Auditory; Hallucinations; Acoustic Stimulation; Adult; Auditory Pathways physiology; Brain Mapping methods; Case-Control Studies; Cognition; Electroencephalography; Female; Humans; Male; Neuropsychological Tests; Time Factors",,"Binaural beats (BBs) are an auditory illusion occurring when two tones of slightly different frequency are presented separately to each ear. BBs have been suggested to alter physiological and cognitive processes through synchronization of the brain hemispheres. To test this, we recorded electroencephalograms (EEG) at rest and while participants listened to BBs or a monaural control condition during which both tones were presented to both ears. We calculated for each condition the interhemispheric coherence, which expressed the synchrony between neural oscillations of both hemispheres. Compared to monaural beats and resting state, BBs enhanced interhemispheric coherence between the auditory cortices. Beat frequencies in the alpha (10 Hz) and theta (4 Hz) frequency range both increased interhemispheric coherence selectively at alpha frequencies. In a second experiment, we evaluated whether this coherence increase has a behavioral aftereffect on binaural listening. No effects were observed in a dichotic digit task performed immediately after BBs presentation. Our results suggest that BBs enhance alpha-band oscillation synchrony between the auditory cortices during auditory stimulation. This effect seems to reflect binaural integration rather than entrainment. Copyright © 2015 Elsevier B.V. All rights reserved.","https://search.ebscohost.com/login.aspx?direct=true&AuthType=ip,shib,uid&db=cmedm&AN=26541421&lang=es&site=ehost-live"
"Binaural Beats through the Auditory Pathway: From Brainstem to Connectivity Patterns.","Orozco Perez HD; Dumas G; Lehmann A","ENeuro",="2373-2822",,="2020 Mar 19","7","2",,,"32066611","10.1523/ENEURO.0232-19.2020","Society for Neuroscience","Journal Article","Auditory Cortex; Auditory Pathways; Acoustic Stimulation; Brain Stem; Electroencephalography; Humans; Single-Blind Method",,"Binaural beating is a perceptual auditory illusion occurring when presenting two neighboring frequencies to each ear separately. Several controversial claims have been attributed to binaural beats regarding their ability to entrain human brain activity and mood, in both the scientific literature and the marketing realm. Here, we sought to address those questions in a robust fashion using a single-blind, active-controlled protocol. To do so, we compared the effects of binaural beats with a control beat stimulation (monaural beats, known to entrain brain activity but not mood) across four distinct levels in the human auditory pathway: subcortical and cortical entrainment, scalp-level functional connectivity and self-reports. Both stimuli elicited standard subcortical responses at the pure tone frequencies of the stimulus [i.e., frequency following response (FFR)], and entrained the cortex at the beat frequency [i.e., auditory steady state response (ASSR)]. Furthermore, functional connectivity patterns were modulated differentially by both kinds of stimuli, with binaural beats being the only one eliciting cross-frequency activity. Despite this, we did not find any mood modulation related to our experimental manipulation. Our results provide evidence that binaural beats elicit cross frequency connectivity patterns, but weakly entrain the cortex when compared with monaural beat stimuli. Whether binaural beats have an impact on cognitive performance or other mood measurements remains to be seen and can be further investigated within the proposed methodological framework. Copyright © 2020 OrozcoPerez et al.","https://search.ebscohost.com/login.aspx?direct=true&AuthType=ip,shib,uid&db=cmedm&AN=32066611&lang=es&site=ehost-live"
"Binaural beats to entrain the brain? A systematic review of the effects of binaural beat stimulation on brain oscillatory activity, and the implications for psychological research and intervention.","Ingendoh RM; Posny ES; Heine A","PloS one",="1932-6203",,="2023 May 19","18","5","e0286023",,"37205669","10.1371/journal.pone.0286023","Public Library of Science","Systematic Review","Auditory Cortex physiology; Brain Waves; Humans; Acoustic Stimulation methods; Brain",,"Binaural beats are an auditory phenomenon that occurs when two tones of different frequencies, which are presented separately to each ear, elicit the sensation of a third tone oscillating at the difference frequency of the two tones. Binaural beats can be perceived in the frequency range of about 1-30 Hz, a range that coincides with the main human EEG frequency bands. The brainwave entrainment hypothesis, which assumes that external stimulation at a certain frequency leads to the brain's electrocortical activity oscillating at the same frequency, provides the basis for research on the effects of binaural beat stimulation on cognitive and affective states. Studies, particularly in more applied fields, usually refer to neuroscientific research demonstrating that binaural beats elicit systematic changes in EEG parameters. At first glance, however, the available literature on brainwave entrainment effects due to binaural beat stimulation appears to be inconclusive at best. The aim of the present systematic review is, thus, to synthesize existing empirical research. A sample of fourteen published studies met our criteria for inclusion. The results corroborate the impression of an overall inconsistency of empirical outcomes, with five studies reporting results in line with the brainwave entrainment hypothesis, eight studies reporting contradictory, and one mixed results. What is to be noticed is that the fourteen studies included in this review were very heterogeneous regarding the implementation of the binaural beats, the experimental designs, and the EEG parameters and analyses. The methodological heterogeneity in this field of study ultimately limits the comparability of research outcomes. The results of the present systematic review emphasize the need for standardization in study approaches so as to allow for reliable insight into brainwave entrainment effects in the future. Competing Interests: The authors have declared that no competing interests exist. Copyright: © 2023 Ingendoh et al. This is an open access article distributed under the terms of the Creative Commons Attribution License, which permits unrestricted use, distribution, and reproduction in any medium, provided the original author and source are credited.","https://search.ebscohost.com/login.aspx?direct=true&AuthType=ip,shib,uid&db=cmedm&AN=37205669&lang=es&site=ehost-live"
"Binaural beats to entrain the brain? A systematic review of the effects of binaural beat stimulation on brain oscillatory activity, and the implications for psychological research and intervention.","Ingendoh, Ruth Maria; Posny, Ella S.; Heine, Angela","PLoS ONE",="19326203",,="20230519","18","5",,,"2023-76389-001","10.1371/journal.pone.0286023","Public Library of Science","Journal Article","Brain Stimulation; Electroencephalography; Electrophysiology; Intervention; Stimulation; Oscillatory Network",,"Binaural beats are an auditory phenomenon that occurs when two tones of different frequencies, which are presented separately to each ear, elicit the sensation of a third tone oscillating at the difference frequency of the two tones. Binaural beats can be perceived in the frequency range of about 1–30 Hz, a range that coincides with the main human EEG frequency bands. The brainwave entrainment hypothesis, which assumes that external stimulation at a certain frequency leads to the brain’s electrocortical activity oscillating at the same frequency, provides the basis for research on the effects of binaural beat stimulation on cognitive and affective states. Studies, particularly in more applied fields, usually refer to neuroscientific research demonstrating that binaural beats elicit systematic changes in EEG parameters. At first glance, however, the available literature on brainwave entrainment effects due to binaural beat stimulation appears to be inconclusive at best. The aim of the present systematic review is, thus, to synthesize existing empirical research. A sample of fourteen published studies met our criteria for inclusion. The results corroborate the impression of an overall inconsistency of empirical outcomes, with five studies reporting results in line with the brainwave entrainment hypothesis, eight studies reporting contradictory, and one mixed results. What is to be noticed is that the fourteen studies included in this review were very heterogeneous regarding the implementation of the binaural beats, the experimental designs, and the EEG parameters and analyses. The methodological heterogeneity in this field of study ultimately limits the comparability of research outcomes. The results of the present systematic review emphasize the need for standardization in study approaches so as to allow for reliable insight into brainwave entrainment effects in the future. (PsycInfo Database Record (c) 2024 APA, all rights reserved)","https://search.ebscohost.com/login.aspx?direct=true&AuthType=ip,shib,uid&db=psyh&AN=2023-76389-001&lang=es&site=ehost-live"
"Brain wave modulation and EEG power changes during auditory beats stimulation.","Dos Anjos T; Di Rienzo F; Benoit CE; Daligault S; Guillot A","Neuroscience",="1873-7544",,="2024 Aug 30","554",,"156",,"39004412","10.1016/j.neuroscience.2024.07.014","Elsevier Science","Journal Article","Acoustic Stimulation methods; Electroencephalography methods; Auditory Perception physiology; Humans; Male; Female; Young Adult; Adult; Brain physiology; Brain Waves physiology; Evoked Potentials, Auditory physiology; Gamma Rhythm physiology",,"Auditory beats stimulation (ABS) has received increased attention for its potential to modulate neural oscillations through a phenomenon described as brain entrainment (i.e synchronization of brain's electrocortical activity to external stimuli at a specific frequency). Recently, a new form of ABS has emerged, inspired by isochronic tones stimulation (IT d ). This study investigated neural oscillatory responses induced by IT d in comparison with formerly well-established ABS protocols, such as gamma-binaural beats (BB) and white noise (WN). We recorded the electroencephalographic brain activity in 28 participants during 4 min of BB, IT d , and WN presentation. Data demonstrated that while both BB and WN enhanced oscillatory power on the EEG gamma band, consistently with the expected brain entrainment effect, IT d yielded greater changes in EEG power (p < 0.001). This was confirmed by time-based analysis, which showed a progressive increase in normalized EEG power within the IT d window compared to BB (p < 0.05). Findings also revealed that IT d elicited acute changes in the alpha band of EEG oscillations, through a progressive decrease in power over time, which was distinctly different from the pattern observed while listening BB and WN. Such dual alpha-gamma effects underline the promising and unique potential of IT d to modulate neural oscillations which selectively differ from BB and WN. This study contributes to the evolution of ABS research, highlighting the promise of IT d for cognitive enhancement and clinical applications. Competing Interests: Declaration of competing interest The authors declare that they have no known competing financial interests or personal relationships that could have appeared to influence the work reported in this paper. Copyright © 2024 IBRO. Published by Elsevier Inc. All rights reserved.","https://search.ebscohost.com/login.aspx?direct=true&AuthType=ip,shib,uid&db=cmedm&AN=39004412&lang=es&site=ehost-live"
"Effect of binaural beat in the inaudible band on EEG (STROBE).","Choi MH; Jung JJ; Kim KB; Kim YJ; Lee JH; Kim HS; Yi JH; Kang OR; Kang YT; Chung SC","Medicine",="1536-5964",,="2022 Jul 01","101","26","e29819",,"35777013","10.1097/MD.0000000000029819","Lippincott Williams & Wilkins","Journal Article","Brain Waves physiology; Acoustic Stimulation; Adult; Auditory Perception physiology; Brain physiology; Ear; Female; Humans; Male; Young Adult",,"This study aimed to determine the effects of the binaural beat (BB) on brainwave induction using an inaudible baseline frequency outside the audible frequency range. Experiments were conducted on 18 subjects (11 males [mean age: 25.7 ± 1.6 years] and 7 females [mean age: 24.0 ± 0.6 years]). A BB stimulation of 10 Hz was exerted by presenting frequencies of 18,000 Hz and 18,010 Hz to the left and right ears, respectively. A power spectrum analysis was performed to estimate the mean of the absolute power of the alpha frequency range (8-13 Hz). The variation in the mean alpha power during the rest and stimulation phases in each brain area was compared using the Wilcoxon signed-rank test. Compared to the rest phase, the stimulation phase with BB showed an increasing trend in the mean alpha power across all 5 brain areas. Notably, a significant increase was found in the frontal, central, and temporal areas. This is a significant study in that it determines the effects of only BB without the influence of auditory perception, which has been overlooked in previous studies. Competing Interests: The authors have no conflicts of interest to disclose. Copyright © 2022 the Author(s). Published by Wolters Kluwer Health, Inc.","https://search.ebscohost.com/login.aspx?direct=true&AuthType=ip,shib,uid&db=cmedm&AN=35777013&lang=es&site=ehost-live"
"Effects of auditory binaural beats on consciousness and the human nervous system: A transdisciplinary review of the evidence.","Krasnoff, Elizabeth W.","Dissertation Abstracts International: Section B: The Sciences and Engineering",="04194217",="9798738649387",="20210101","82","12-B",,,"2021-65616-075",,"ProQuest Information & Learning","Dissertation","Auditory Stimulation; Autonomic Nervous System; Nervous System; Vibration; Neurosciences; Pitch (Frequency)",,"This dissertation aims to offer a transdisciplinary synthesis of peer-reviewed research on the effects of auditory binaural beats (BB) on patterns of the brain activity and the autonomic nervous system. BB create an auditory illusion when two different sound frequencies are heard simultaneously and separately in the left and right ears. The result is the illusion of a third 'difference' tone at a pitch that matches the difference between the two original frequencies. This difference tone affects brain activity, influencing a person's state of consciousness, which is measurable in EEG rhythms. The present transdisciplinary overview of BB research, especially for professionals working with sound for healing, summarizes the progress of BB investigations in the disciplines of health, neuroscience and psychology, providing a broad perspective of the state of BB research and applications. Reviewed here are investigations of brainwave states, methods of measurement, and experimental protocols for BB. Recommendations for future research on BB are suggested. (PsycInfo Database Record (c) 2021 APA, all rights reserved)","https://search.ebscohost.com/login.aspx?direct=true&AuthType=ip,shib,uid&db=psyh&AN=2021-65616-075&lang=es&site=ehost-live"
"Effects of binaural and monaural beat stimulation on attention and EEG.","Engelbregt H; Barmentlo M; Keeser D; Pogarell O; Deijen JB","Experimental brain research",="1432-1106",,="2021 Sep","239","9","2781",,"34245340","10.1007/s00221-021-06155-z","Springer Verlag","Journal Article","Brain Waves; Electroencephalography; Acoustic Stimulation; Attention; Auditory Perception; Female; Humans; Male",,"Nowadays a popular technique to improve mood and cognition is auditory beat stimulation (ABS), which is thought to induce a frequency-following response of brainwaves. The main types of ABS are monaural beats (MB) and binaural beats (BB). BB involves the presentation of a specific frequency to one ear and another frequency to the other ear which may induce neural entrainment. A difference between the frequencies of 40 Hz is assumed to improve cognition. The present study examined the effect of 40 Hz binaural beats (BB) and monaural beats (MB) on attention and electroencephalography (EEG). A total of 25 first-year psychology students (11 males, 14 females) performed a Flanker task while EEG was recorded during the 5 min-presentation of pink noise (PN), MB and BB. With respect to attention, as measured by the Flanker task, the number of false responses in the BB condition was smaller than that in the PN condition while the number of false responses in the MB condition was larger as compared to the PN condition. As there was no association of BB with a consistent increase in absolute 40 or 45 Hz power compared to PN or MB, EEG recordings could not confirm the hypothesized neural entrainment in the brain. Overall, the current findings show that listening to 40 Hz BB improves attention but do not show the occurrence of neural entrainment. Future research is recommended to include a larger sample, to use a broader cognitive test battery and to present auditory beats with a longer duration. © 2021. The Author(s).","https://search.ebscohost.com/login.aspx?direct=true&AuthType=ip,shib,uid&db=cmedm&AN=34245340&lang=es&site=ehost-live"
"Effects of binaural and monaural beat stimulation on attention and EEG.","Engelbregt, Hessel; Barmentlo, Marinda; Keeser, Daniel; Pogarell, Oliver; Deijen, Jan Berend","Experimental Brain Research",="00144819",,="20210901","239","9","2781","11","2021-63725-001","10.1007/s00221-021-06155-z","Springer","Journal Article","Auditory Stimulation; Ear (Anatomy); Electroencephalography; Responses; Stimulation; Cognitive Assessment; College Students; Psychology Education; Adulthood (18 yrs & older); Young Adulthood (18-29 yrs); Male; Female",,"Nowadays a popular technique to improve mood and cognition is auditory beat stimulation (ABS), which is thought to induce a frequency-following response of brainwaves. The main types of ABS are monaural beats (MB) and binaural beats (BB). BB involves the presentation of a specific frequency to one ear and another frequency to the other ear which may induce neural entrainment. A difference between the frequencies of 40 Hz is assumed to improve cognition. The present study examined the effect of 40 Hz binaural beats (BB) and monaural beats (MB) on attention and electroencephalography (EEG). A total of 25 first-year psychology students (11 males, 14 females) performed a Flanker task while EEG was recorded during the 5 min-presentation of pink noise (PN), MB and BB. With respect to attention, as measured by the Flanker task, the number of false responses in the BB condition was smaller than that in the PN condition while the number of false responses in the MB condition was larger as compared to the PN condition. As there was no association of BB with a consistent increase in absolute 40 or 45 Hz power compared to PN or MB, EEG recordings could not confirm the hypothesized neural entrainment in the brain. Overall, the current findings show that listening to 40 Hz BB improves attention but do not show the occurrence of neural entrainment. Future research is recommended to include a larger sample, to use a broader cognitive test battery and to present auditory beats with a longer duration. (PsycInfo Database Record (c) 2021 APA, all rights reserved)","https://search.ebscohost.com/login.aspx?direct=true&AuthType=ip,shib,uid&db=psyh&AN=2021-63725-001&lang=es&site=ehost-live"
"Effects of Binaural Beat Stimulation in Adults with Stuttering.","Chernetchenko D; Prasolov P; Aganov S; Voropai A; Polishchuk Y; Lituiev D; Nayshtetik E","Brain sciences",="2076-3425",,="2023 Feb 11","13","2",,,"36831852","10.3390/brainsci13020309","MDPI","Journal Article",,,"In recent decades, several studies have demonstrated a link between stuttering and abnormal electroencephalographic (EEG) β-power in cortex. Effects of exposure to binaural stimuli were studied in adults with stuttering (AWS, n = 6) and fluent participants ( n = 6) using EEG, ECG, and speech analysis. During standard reading tasks without stimulation, in controls but not in the AWS group, EEG β-power was significantly higher in the left hemisphere than in the right hemisphere. After stimulation, the power of the β-band in AWS participants in the left hemisphere increased 1.54-fold. The average β-band power within the left frontotemporal area and temporoparietal junction of the cortex after stimulation in AWS participants shows an increase by 1.65-fold and 1.72-fold, respectively. The rate of disfluency dropped significantly immediately after stimulation (median 74.70% of the baseline). Similarly, the speech rate significantly increased immediately after stimulation (median 133.15%). We show for the first time that auditory binaural beat stimulation can improve speech fluency in AWS, and its effect is proportional to boost in EEG β-band power in left frontotemporal and temporoparietal junction of cortex. Changes in β-power were detected immediately after exposure and persisted for 10 min. Additionally, these effects were accompanied by a reduction in stress levels.","https://search.ebscohost.com/login.aspx?direct=true&AuthType=ip,shib,uid&db=cmedm&AN=36831852&lang=es&site=ehost-live"
"Effects of inaudible binaural beats on visuospatial memory.","Kim, Ye-Jin; Kim, Kyu-Beom; Kim, Ji-Su; Kim, Hyung-Sik; Choi, Mi-Hyun; Yi, Jeong-Han; Chung, Soon-Cheol","NeuroReport: For Rapid Communication of Neuroscience Research",="09594965",,="20230607","34","10","501","5","2023-80136-002","10.1097/WNR.0000000000001916","Lippincott Williams & Wilkins","Journal Article","Alpha Rhythm; Auditory Stimulation; Brain Stimulation; Electroencephalography; Reaction Time; Visuospatial Memory; Adulthood (18 yrs & older); Male; Female",,"Objectives: Binaural beats are auditory beat stimulation that produces sounds and induces a specific state of brain wave based on the difference in the frequency of stimulation. This study aimed to investigate the effects of inaudible binaural beats on visuospatial memory at 18 000 Hz reference and 10 Hz difference frequencies. Methods: Eighteen adult subjects in their twenties were enrolled, including 12 males (mean age: 23.8 ± 1.2) and 6 females (mean age: 22.8 ± 0.8). An auditory stimulator providing 10 Hz binaural beats stimulation via 18 000 Hz to the left and 18 010 Hz to the right ears was used. The experiment consisted of two 5-min phases, including a rest phase and a task phase involving task performance without (Task-only) and with binaural beats stimulation (Task+BB). A 3-back task was used to measure visuospatial memory. Cognitive ability measured by task performance (accuracy and reaction time) with and without binaural beats, as well as variations in alpha power across different brain domains, were compared using paired t-tests. Results: Compared to the Task-only condition, the Task+BB condition had significantly higher accuracy and significantly shorter reaction time. The electroencephalogram analysis showed that the reduction level in alpha power for the task performance under the Task+BB condition was significantly lower in all brain areas except the frontal, compared to that under the Task-only condition. Conclusion: The significance of this study lies in having verified the independent effects of binaural beats stimulation without any auditory influence, based on visuospatial memory. 202379775 (PsycInfo Database Record (c) 2023 APA, all rights reserved)","https://search.ebscohost.com/login.aspx?direct=true&AuthType=ip,shib,uid&db=psyh&AN=2023-80136-002&lang=es&site=ehost-live"
"Effects of inaudible binaural beats on visuospatial memory.","Kim YJ; Kim KB; Kim JS; Kim HS; Choi MH; Yi JH; Chung SC","Neuroreport",="1473-558X",,="2023 Jun 07","34","10","501",,"37270841","10.1097/WNR.0000000000001916","Lippincott Williams & Wilkins","Journal Article","Electroencephalography; Brain Waves; Adult; Male; Female; Humans; Young Adult; Acoustic Stimulation; Brain physiology; Reaction Time physiology",,"Objectives: Binaural beats are auditory beat stimulation that produces sounds and induces a specific state of brain wave based on the difference in the frequency of stimulation. This study aimed to investigate the effects of inaudible binaural beats on visuospatial memory at 18 000 Hz reference and 10 Hz difference frequencies. Methods: Eighteen adult subjects in their twenties were enrolled, including 12 males (mean age: 23.8 ± 1.2) and 6 females (mean age: 22.8 ± 0.8). An auditory stimulator providing 10 Hz binaural beats stimulation via 18 000 Hz to the left and 18 010 Hz to the right ears was used. The experiment consisted of two 5-min phases, including a rest phase and a task phase involving task performance without (Task-only) and with binaural beats stimulation (Task+BB). A 3-back task was used to measure visuospatial memory. Cognitive ability measured by task performance (accuracy and reaction time) with and without binaural beats, as well as variations in alpha power across different brain domains, were compared using paired t-tests. Results: Compared to the Task-only condition, the Task+BB condition had significantly higher accuracy and significantly shorter reaction time. The electroencephalogram analysis showed that the reduction level in alpha power for the task performance under the Task+BB condition was significantly lower in all brain areas except the frontal, compared to that under the Task-only condition. Conclusion: The significance of this study lies in having verified the independent effects of binaural beats stimulation without any auditory influence, based on visuospatial memory. Copyright © 2023 Wolters Kluwer Health, Inc. All rights reserved.","https://search.ebscohost.com/login.aspx?direct=true&AuthType=ip,shib,uid&db=cmedm&AN=37270841&lang=es&site=ehost-live"
"Electrical brain responses to an auditory illusion and the impact of musical expertise.","Ioannou, Christos I.; Pereda, Ernesto; Lindsen, Job P.; Bhattacharya, Joydeep","PLoS ONE",="19326203",,="20150612","10","6",,,"2015-27955-001","10.1371/journal.pone.0129486","Public Library of Science","Journal Article","Brain; Electrical Activity; Experience Level; Illusions (Perception); Music Perception; Electroencephalography; Musicians; Adulthood (18 yrs & older); Male; Female",,"The presentation of two sinusoidal tones, one to each ear, with a slight frequency mismatch yields an auditory illusion of a beating frequency equal to the frequency difference between the two tones; this is known as binaural beat (BB). The effect of brief BB stimulation on scalp EEG is not conclusively demonstrated. Further, no studies have examined the impact of musical training associated with BB stimulation, yet musicians' brains are often associated with enhanced auditory processing. In this study, we analysed EEG brain responses from two groups, musicians and non-musicians, when stimulated by short presentation (1 min) of binaural beats with beat frequency varying from 1 Hz to 48 Hz. We focused our analysis on alpha and gamma band EEG signals, and they were analysed in terms of spectral power, and functional connectivity as measured by two phase synchrony based measures, phase locking value and phase lag index. Finally, these measures were used to characterize the degree of centrality, segregation and integration of the functional brain network. We found that beat frequencies belonging to alpha band produced the most significant steady-state responses across groups. Further, processing of low frequency (delta, theta, alpha) binaural beats had significant impact on cortical network patterns in the alpha band oscillations. Altogether these results provide a neurophysiological account of cortical responses to BB stimulation at varying frequencies, and demonstrate a modulation of cortico- cortical connectivity in musicians' brains, and further suggest a kind of neuronal entrainment of a linear and nonlinear relationship to the beating frequencies. (PsycInfo Database Record (c) 2020 APA, all rights reserved)","https://search.ebscohost.com/login.aspx?direct=true&AuthType=ip,shib,uid&db=psyh&AN=2015-27955-001&lang=es&site=ehost-live"
"Electrophysiological measurement of binaural beats: effects of primary tone frequency and observer age.","Grose JH; Mamo SK","Ear and hearing",="1538-4667",,="2012 Mar-Apr","33","2","187",,"21926628","10.1097/AUD.0b013e318230bbbd","Williams And Wilkins","Clinical Trial","Aging physiology; Auditory Perceptual Disorders diagnosis; Electroencephalography standards; Evoked Potentials, Auditory; Pitch Perception physiology; Time Perception physiology; Acoustic Stimulation methods; Acoustic Stimulation standards; Adult; Aged; Artifacts; Auditory Cortex physiology; Auditory Perceptual Disorders physiopathology; Dichotic Listening Tests methods; Dichotic Listening Tests standards; Electroencephalography methods; Female; Humans; Male; Middle Aged; Reproducibility of Results; Sensitivity and Specificity; Signal-To-Noise Ratio; Young Adult",,"Objective: The purpose of this study was to determine the reliability of the electrophysiological binaural beat steady state response as a gauge of temporal fine structure coding, particularly as it relates to the aging auditory system. The hypothesis was that the response would be more robust in a lower, than in a higher, frequency region and in younger, than in older, adults. Design: Two experiments were undertaken. The first measured the 40 Hz binaural beat steady state response elicited by tone pairs in two frequency regions: lower (390 and 430 Hz tone pair) and higher (810 and 850 Hz tone pair). Frequency following responses (FFRs) evoked by the tones were also recorded. Ten young adults with normal hearing participated. The second experiment measured the binaural beat and FFRs in older adults but only in the lower frequency region. Fourteen older adults with relatively normal hearing participated. Response metrics in both experiments included response component signal-to-noise ratio (F statistic) and magnitude-squared coherence. Results: Experiment 1 showed that FFRs were elicited in both frequency regions but were more robust in the lower frequency region. Binaural beat responses elicited by the lower frequency pair of tones showed greater amplitude fluctuation within a participant than the respective FFRs. Experiment 2 showed that older adults exhibited similar FFRs to younger adults, but proportionally fewer older participants showed binaural beat responses. Age differences in onset responses were also observed. Conclusions: The lower prevalence of the binaural beat response in older adults, despite the presence of FFRs, provides tentative support for the sensitivity of this measure to age-related deficits in temporal processing. However, the lability of the binaural beat response advocates caution in its use as an objective measure of fine structure coding.","https://search.ebscohost.com/login.aspx?direct=true&AuthType=ip,shib,uid&db=cmedm&AN=21926628&lang=es&site=ehost-live"
"Event-related potentials to single-cycle binaural beats and diotic amplitude modulation of a tone.","Ungan, Pekcan; Yagcioglu, Suha; Ayik, Ece","Experimental Brain Research",="00144819",,="20190801","237","8","1931","15","2019-41577-002","10.1007/s00221-019-05562-7","Springer","Journal Article","Electroencephalography; Evoked Potentials; Masking; Responses; Stimulation; Ear (Anatomy); Subliminal Perception; Subliminal Stimulation; Adulthood (18 yrs & older); Young Adulthood (18-29 yrs); Male; Female",,"When two tones with slightly different frequencies are dichotically presented, binaural beats (BBs) are experienced. BBs resulting from the cycling change in interaural phase difference elicit electroencephalographic responses. Because they repeat at short periods, allowing poor recovery of the cortical responses, these steady-state responses have small amplitudes, and their various wave components intermingle and might mask each other. Using single-cycle BBs separated by relatively long inter-onset intervals would be a solution, but introducing a transient interaural frequency shift requires response subtraction which may not be acceptable for non-additive brain responses. The proposed stimulation method employs transient and monaurally subthreshold frequency shifts in opposite directions in the two ears to produce single-cycle BBs of a 250 Hz tone. These shifts are perceived as distinct BBs when presented dichotically, but remain subthreshold when presented monotically. Therefore, no frequency-shift response is elicited, and the specific BB response is obtained with no need for waveform subtraction. We recorded from 19 normal hearing participants the event-related potentials (ERPs) to single-cycle BBs and also to temporary diotic amplitude modulation (AM) with matched perceptual salience. The ERPs to single-cycle BBs presented at 2 s inter-onset intervals had N1-P2 responses with up to seven times larger amplitudes than the conventional steady-state BB responses in the literature. Significant differences were found between the scalp potential distributions of the N1 responses to BB and AM stimuli, suggesting that the cortical sites, where envelope-based level processing and temporal fine structure-based spatial processing of the stimulus take place, are not totally overlapped. (PsycINFO Database Record (c) 2019 APA, all rights reserved)","https://search.ebscohost.com/login.aspx?direct=true&AuthType=ip,shib,uid&db=psyh&AN=2019-41577-002&lang=es&site=ehost-live"
"Exploratory study of the effect of binaural beat stimulation on the EEG activity pattern in resting state using artificial neural networks.","da Silva Junior, Maurício; de Freitas, Rafaela Covello; dos Santos, Wellington Pinheiro; da Silva, Washington Wagner Azevedo; Rodrigues, Marcelo Cairrão Araújo; Conde, Erick Francisco Quintas","Cognitive Systems Research",="22144366",,="20190501","54",,"1","20","2019-02723-002","10.1016/j.cogsys.2018.11.002","Elsevier Science","Journal Article","Anxiety; Auditory Stimulation; Electroencephalography; Physiological Correlates; Artificial Neural Networks; Machine Learning; Adulthood (18 yrs & older); Young Adulthood (18-29 yrs); Thirties (30-39 yrs); Male; Female",,"Anxiety disorders afflict almost 7.3 percent of the world’s population. One in 14 people will experience anxiety disorder at the given year. When associated with mood disorders, anxiety can also trigger or increase other diseases’ symptoms and effects, like depression and suicidal behavior. Binaural beats are a low-frequency type of acoustic stimulation perceived when the individual is subjected to two slightly different wave frequencies, from 200 to 900 Hz. Binaural beats can contribute to anxiety reduction and modification of other psychological conditions and states, modifying cognitive processes and mood states. In this work, we applied a 5 Hz binaural beat to 6 different subjects, to detect a relevant change in their brainwaves before and after the stimuli. We applied 20 min stimuli in 10 separated sessions. We assessed the differences using a Multi-Layer Perceptron classifier in comparison with non-parametric tests and Low-Resolution Brain Electromagnetic Tomography (eLORETA). eLORETA showed remarkable changes in High Alpha. Both eLORETA and MLP approaches revealed outstanding modifications in high Beta. MLP evinced significant changes in Theta brainwaves. Our study evidenced high Alpha modulation at the limbic lobe, implicating in a possible reduction of sympathetic system activation in the studied sample. Our main results on eLORETA suggest a strong increase in the current distribution, mostly in Alpha 2, at the Anterior Cingulate, which is related to the monitoring of mistakes regarding social conduct, recognition and expression of emotions. We also found that MLPs are able of evincing the main differences with high separability in Delta and Theta. (PsycINFO Database Record (c) 2019 APA, all rights reserved)","https://search.ebscohost.com/login.aspx?direct=true&AuthType=ip,shib,uid&db=psyh&AN=2019-02723-002&lang=es&site=ehost-live"
"First Longitudinal Study Using Binaural Beats on Parkinson Disease.","González D; Bruña R; Martínez-Castrillo JC; López JM; de Arcas G","International journal of neural systems",="1793-6462",,="2023 May","33","6","2350027",,"37085963","10.1142/S0129065723500272","World Scientific Pub. Co","Journal Article","Parkinson Disease diagnosis; Humans; Infant, Newborn; Longitudinal Studies; Quality of Life; Electroencephalography methods; Auditory Perception",,"This paper describes a longitudinal study to analyze the effects of acoustic stimulation with Binaural Beats (BBs) at 14[Formula: see text]Hz (beta band) in patients with Parkinson's Disease (PD). Participants ([Formula: see text], age [Formula: see text], stage [Formula: see text] Hoehn and Yahr scale) listened to binaural stimulation for 10[Formula: see text]min a day, 3 days a week, during six months and were assessed 3 times during this period using electroencephalography (EEG), cognitive (PD-CRS), quality of life (PDQ-39) and wearing-off (WOQ-19) tests. During each assessment (basal, and after 3 and 6 months), the relative power in theta band was analyzed before, during and after the stimulation. Focusing the analysis on the motor cortex, the results obtained have confirmed the initial hypothesis for the first session, but they have shown a habituation effect which decreases its efficiency with time. Also, different reactions have been detected among individuals, with some reacting as expected from the beginning, while others would react in an opposite way at the beginning but they have shown afterwards a tendency towards the expected outcome. Anyhow, the relative power of the theta band was reduced between the first and the last session for more than half of the participants, although with very different values. Subtle changes have also been observed in some items of the PD-CRS, PDQ-39 and WOQ-19 tests.","https://search.ebscohost.com/login.aspx?direct=true&AuthType=ip,shib,uid&db=cmedm&AN=37085963&lang=es&site=ehost-live"
"Frequency-following response effect according to gender using a 10-Hz binaural beat stimulation.","Kim KB; Jung JJ; Lee JH; Kim YJ; Kim JS; Choi MH; Kim HS; Yi JH; Min BC; Chung SC","Technology and health care : official journal of the European Society for Engineering and Medicine",="1878-7401",,="2023","31","S1","3",,"37038776","10.3233/THC-236001","IOS Press","Journal Article","Evoked Potentials, Auditory physiology; Electroencephalography methods; Adult; Humans; Male; Female; Acoustic Stimulation methods; Brain physiology; Head",,"Background: Several studies have continuously investigated FFRs using binaural beat (BB) stimulations and their related effects. However, only a few studies have investigated the differences in BB stimulation effects according to basic demographic characteristics, such as gender and age. Objective: This study aimed to determine the alpha wave activity after a 10-Hz BB stimulation and subsequently identify differences according to gender across all brain areas (frontal, central, parietal, temporal, and occipital areas). Methods: A total of 23 healthy adults (11 male and 12 female), aged 20-29, participated in the study. For the 10-Hz BB stimulation, pure tone auditory stimuli of 250 and 260 Hz were given to the left and right ear, respectively. Through a power spectrum analysis of the phase-excluding BBs (non-BBs) and phase-including 10-Hz BBs (α-BBs), the alpha power at each brain area was estimated. These values were compared using a mixed-design ANOVA. Results: With the exception of the temporal area, all other brain areas showed a significant increase in alpha power for α-BBs compared to those of non-BBs. However, the difference according to gender was not significant. Conclusion: The results indicated the lack of gender effects in alpha wave generation through a 10-Hz BB stimulation.","https://search.ebscohost.com/login.aspx?direct=true&AuthType=ip,shib,uid&db=cmedm&AN=37038776&lang=es&site=ehost-live"
"Human auditory steady state responses to binaural and monaural beats.","Schwarz DW; Taylor P","Clinical neurophysiology : official journal of the International Federation of Clinical Neurophysiology",="1388-2457",,="2005 Mar","116","3","658",,"15721080","10.1016/j.clinph.2004.09.014","Elsevier","Comparative Study","Auditory Cortex physiology; Auditory Perception physiology; Evoked Potentials, Auditory physiology; Functional Laterality physiology; Acoustic Stimulation methods; Adolescent; Adult; Analysis of Variance; Attention physiology; Brain Mapping; Dichotic Listening Tests methods; Dose-Response Relationship, Radiation; Ear physiology; Electroencephalography methods; Female; Humans; Male; Middle Aged; Nonlinear Dynamics; Reaction Time physiology",,"Objective: Binaural beat sensations depend upon a central combination of two different temporally encoded tones, separately presented to the two ears. We tested the feasibility to record an auditory steady state evoked response (ASSR) at the binaural beat frequency in order to find a measure for temporal coding of sound in the human EEG. Methods: We stimulated each ear with a distinct tone, both differing in frequency by 40Hz, to record a binaural beat ASSR. As control, we evoked a beat ASSR in response to both tones in the same ear. We band-pass filtered the EEG at 40Hz, averaged with respect to stimulus onset and compared ASSR amplitudes and phases, extracted from a sinusoidal non-linear regression fit to a 40Hz period average. Results: A 40Hz binaural beat ASSR was evoked at a low mean stimulus frequency (400Hz) but became undetectable beyond 3kHz. Its amplitude was smaller than that of the acoustic beat ASSR, which was evoked at low and high frequencies. Both ASSR types had maxima at fronto-central leads and displayed a fronto-occipital phase delay of several ms. Conclusions: The dependence of the 40Hz binaural beat ASSR on stimuli at low, temporally coded tone frequencies suggests that it may objectively assess temporal sound coding ability. The phase shift across the electrode array is evidence for more than one origin of the 40Hz oscillations. Significance: The binaural beat ASSR is an evoked response, with novel diagnostic potential, to a signal that is not present in the stimulus, but generated within the brain.","https://search.ebscohost.com/login.aspx?direct=true&AuthType=ip,shib,uid&db=cmedm&AN=15721080&lang=es&site=ehost-live"
"Human auditory steady state responses to binaural and monaural beats.","Schwarz, D. W. F.; Taylor, P.","Clinical Neurophysiology",="13882457",,="20050301","116","3","658","11","2005-04075-008","10.1016/j.clinph.2004.09.014","Elsevier Science","Journal Article","Auditory Cortex; Auditory Evoked Potentials; Auditory Stimulation; Response Frequency; Temporal Lobe; Auditory Localization; Adolescence (13-17 yrs); Adulthood (18 yrs & older); Young Adulthood (18-29 yrs); Thirties (30-39 yrs); Middle Age (40-64 yrs); Male; Female",,"Objective: Binaural beat sensations depend upon a central combination of two different temporally encoded tones, separately presented to the two ears. We tested the feasibility to record an auditory steady state evoked response (ASSR) at the binaural beat frequency in order to find a measure for temporal coding of sound in the human EEG. Methods: We stimulated each ear with a distinct tone, both differing in frequency by 40Hz, to record a binaural beat ASSR. As control, we evoked a beat ASSR in response to both tones in the same ear. We band-pass filtered the EEG at 40Hz, averaged with respect to stimulus onset and compared ASSR amplitudes and phases, extracted from a sinusoidal non-linear regression fit to a 40Hz period average. Results: A 40Hz binaural beat ASSR was evoked at a low mean stimulus frequency (400Hz) but became undetectable beyond 3kHz. Its amplitude was smaller than that of the acoustic beat ASSR, which was evoked at low and high frequencies. Both ASSR types had maxima at fronto-central leads and displayed a fronto-occipital phase delay of several ms. Conclusions: The dependence of the 40Hz binaural beat ASSR on stimuli at low, temporally coded tone frequencies suggests that it may objectively assess temporal sound coding ability. The phase shift across the electrode array is evidence for more than one origin of the 40Hz oscillations. Significance: The binaural beat ASSR is an evoked response, with novel diagnostic potential, to a signal that is not present in the stimulus, but generated within the brain. (PsycINFO Database Record (c) 2016 APA, all rights reserved)","https://search.ebscohost.com/login.aspx?direct=true&AuthType=ip,shib,uid&db=psyh&AN=2005-04075-008&lang=es&site=ehost-live"
"Intracranial electroencephalography power and phase synchronization changes during monaural and binaural beat stimulation.","Becher, Ann‐Katrin; Höhne, Marlene; Axmacher, Nikolai; Chaieb, Leila; Elger, Christian E.; Fell, Juergen","European Journal of Neuroscience",="0953816X",,="20150101","41","2","254","10","2015-02475-011","10.1111/ejn.12760","Wiley-Blackwell Publishing Ltd.","Journal Article","Auditory Stimulation; Electroencephalography; Epilepsy; Neurotherapy; Adulthood (18 yrs & older); Male; Female",,"Auditory stimulation with monaural or binaural auditory beats (i.e. sine waves with nearby frequencies presented either to both ears or to each ear separately) represents a non‐invasive approach to influence electrical brain activity. It is still unclear exactly which brain sites are affected by beat stimulation. In particular, an impact of beat stimulation on mediotemporal brain areas could possibly provide new options for memory enhancement or seizure control. Therefore, we examined how electroencephalography (EEG) power and phase synchronization are modulated by auditory stimulation with beat frequencies corresponding to dominant EEG rhythms based on intracranial recordings in presurgical epilepsy patients. Monaural and binaural beat stimuli with beat frequencies of 5, 10, 40 and 80 Hz and non‐superposed control signals were administered with low amplitudes (60 dB SPL) and for short durations (5 s). EEG power was intracranially recorded from mediotemporal, temporo‐basal and temporo‐lateral and surface sites. Evoked and total EEG power and phase synchronization during beat vs. control stimulation were compared by the use of Bonferroni‐corrected non‐parametric label‐permutation tests. We found that power and phase synchronization were significantly modulated by beat stimulation not only at temporo‐basal, temporo‐lateral and surface sites, but also at mediotemporal sites. Generally, more significant decreases than increases were observed. The most prominent power increases were seen after stimulation with monaural 40‐Hz beats. The most pronounced power and synchronization decreases resulted from stimulation with monaural 5‐Hz and binaural 80‐Hz beats. Our results suggest that beat stimulation offers a non‐invasive approach for the modulation of intracranial EEG characteristics. (PsycINFO Database Record (c) 2016 APA, all rights reserved)","https://search.ebscohost.com/login.aspx?direct=true&AuthType=ip,shib,uid&db=psyh&AN=2015-02475-011&lang=es&site=ehost-live"
"Intracranial electroencephalography power and phase synchronization changes during monaural and binaural beat stimulation.","Becher AK; Höhne M; Axmacher N; Chaieb L; Elger CE; Fell J","The European journal of neuroscience",="1460-9568",,="2015 Jan","41","2","254",,"25345689","10.1111/ejn.12760","Wiley-Blackwell","Journal Article","Auditory Perception physiology; Brain physiology; Acoustic Stimulation methods; Adult; Alpha Rhythm physiology; Brain physiopathology; Ear; Electrodes, Implanted; Electroencephalography; Epilepsy, Temporal Lobe physiopathology; Female; Gamma Rhythm physiology; Humans; Male; Signal Processing, Computer-Assisted; Theta Rhythm physiology",,"Auditory stimulation with monaural or binaural auditory beats (i.e. sine waves with nearby frequencies presented either to both ears or to each ear separately) represents a non-invasive approach to influence electrical brain activity. It is still unclear exactly which brain sites are affected by beat stimulation. In particular, an impact of beat stimulation on mediotemporal brain areas could possibly provide new options for memory enhancement or seizure control. Therefore, we examined how electroencephalography (EEG) power and phase synchronization are modulated by auditory stimulation with beat frequencies corresponding to dominant EEG rhythms based on intracranial recordings in presurgical epilepsy patients. Monaural and binaural beat stimuli with beat frequencies of 5, 10, 40 and 80 Hz and non-superposed control signals were administered with low amplitudes (60 dB SPL) and for short durations (5 s). EEG power was intracranially recorded from mediotemporal, temporo-basal and temporo-lateral and surface sites. Evoked and total EEG power and phase synchronization during beat vs. control stimulation were compared by the use of Bonferroni-corrected non-parametric label-permutation tests. We found that power and phase synchronization were significantly modulated by beat stimulation not only at temporo-basal, temporo-lateral and surface sites, but also at mediotemporal sites. Generally, more significant decreases than increases were observed. The most prominent power increases were seen after stimulation with monaural 40-Hz beats. The most pronounced power and synchronization decreases resulted from stimulation with monaural 5-Hz and binaural 80-Hz beats. Our results suggest that beat stimulation offers a non-invasive approach for the modulation of intracranial EEG characteristics. © 2014 Federation of European Neuroscience Societies and John Wiley & Sons Ltd.","https://search.ebscohost.com/login.aspx?direct=true&AuthType=ip,shib,uid&db=cmedm&AN=25345689&lang=es&site=ehost-live"
"Modulation of item and source memory by auditory beat stimulation: A pilot study with intracranial EEG.","Derner, Marlene; Chaieb, Leila; Surges, Rainer; Staresina, Bernhard P.; Fell, Juergen","Frontiers in Human Neuroscience",="16625161",,="20181211","12",,,,"2018-66586-001","10.3389/fnhum.2018.00500","Frontiers Media S.A.","Journal Article","Auditory Stimulation; Brain Stimulation; Long Term Memory; Memory; Stimulation; Electrical Brain Stimulation; Electroencephalography; Epilepsy; Associative Memory; Adulthood (18 yrs & older); Male; Female",,"Auditory beat stimulation is an upcoming technique for non-invasive brain stimulation. Its influence on mediotemporal regions and memory processes has not yet been thoroughly investigated. A recent study suggests that auditory beats are able to alter intracranial EEG (iEEG) power and phase synchronization. 5 Hz binaural beat stimulation increased temporo-lateral phase synchronization, while 5 Hz monaural beat stimulation decreased mediotemporal synchronization. Based on the relevance of phase synchronization for memory operations, we hypothesized that 5 Hz binaural beat stimulation enhances, while 5 Hz monaural beat stimulation decreases long-term memory performance. We analyzed data from presurgical epilepsy patients with implanted depth electrodes in the hippocampus and rhinal cortex. 5 Hz monaural and binaural beat vs. control stimulation was applied while patients performed an associative learning task involving item and source recognition. We evaluated behavioral effects for item (hits minus false alarms) and source memory (correct minus incorrect) and the impact of auditory beats on iEEG power, rhinal-hippocampal phase synchronization and inter-trial phase locking. A three-way repeated measures ANOVA (encoding/retrieval, item/source, monaural/binaural/control) revealed a main effect of stimulation (p = 0.03) and a linear effect in the expected direction: binaural > control > monaural (p = 0.036). Both monaural and binaural stimulation were associated with increased phase locking of 5 Hz oscillations within rhinal cortex. These phase locking increases, however, corresponded to reverse phase shifts. Our data suggest that binaural vs. monaural 5 Hz stimulation increases vs. decreases long-term memory performance. These behavioral effects appear to be related to reverse phase shifts within rhinal cortex. (PsycInfo Database Record (c) 2020 APA, all rights reserved)","https://search.ebscohost.com/login.aspx?direct=true&AuthType=ip,shib,uid&db=psyh&AN=2018-66586-001&lang=es&site=ehost-live"
"Modulation of Item and Source Memory by Auditory Beat Stimulation: A Pilot Study With Intracranial EEG.","Derner M; Chaieb L; Surges R; Staresina BP; Fell J","Frontiers in human neuroscience",="1662-5161",,="2018 Dec 11","12",,"500",,"30618681","10.3389/fnhum.2018.00500","Frontiers Research Foundation","Journal Article",,,"Auditory beat stimulation is an upcoming technique for non-invasive brain stimulation. Its influence on mediotemporal regions and memory processes has not yet been thoroughly investigated. A recent study suggests that auditory beats are able to alter intracranial EEG (iEEG) power and phase synchronization. 5 Hz binaural beat stimulation increased temporo-lateral phase synchronization, while 5 Hz monaural beat stimulation decreased mediotemporal synchronization. Based on the relevance of phase synchronization for memory operations, we hypothesized that 5 Hz binaural beat stimulation enhances, while 5 Hz monaural beat stimulation decreases long-term memory performance. We analyzed data from presurgical epilepsy patients with implanted depth electrodes in the hippocampus and rhinal cortex. 5 Hz monaural and binaural beat vs. control stimulation was applied while patients performed an associative learning task involving item and source recognition. We evaluated behavioral effects for item (hits minus false alarms) and source memory (correct minus incorrect) and the impact of auditory beats on iEEG power, rhinal-hippocampal phase synchronization and inter-trial phase locking. A three-way repeated measures ANOVA (encoding/retrieval, item/source, monaural/binaural/control) revealed a main effect of stimulation ( p = 0.03) and a linear effect in the expected direction: binaural > control > monaural ( p = 0.036). Both monaural and binaural stimulation were associated with increased phase locking of 5 Hz oscillations within rhinal cortex. These phase locking increases, however, corresponded to reverse phase shifts. Our data suggest that binaural vs. monaural 5 Hz stimulation increases vs. decreases long-term memory performance. These behavioral effects appear to be related to reverse phase shifts within rhinal cortex.","https://search.ebscohost.com/login.aspx?direct=true&AuthType=ip,shib,uid&db=cmedm&AN=30618681&lang=es&site=ehost-live"
"Modulatory effect of association of brain stimulation by light and binaural beats in specific brain waves.","Calomen, Mauricio Rocha; da Silva, Vernon Furtado; Velasque, Bruna Brandão; Feijó, Olavo Guimarães; Bittencourt, Juliana Marques; de Souza e Silva, Alair Pedro Ribeiro","Clinical Practice and Epidemiology in Mental Health",="17450179",,="20170914","13",,,,"2017-42822-001",,"Bentham Science Publishers Ltd.","Journal Article","Auditory Stimulation; Brain Stimulation; Illumination; Parkinson's Disease; Age Differences; Alzheimer's Disease; Autism Spectrum Disorders; Dementia; Intellectual Development Disorder; Childhood (birth-12 yrs); Adulthood (18 yrs & older); Aged (65 yrs & older); Male; Female",,"Introduction: One of the positive effects of brain stimulation is interhemispheric modulation as shown in some scientific studies. This study examined if a type of noninvasive stimulation using binaural beats with led-lights and sound would show different modulatory effects upon Alfa and SMR brain waves of elderlies and children with some disease types. Subjects: The sample included 75 individuals of both genders, being, randomly, divided in 6 groups. Groups were named elderly without dementia diagnosis (EWD), n = 15, 76 ± 8 years, elderly diagnosed with Parkinson’s disease (EDP), n = 15, 72 ± 7 years, elderly diagnosed with Alzheimer’s disease (EDA), n = 15, 81 ± 6 years. The other groups were named children with Autism (CA), n = 10, 11 ± 4 years, children with Intellectual Impairment (CII), n = 10, 12 ± 5 years and children with normal cognitive development (CND), n = 10, 11 ± 4 years. Instruments and procedure: Instruments were the Mini Mental State Examination Test (MMSE), EEG-Neurocomputer instrument for brain waves registration, brain stimulator, Digit Span Test and a Protocol for working memory training. Data collection followed a pre and post-conjugated stimulation version. Results: The results of the inferential statistics showed that the stimulation protocol had different effects on Alpha and SMR brain waves of the patients. Also, indicated gains in memory functions, for both, children and elderlies as related to gains in brain waves modulation. Conclusion: The results may receive and provide support to a range of studies examining brain modulation and synaptic plasticity. Also, it was emphasized in the results discussion that there was the possibility of the technique serving as an accessory instrument to alternative brain therapies. (PsycInfo Database Record (c) 2024 APA, all rights reserved)","https://search.ebscohost.com/login.aspx?direct=true&AuthType=ip,shib,uid&db=psyh&AN=2017-42822-001&lang=es&site=ehost-live"
"Neural consequences of binaural beat stimulation on auditory sentence comprehension: an EEG study.","Kim J; Kim HW; Kovar J; Lee YS","Cerebral cortex (New York, N.Y. : 1991)",="1460-2199",,="2024 Jan 14","34","1",,,"38044462","10.1093/cercor/bhad459","Oxford University Press","Randomized Controlled Trial","Comprehension; Electroencephalography methods; Young Adult; Humans; Language; Cognition; Reaction Time; Acoustic Stimulation methods",,"A growing literature has shown that binaural beat (BB)-generated by dichotic presentation of slightly mismatched pure tones-improves cognition. We recently found that BB stimulation of either beta (18 Hz) or gamma (40 Hz) frequencies enhanced auditory sentence comprehension. Here, we used electroencephalography (EEG) to characterize neural oscillations pertaining to the enhanced linguistic operations following BB stimulation. Sixty healthy young adults were randomly assigned to one of three listening groups: 18-Hz BB, 40-Hz BB, or pure-tone baseline, all embedded in music. After listening to the sound for 10 min (stimulation phase), participants underwent an auditory sentence comprehension task involving spoken sentences that contained either an object or subject relative clause (task phase). During the stimulation phase, 18-Hz BB yielded increased EEG power in a beta frequency range, while 40-Hz BB did not. During the task phase, only the 18-Hz BB resulted in significantly higher accuracy and faster response times compared with the baseline, especially on syntactically more complex object-relative sentences. The behavioral improvement by 18-Hz BB was accompanied by attenuated beta power difference between object- and subject-relative sentences. Altogether, our findings demonstrate beta oscillations as a neural correlate of improved syntactic operation following BB stimulation. © The Author(s) 2023. Published by Oxford University Press. All rights reserved. For permissions, please e-mail: journals.permission@oup.com.","https://search.ebscohost.com/login.aspx?direct=true&AuthType=ip,shib,uid&db=cmedm&AN=38044462&lang=es&site=ehost-live"
"Neural consequences of binaural beat stimulation on auditory sentence comprehension: An EEG study.","Kim, Jeahong; Kim, Hyun-Woong; Kovar, Jessica; Lee, Yune Sang","Cerebral Cortex",="10473211",,="20240101","34","1","1","9","2024-51130-059","10.1093/cercor/bhad459","Oxford University Press","Journal Article","Auditory Perception; Auditory Stimulation; Electroencephalography; Sentence Comprehension; Stimulation; Beta Rhythm; Adulthood (18 yrs & older); Young Adulthood (18-29 yrs); Thirties (30-39 yrs); Male; Female",,"A growing literature has shown that binaural beat (BB)—generated by dichotic presentation of slightly mismatched pure tones—improves cognition. We recently found that BB stimulation of either beta (18 Hz) or gamma (40 Hz) frequencies enhanced auditory sentence comprehension. Here, we used electroencephalography (EEG) to characterize neural oscillations pertaining to the enhanced linguistic operations following BB stimulation. Sixty healthy young adults were randomly assigned to one of three listening groups: 18-Hz BB, 40-Hz BB, or pure-tone baseline, all embedded in music. After listening to the sound for 10 min (stimulation phase), participants underwent an auditory sentence comprehension task involving spoken sentences that contained either an object or subject relative clause (task phase). During the stimulation phase, 18-Hz BB yielded increased EEG power in a beta frequency range, while 40-Hz BB did not. During the task phase, only the 18-Hz BB resulted in significantly higher accuracy and faster response times compared with the baseline, especially on syntactically more complex object-relative sentences. The behavioral improvement by 18-Hz BB was accompanied by attenuated beta power difference between object- and subject-relative sentences. Altogether, our findings demonstrate beta oscillations as a neural correlate of improved syntactic operation following BB stimulation. (PsycInfo Database Record (c) 2024 APA, all rights reserved)","https://search.ebscohost.com/login.aspx?direct=true&AuthType=ip,shib,uid&db=psyh&AN=2024-51130-059&lang=es&site=ehost-live"
"Perceptual Consequences of Disrupted Auditory Nerve Activity.","Zeng, Fan-Gang; Kong, Ying-Yee; Michalewski, Henry J.; Starr, Arnold","Journal of Neurophysiology",="00223077",,="20050601","93","6","3050","14","2005-05750-020","10.1152/jn.00985.2004","American Physiological Society","Journal Article","Acoustic Nerve; Auditory Perception; Hearing Disorders; Nervous System Disorders; Consequence; Childhood (birth-12 yrs); School Age (6-12 yrs); Adolescence (13-17 yrs); Adulthood (18 yrs & older); Young Adulthood (18-29 yrs); Thirties (30-39 yrs); Middle Age (40-64 yrs); Male; Female",,"Perceptual consequences of disrupted auditory nerve activity were systematically studied in 21 subjects who had been clinically diagnosed with auditory neuropathy (AN), a recently defined disorder characterized by normal outer hair cell function but disrupted auditory nerve function. Neurological and electrophysical evidence suggests that disrupted auditory nerve activity is due to desynchronized or reduced neural activity or both. Psychophysical measures showed that the disrupted neural activity has minimal effects on intensity-related perception, such as loudness discrimination, pitch discrimination at high frequencies, and sound localization using interaural level differences. In contrast, the disrupted neural activity significantly impairs timing related perception, such as pitch discrimination at low frequencies, temporal integration, gap detection, temporal modulation detection, backward and forward masking, signal detection in noise, binaural beats, and sound localization using interaural time differences. These perceptual consequences are the opposite of what is typically observed in cochlear-impaired subjects who have impaired intensity perception but relatively normal temporal processing after taking their impaired intensity perception into account. These differences in perceptual consequences between auditory neuropathy and cochlear damage suggest the use of different neural codes in auditory perception: a suboptimal spike count code for intensity processing, a synchronized spike code for temporal processing, and a duplex code for frequency processing. We also proposed two underlying physiological models based on desynchronized and reduced discharge in the auditory nerve to successfully account for the observed neurological and behavioral data. These methods and measures cannot differentiate between these two AN models, but future studies using electric stimulation of the auditory nerve via a cochlear implant might. These results not only show the unique contribution of neural synchrony to sensory perception but also provide guidance for translational research in terms of better diagnosis and management of human communication disorders. (PsycINFO Database Record (c) 2016 APA, all rights reserved)","https://search.ebscohost.com/login.aspx?direct=true&AuthType=ip,shib,uid&db=psyh&AN=2005-05750-020&lang=es&site=ehost-live"
"Personalized theta and beta binaural beats for brain entrainment: An electroencephalographic analysis.","Corona-González, César E.; Alonso-Valerdi, Luz María; Ibarra-Zarate, David I.","Frontiers in Psychology",="16641078",,="20211111","12",,,,"2022-11107-001","10.3389/fpsyg.2021.764068","Frontiers Media S.A.","Journal Article","Ear (Anatomy); Electroencephalography; Personalization; Stimulation; Theta Rhythm; Adulthood (18 yrs & older); Young Adulthood (18-29 yrs); Thirties (30-39 yrs); Male; Female",,"Binaural beats (BB) consist of two slightly distinct auditory frequencies (one in each ear), which are differentiated with clinical electroencephalographic (EEG) bandwidths, namely, delta, theta, alpha, beta, or gamma. This auditory stimulation has been widely used to module brain rhythms and thus inducing the mental condition associated with the EEG bandwidth in use. The aim of this research was to investigate whether personalized BB (specifically those within theta and beta EEG bands) improve brain entrainment. Personalized BB consisted of pure tones with a carrier tone of 500 Hz in the left ear together with an adjustable frequency in the right ear that was defined for theta BB (since fc for theta EEG band was 4.60 Hz ± 0.70 SD) and beta BB (since fc for beta EEG band was 18.42 Hz ± 2.82 SD). The adjustable frequencies were estimated for each participant in accordance with their heart rate by applying the Brain-Body Coupling Theorem postulated by Klimesch. To achieve this aim, 20 healthy volunteers were stimulated with their personalized theta and beta BB for 20 min and their EEG signals were collected with 22 channels. EEG analysis was based on the comparison of power spectral density among three mental conditions: (1) theta BB stimulation, (2) beta BB stimulation, and (3) resting state. Results showed larger absolute power differences for both BB stimulation sessions than resting state on bilateral temporal and parietal regions. This power change seems to be related to auditory perception and sound location. However, no significant differences were found between theta and beta BB sessions when it was expected to achieve different brain entrainments, since theta and beta BB induce relaxation and readiness, respectively. In addition, relative power analysis (theta BB/resting state) revealed alpha band desynchronization in the parieto-occipital region when volunteers listened to theta BB, suggesting that participants felt uncomfortable. In conclusion, neural resynchronization was met with both personalized theta and beta BB, but no different mental conditions seemed to be achieved. (PsycInfo Database Record (c) 2024 APA, all rights reserved)","https://search.ebscohost.com/login.aspx?direct=true&AuthType=ip,shib,uid&db=psyh&AN=2022-11107-001&lang=es&site=ehost-live"
"Personalized Theta and Beta Binaural Beats for Brain Entrainment: An Electroencephalographic Analysis.","Corona-González CE; Alonso-Valerdi LM; Ibarra-Zarate DI","Frontiers in psychology",="1664-1078",,="2021 Nov 11","12",,"764068",,"34867666","10.3389/fpsyg.2021.764068","Frontiers Research Foundation","Journal Article",,,"Binaural beats (BB) consist of two slightly distinct auditory frequencies (one in each ear), which are differentiated with clinical electroencephalographic (EEG) bandwidths, namely, delta, theta, alpha, beta, or gamma. This auditory stimulation has been widely used to module brain rhythms and thus inducing the mental condition associated with the EEG bandwidth in use. The aim of this research was to investigate whether personalized BB (specifically those within theta and beta EEG bands) improve brain entrainment. Personalized BB consisted of pure tones with a carrier tone of 500 Hz in the left ear together with an adjustable frequency in the right ear that was defined for theta BB (since f c for theta EEG band was 4.60 Hz ± 0.70 SD) and beta BB (since f c for beta EEG band was 18.42 Hz ± 2.82 SD). The adjustable frequencies were estimated for each participant in accordance with their heart rate by applying the Brain-Body Coupling Theorem postulated by Klimesch. To achieve this aim, 20 healthy volunteers were stimulated with their personalized theta and beta BB for 20 min and their EEG signals were collected with 22 channels. EEG analysis was based on the comparison of power spectral density among three mental conditions: (1) theta BB stimulation, (2) beta BB stimulation, and (3) resting state. Results showed larger absolute power differences for both BB stimulation sessions than resting state on bilateral temporal and parietal regions. This power change seems to be related to auditory perception and sound location. However, no significant differences were found between theta and beta BB sessions when it was expected to achieve different brain entrainments, since theta and beta BB induce relaxation and readiness, respectively. In addition, relative power analysis (theta BB/resting state) revealed alpha band desynchronization in the parieto-occipital region when volunteers listened to theta BB, suggesting that participants felt uncomfortable. In conclusion, neural resynchronization was met with both personalized theta and beta BB, but no different mental conditions seemed to be achieved. Competing Interests: The authors declare that the research was conducted in the absence of any commercial or financial relationships that could be construed as a potential conflict of interest. Copyright © 2021 Corona-González, Alonso-Valerdi and Ibarra-Zarate.","https://search.ebscohost.com/login.aspx?direct=true&AuthType=ip,shib,uid&db=cmedm&AN=34867666&lang=es&site=ehost-live"
"Predicting the effectiveness of binaural beats on working memory.","Rao AZ; Mujib MD; Qazi SA; Alokaily AO; Ikhlaq A; Mirza EH; Aldohbeyb AA; Hasan MA","Neuroreport",="1473-558X",,="2024 Dec 04","35","17","1082",,"39423321","10.1097/WNR.0000000000002101","Lippincott Williams & Wilkins","Journal Article","Memory, Short-Term physiology; Electroencephalography methods; Machine Learning; Humans; Male; Female; Young Adult; Adult; Acoustic Stimulation methods; Brain Waves physiology; Attention physiology; Auditory Perception physiology; Brain physiology",,"Working memory is vital for short-term information processing. Binaural beats can enhance working memory by improving attention and memory consolidation through neural synchronization. However, individual differences in cognitive and neuronal functioning affect effectiveness of binaural beats, necessitating personalized approaches. This study aimed to develop a machine learning model to predict binaural beats's effectiveness on working memory using electroencephalography. Sixty healthy participants underwent a 5-min electroencephalography recording, an initial working memory evaluation, 15 min of binaural beats stimulation, and a subsequent working memory evaluation using digit span tests of increasing difficulty. Recall accuracy and response times were measured. Differential scores from pre-evaluation and post-evaluation labeled participants as active or inactive to binaural beats stimulation. electroencephalography data, recorded using 14 electrodes, provided brain activity estimates across theta, alpha, beta, and gamma frequency bands, resulting in 56 features (14 channels × 4 bands) for the machine learning model. Several classifiers were tested to identify the most effective model. The weighted K-nearest neighbors model achieved the highest accuracy (90.0%) and area under the receiver operating characteristic curve (92.24%). Frontal and parietal electroencephalography channels in theta and alpha bands were crucial for classification. This study's findings offer significant clinical insights, enabling informed interventions and preventing resource inefficiency. Copyright © 2024 Wolters Kluwer Health, Inc. All rights reserved.","https://search.ebscohost.com/login.aspx?direct=true&AuthType=ip,shib,uid&db=cmedm&AN=39423321&lang=es&site=ehost-live"
"Reduced pain and analgesic use after acoustic binaural beats therapy in chronic pain—A double‐blind randomized control cross‐over trial.","Gkolias, Vasileios; Amaniti, Aikaterini; Triantafyllou, Areti; Papakonstantinou, Panagiota; Kartsidis, Panagiotis; Paraskevopoulos, Evangelos; Bamidis, Panagiotis D.; Hadjileontiadis, Leontios; Kouvelas, Dimitrios","European Journal of Pain",="10903801",,="20201001","24","9","1716","14","2020-55856-001","10.1002/ejp.1615","Wiley-Blackwell Publishing Ltd.","Journal Article","Analgesia; Auditory Stimulation; Chronic Pain; Pain Management; Treatment; Drug Therapy; Adulthood (18 yrs & older); Male; Female",,"Background: Binaural Beats (BB) consist of two artificial acoustic stimuli with different frequency, presented simultaneously but independently to each ear. The human brain perceives and synchronizes to this frequency difference (entrainment). Aim of this study was to test the hypothesis that brain entrainment to a lower function rhythm, with BB application, can decrease pain perception and analgesic medication use, in chronic pain patients. Methods: In a double blind, randomized, cross‐over trial, BB at 5Hz (theta rhythm) were applied for 30 minutes, under simultaneous electroencephalogram recordings, followed by liberal, on demand use by chronic pain patients for a week, compared to sham stimulation (SS). Pain as the main outcome (numeric scale, NRS), stress (STAI) and medication usage (defined daily doses, DDD) were assessed at baseline, 30 minutes and week's end. Results: Perceived pain (NRS) was significantly reduced in BB intervention (5.6 ± 2.3 to 3.4 ± 2.6, p < 0.001), compared to SS (5.2 ± 2.1 to 4.8 ± 2.3, p = 0.78), during the first 30‐minute phase, as well as at the week's end (to 3.9 ± 2.5 compared to 5.5 ± 2.6 respectively, p < 0.001). The mean EEG theta power at 5Hz was significantly increased only during BB application. Stress was significantly reduced at 30 minutes in both interventions but remained reduced only in the BB group at the week's end. Analgesic medication consumption (DDD, g) during the week was significantly less in the BB intervention (3.9 ± 3.7 vs. 4.6 ± 4.1, p < 0.05), while reporting equal to SS mean levels of pain. Conclusions: Acoustic BB reduced pain intensity, stress and analgesic use, compared to SS, in chronic pain patients. Significance: This study provides evidence that theta rhythm binaural beats can alleviate pain intensity, both after a brief 30 minute and a longer one week on‐demand intervention. The subsequent significant reduction in analgesic medication consumption in chronic pain patients' daily living could offer a valuable tool, augmenting the effect of existing pain therapies. (PsycInfo Database Record (c) 2021 APA, all rights reserved)","https://search.ebscohost.com/login.aspx?direct=true&AuthType=ip,shib,uid&db=psyh&AN=2020-55856-001&lang=es&site=ehost-live"
"Short-Term Effects of Binaural Beats on EEG Power, Functional Connectivity, Cognition, Gait and Anxiety in Parkinson's Disease.","Gálvez G; Recuero M; Canuet L; Del-Pozo F","International journal of neural systems",="1793-6462",,="2018 Jun","28","5","1750055",,"29297265","10.1142/S0129065717500551","World Scientific Pub. Co","Journal Article","Anxiety physiopathology; Anxiety therapy; Auditory Perception physiology; Brain physiopathology; Gait physiology; Memory, Short-Term physiology; Parkinson Disease physiopathology; Cognition physiology; Double-Blind Method; Electroencephalography; Female; Heart Rate physiology; Humans; Male; Middle Aged; Neural Pathways physiopathology; Parkinson Disease psychology; Parkinson Disease therapy; Periodicity; Time Factors",,"We applied rhythmic binaural sound to Parkinson's Disease (PD) patients to investigate its influence on several symptoms of this disease and on Electrophysiology (Electrocardiography and Electroencephalography (EEG)). We conducted a double-blind, randomized controlled study in which rhythmic binaural beats and control were administered over two randomized and counterbalanced sessions (within-subjects repeated-measures design). Patients ([Formula: see text], age [Formula: see text], stage I-III Hoehn & Yahr scale) participated in two sessions of sound stimulation for 10[Formula: see text]min separated by a minimum of 7 days. Data were collected immediately before and after both stimulations with the following results: (1) a decrease in theta activity, (2) a general decrease in Functional Connectivity (FC), and (3) an improvement in working memory performance. However, no significant changes were identified in the gait performance, heart rate or anxiety level of the patients. With regard to the control stimulation, we did not identify significant changes in the variables analyzed. The use of binaural-rhythm stimulation for PD, as designed in this study, seems to be an effective, portable, inexpensive and noninvasive method to modulate brain activity. This influence on brain activity did not induce changes in anxiety or gait parameters; however, it resulted in a normalization of EEG power (altered in PD), normalization of brain FC (also altered in PD) and working memory improvement (a normalizing effect). In summary, we consider that sound, particularly binaural-rhythmic sound, may be a co-assistant tool in the treatment of PD, however more research is needed to consider the use of this type of stimulation as an effective therapy.","https://search.ebscohost.com/login.aspx?direct=true&AuthType=ip,shib,uid&db=cmedm&AN=29297265&lang=es&site=ehost-live"
"The effect of binaural beats on verbal working memory and cortical connectivity.","Beauchene C; Abaid N; Moran R; Diana RA; Leonessa A","Journal of neural engineering",="1741-2552",,="2017 Apr","14","2","026014",,"28145275","10.1088/1741-2552/aa5d67","Institute of Physics Pub","Journal Article","Acoustic Stimulation methods; Cerebral Cortex physiology; Connectome methods; Cortical Synchronization physiology; Memory, Short-Term physiology; Nerve Net physiology; Pitch Perception physiology; Adolescent; Adult; Female; Humans; Male; Middle Aged; Task Performance and Analysis; Young Adult",,"Objective: Synchronization in activated regions of cortical networks affect the brain's frequency response, which has been associated with a wide range of states and abilities, including memory. A non-invasive method for manipulating cortical synchronization is binaural beats. Binaural beats take advantage of the brain's response to two pure tones, delivered independently to each ear, when those tones have a small frequency mismatch. The mismatch between the tones is interpreted as a beat frequency, which may act to synchronize cortical oscillations. Neural synchrony is particularly important for working memory processes, the system controlling online organization and retention of information for successful goal-directed behavior. Therefore, manipulation of synchrony via binaural beats provides a unique window into working memory and associated connectivity of cortical networks. Approach: In this study, we examined the effects of different acoustic stimulation conditions during an N-back working memory task, and we measured participant response accuracy and cortical network topology via EEG recordings. Six acoustic stimulation conditions were used: None, Pure Tone, Classical Music, 5 Hz binaural beats, 10 Hz binaural beats, and 15 Hz binaural beats. Main Results: We determined that listening to 15 Hz binaural beats during an N-Back working memory task increased the individual participant's accuracy, modulated the cortical frequency response, and changed the cortical network connection strengths during the task. Only the 15 Hz binaural beats produced significant change in relative accuracy compared to the None condition. Significance: Listening to 15 Hz binaural beats during the N-back task activated salient frequency bands and produced networks characterized by higher information transfer as compared to other auditory stimulation conditions.","https://search.ebscohost.com/login.aspx?direct=true&AuthType=ip,shib,uid&db=cmedm&AN=28145275&lang=es&site=ehost-live"
"The Effect of Binaural Beats on Visuospatial Working Memory and Cortical Connectivity.","Beauchene C; Abaid N; Moran R; Diana RA; Leonessa A","PloS one",="1932-6203",,="2016 Nov 28","11","11","e0166630",,"27893766","10.1371/journal.pone.0166630","Public Library of Science","Journal Article","Auditory Cortex physiology; Memory, Short-Term; Acoustic Stimulation; Adult; Auditory Cortex diagnostic imaging; Auditory Perception physiology; Behavior; Electroencephalography; Female; Humans; Male; Middle Aged; Young Adult",,"Binaural beats utilize a phenomenon that occurs within the cortex when two different frequencies are presented separately to each ear. This procedure produces a third phantom binaural beat, whose frequency is equal to the difference of the two presented tones and which can be manipulated for non-invasive brain stimulation. The effects of binaural beats on working memory, the system in control of temporary retention and online organization of thoughts for successful goal directed behavior, have not been well studied. Furthermore, no studies have evaluated the effects of binaural beats on brain connectivity during working memory tasks. In this study, we determined the effects of different acoustic stimulation conditions on participant response accuracy and cortical network topology, as measured by EEG recordings, during a visuospatial working memory task. Three acoustic stimulation control conditions and three binaural beat stimulation conditions were used: None, Pure Tone, Classical Music, 5Hz binaural beats, 10Hz binaural beats, and 15Hz binaural beats. We found that listening to 15Hz binaural beats during a visuospatial working memory task not only increased the response accuracy, but also modified the strengths of the cortical networks during the task. The three auditory control conditions and the 5Hz and 10Hz binaural beats all decreased accuracy. Based on graphical network analyses, the cortical activity during 15Hz binaural beats produced networks characteristic of high information transfer with consistent connection strengths throughout the visuospatial working memory task. Competing Interests: The authors have declared that no competing interests exist.","https://search.ebscohost.com/login.aspx?direct=true&AuthType=ip,shib,uid&db=cmedm&AN=27893766&lang=es&site=ehost-live"
"The impact of monaural beat stimulation on anxiety and cognition.","Chaieb, Leila; Wilpert, Elke C.; Hoppe, Christian; Axmacher, Nikolai; Fell, Juergen","Frontiers in Human Neuroscience",="16625161",,="20170515","11",,,,"2017-24129-001","10.3389/fnhum.2017.00251","Frontiers Media S.A.","Journal Article","Anxiety; Emotional States; Long Term Care; Short Term Memory; Adulthood (18 yrs & older); Male; Female",,"Application of auditory beat stimulation has been speculated to provide a promising new tool with which to alleviate symptoms of anxiety and to enhance cognition. In spite of reportedly similar EEG effects of binaural and monaural beats, data on behavioral effects of monaural beats are still lacking. Therefore, we examined the impact of monaural beat stimulation on anxiety, mood and memory performance. We aimed to target states related to anxiety levels and general well-being, in addition to long-term and working memory processes, using monaural beats within the range of main cortical rhythms. Theta (6 Hz), alpha (10 Hz) and gamma (40 Hz) beat frequencies, as well as a control stimulus were applied to healthy participants for 5 min. After each stimulation period, participants were asked to evaluate their current mood state and to perform cognitive tasks examining long-term and working memory processes, in addition to a vigilance task. Monaural beat stimulation was found to reduce state anxiety. When evaluating responses for the individual beat frequencies, positive effects on state anxiety were observed for all monaural beat conditions compared to control stimulation. Our results indicate a role for monaural beat stimulation in modulating state anxiety and are in line with previous studies reporting anxiety-reducing effects of auditory beat stimulation. (PsycInfo Database Record (c) 2022 APA, all rights reserved)","https://search.ebscohost.com/login.aspx?direct=true&AuthType=ip,shib,uid&db=psyh&AN=2017-24129-001&lang=es&site=ehost-live"
"The Impact of Monaural Beat Stimulation on Anxiety and Cognition.","Chaieb L; Wilpert EC; Hoppe C; Axmacher N; Fell J","Frontiers in human neuroscience",="1662-5161",,="2017 May 15","11",,"251",,"28555100","10.3389/fnhum.2017.00251","Frontiers Research Foundation","Journal Article",,,"Application of auditory beat stimulation has been speculated to provide a promising new tool with which to alleviate symptoms of anxiety and to enhance cognition. In spite of reportedly similar EEG effects of binaural and monaural beats, data on behavioral effects of monaural beats are still lacking. Therefore, we examined the impact of monaural beat stimulation on anxiety, mood and memory performance. We aimed to target states related to anxiety levels and general well-being, in addition to long-term and working memory processes, using monaural beats within the range of main cortical rhythms. Theta (6 Hz), alpha (10 Hz) and gamma (40 Hz) beat frequencies, as well as a control stimulus were applied to healthy participants for 5 min. After each stimulation period, participants were asked to evaluate their current mood state and to perform cognitive tasks examining long-term and working memory processes, in addition to a vigilance task. Monaural beat stimulation was found to reduce state anxiety. When evaluating responses for the individual beat frequencies, positive effects on state anxiety were observed for all monaural beat conditions compared to control stimulation. Our results indicate a role for monaural beat stimulation in modulating state anxiety and are in line with previous studies reporting anxiety-reducing effects of auditory beat stimulation.","https://search.ebscohost.com/login.aspx?direct=true&AuthType=ip,shib,uid&db=cmedm&AN=28555100&lang=es&site=ehost-live"
"Tracking EEG changes in response to alpha and beta binaural beats.","Vernon, D.; Peryer, G.; Louch, J.; Shaw, M.","International Journal of Psychophysiology",="01678760",,="20140701","93","1","134","6","2012-29693-001","10.1016/j.ijpsycho.2012.10.008","Elsevier Science","Journal Article","Alpha Rhythm; Auditory Stimulation; Electroencephalography; Beta Rhythm; Adulthood (18 yrs & older); Young Adulthood (18-29 yrs); Thirties (30-39 yrs); Male; Female",,"A binaural beat can be produced by presenting two tones of a differing frequency, one to each ear. Such auditory stimulation has been suggested to influence behaviour and cognition via the process of cortical entrainment. However, research so far has only shown the frequency following responses in the traditional EEG frequency ranges of delta, theta and gamma. Hence a primary aim of this research was to ascertain whether it would be possible to produce clear changes in the EEG in either the alpha or beta frequency ranges. Such changes, if possible, would have a number of important implications as well as potential applications. A secondary goal was to track any observable changes in the EEG throughout the entrainment epoch to gain some insight into the nature of the entrainment effects on any changes in an effort to identify more effective entrainment regimes. Twenty two healthy participants were recruited and randomly allocated to one of two groups, each of which was exposed to a distinct binaural beat frequency for ten 1-minute epochs. The first group listened to an alpha binaural beat of 10Hz and the second to a beta binaural beat of 20 Hz. EEG was recorded from the left and right temporal regions during pre-exposure baselines, stimulus exposure epochs and post-exposure baselines. Analysis of changes in broad-band and narrow-band amplitudes, and frequency showed no effect of binaural beat frequency eliciting a frequency following effect in the EEG. Possible mediating factors are discussed and a number of recommendations are made regarding future studies, exploring entrainment effects from a binaural beat presentation. (PsycINFO Database Record (c) 2017 APA, all rights reserved)","https://search.ebscohost.com/login.aspx?direct=true&AuthType=ip,shib,uid&db=psyh&AN=2012-29693-001&lang=es&site=ehost-live"
"Tracking EEG changes in response to alpha and beta binaural beats.","Vernon D; Peryer G; Louch J; Shaw M","International journal of psychophysiology : official journal of the International Organization of Psychophysiology",="1872-7697",,="2014 Jul","93","1","134",,"23085086","10.1016/j.ijpsycho.2012.10.008","Elsevier","Journal Article","Acoustic Stimulation; Alpha Rhythm physiology; Beta Rhythm physiology; Electroencephalography methods; Adolescent; Adult; Female; Humans; Male; Vision, Ocular physiology; Young Adult",,"A binaural beat can be produced by presenting two tones of a differing frequency, one to each ear. Such auditory stimulation has been suggested to influence behaviour and cognition via the process of cortical entrainment. However, research so far has only shown the frequency following responses in the traditional EEG frequency ranges of delta, theta and gamma. Hence a primary aim of this research was to ascertain whether it would be possible to produce clear changes in the EEG in either the alpha or beta frequency ranges. Such changes, if possible, would have a number of important implications as well as potential applications. A secondary goal was to track any observable changes in the EEG throughout the entrainment epoch to gain some insight into the nature of the entrainment effects on any changes in an effort to identify more effective entrainment regimes. Twenty two healthy participants were recruited and randomly allocated to one of two groups, each of which was exposed to a distinct binaural beat frequency for ten 1-minute epochs. The first group listened to an alpha binaural beat of 10 Hz and the second to a beta binaural beat of 20 Hz. EEG was recorded from the left and right temporal regions during pre-exposure baselines, stimulus exposure epochs and post-exposure baselines. Analysis of changes in broad-band and narrow-band amplitudes, and frequency showed no effect of binaural beat frequency eliciting a frequency following effect in the EEG. Possible mediating factors are discussed and a number of recommendations are made regarding future studies, exploring entrainment effects from a binaural beat presentation. Copyright © 2012 Elsevier B.V. All rights reserved.","https://search.ebscohost.com/login.aspx?direct=true&AuthType=ip,shib,uid&db=cmedm&AN=23085086&lang=es&site=ehost-live"
