"Authors","Author full names","Author(s) ID","Title","Year","Source title","Volume","Issue","Art. No.","Page start","Page end","Page count","Cited by","DOI","Link","Document Type","Publication Stage","Open Access","Source","EID"
"Joris P.X.; Verschooten E.","Joris, Philip X (6603871964); Verschooten, Eric (36545493100)","6603871964; 36545493100","Midbrain sensitivity to auditory motion studied with dichotic sweeps of broadband noise","2024","Hearing Research","450","","109066","","","","0","10.1016/j.heares.2024.109066","https://www.scopus.com/inward/record.uri?eid=2-s2.0-85196044887&doi=10.1016%2fj.heares.2024.109066&partnerID=40&md5=15b3e2490c0e1b9560e18f9b76cb911f","Article","Final","","Scopus","2-s2.0-85196044887"
"Basu S.; Banerjee B.","Basu, Sandhya (57218375415); Banerjee, Bidisha (57195948744)","57218375415; 57195948744","Potential of binaural beats intervention for improving memory and attention: insights from meta-analysis and systematic review","2023","Psychological Research","87","4","","951","963","12","10","10.1007/s00426-022-01706-7","https://www.scopus.com/inward/record.uri?eid=2-s2.0-85134487773&doi=10.1007%2fs00426-022-01706-7&partnerID=40&md5=6e84a879d507fa265a2028e7d1112bc8","Review","Final","","Scopus","2-s2.0-85134487773"
"Almohammadi A.; Wang Y.-K.","Almohammadi, Abdullah (58821165300); Wang, Yu-Kai (41262423500)","58821165300; 41262423500","Revealing brain connectivity: graph embeddings for EEG representation learning and comparative analysis of structural and functional connectivity","2023","Frontiers in Neuroscience","17","","1288433","","","","1","10.3389/fnins.2023.1288433","https://www.scopus.com/inward/record.uri?eid=2-s2.0-85182652785&doi=10.3389%2ffnins.2023.1288433&partnerID=40&md5=fd6d7e81431a07680c97e1a60a57eeba","Article","Final","All Open Access; Gold Open Access; Green Open Access","Scopus","2-s2.0-85182652785"
"Taleei T.; Nazem-Zadeh M.-R.; Amiri M.; Keliris G.A.","Taleei, Tahereh (57907827700); Nazem-Zadeh, Mohammad-Reza (35094377800); Amiri, Mahmood (23479492600); Keliris, Georgios A. (8516188600)","57907827700; 35094377800; 23479492600; 8516188600","EEG-based functional connectivity for tactile roughness discrimination","2023","Cognitive Neurodynamics","17","4","","921","940","19","1","10.1007/s11571-022-09876-1","https://www.scopus.com/inward/record.uri?eid=2-s2.0-85138779057&doi=10.1007%2fs11571-022-09876-1&partnerID=40&md5=546b2df882c9c0b550a1fae6b1c10855","Article","Final","","Scopus","2-s2.0-85138779057"
"Duquette-Laplante F.; Jutras B.; Néron N.; Fortin S.; Koravand A.","Duquette-Laplante, Fauve (57210319761); Jutras, Benoît (6507181286); Néron, Noémie (58963657500); Fortin, Sandra (58964086800); Koravand, Amineh (35111380800)","57210319761; 6507181286; 58963657500; 58964086800; 35111380800","Exploring the Differences Between an Immature and a Mature Human Auditory System Through Auditory Late Responses in Quiet and in Noise","2024","Neuroscience","545","","","171","184","13","0","10.1016/j.neuroscience.2024.03.018","https://www.scopus.com/inward/record.uri?eid=2-s2.0-85189099756&doi=10.1016%2fj.neuroscience.2024.03.018&partnerID=40&md5=485a6e9c3e79dd8e52ecf928192e2d34","Article","Final","All Open Access; Hybrid Gold Open Access","Scopus","2-s2.0-85189099756"
"Kim J.; Kim H.-W.; Kovar J.; Lee Y.S.","Kim, Jeahong (57200410601); Kim, Hyun-Woong (57220077196); Kovar, Jessica (58821382800); Lee, Yune Sang (16506509100)","57200410601; 57220077196; 58821382800; 16506509100","Neural consequences of binaural beat stimulation on auditory sentence comprehension: an EEG study","2024","Cerebral Cortex","34","1","bhad459","","","","1","10.1093/cercor/bhad459","https://www.scopus.com/inward/record.uri?eid=2-s2.0-85182730764&doi=10.1093%2fcercor%2fbhad459&partnerID=40&md5=c26091eb467139a901ed99a3e21fc531","Article","Final","","Scopus","2-s2.0-85182730764"
"Wang Y.; Wu D.; Sun K.; Zhu Y.; Chen X.; Xiao W.","Wang, Yifan (57894624500); Wu, Di (57203155809); Sun, Kewei (57219709828); Zhu, Yan (58515438600); Chen, Xianglong (58514086100); Xiao, Wei (7202456444)","57894624500; 57203155809; 57219709828; 58515438600; 58514086100; 7202456444","The Effect of Rhythmic Audio-Visual Stimulation on Inhibitory Control: An ERP Study","2024","Brain Sciences","14","5","506","","","","1","10.3390/brainsci14050506","https://www.scopus.com/inward/record.uri?eid=2-s2.0-85194392678&doi=10.3390%2fbrainsci14050506&partnerID=40&md5=dd4ccba3dca875a25884fd448aafe7ab","Article","Final","All Open Access; Gold Open Access","Scopus","2-s2.0-85194392678"
"Wang Y.; Zhang J.; Li Y.; Qi S.; Zhang F.; Ball L.J.; Duan H.","Wang, Yifan (57224594297); Zhang, Jiaqi (58636579500); Li, Yadan (55877259600); Qi, Senqing (37078085300); Zhang, Fengqing (57995528300); Ball, Linden J. (7102282029); Duan, Haijun (56693721000)","57224594297; 58636579500; 55877259600; 37078085300; 57995528300; 7102282029; 56693721000","Preventing prefrontal dysfunction by tdcs modulates stress-induced creativity impairment in women: An fnirs study","2023","Cerebral Cortex","33","20","","10528","10545","17","4","10.1093/cercor/bhad301","https://www.scopus.com/inward/record.uri?eid=2-s2.0-85173586635&doi=10.1093%2fcercor%2fbhad301&partnerID=40&md5=b7f1e28f3271f3d81bed2f5c816e7ebf","Article","Final","All Open Access; Green Open Access","Scopus","2-s2.0-85173586635"
"Watanabe H.; Terada T.","Watanabe, Hiroki (55877159700); Terada, Tsutomu (7202850889)","55877159700; 7202850889","Transparency Mode of Hearable Reduces Your Spatial Hearing: Evaluation and Cancelling Method to Restore Spatial Hearing","2023","IEEE Access","11","","","97952","97960","8","0","10.1109/ACCESS.2023.3312713","https://www.scopus.com/inward/record.uri?eid=2-s2.0-85171586861&doi=10.1109%2fACCESS.2023.3312713&partnerID=40&md5=e7d1914f61fd4b057a9a37630da897d9","Article","Final","All Open Access; Gold Open Access","Scopus","2-s2.0-85171586861"
"Hake R.; Bürgel M.; Nguyen N.K.; Greasley A.; Müllensiefen D.; Siedenburg K.","Hake, Robin (58475932500); Bürgel, Michel (57409512200); Nguyen, Ninh K. (59052610000); Greasley, Alinka (51161347400); Müllensiefen, Daniel (23019169400); Siedenburg, Kai (55566606400)","58475932500; 57409512200; 59052610000; 51161347400; 23019169400; 55566606400","Development of an adaptive test of musical scene analysis abilities for normal-hearing and hearing-impaired listeners","2024","Behavior Research Methods","56","6","","5456","5481","25","0","10.3758/s13428-023-02279-y","https://www.scopus.com/inward/record.uri?eid=2-s2.0-85176354109&doi=10.3758%2fs13428-023-02279-y&partnerID=40&md5=77cbc3e5f21422ce76793a0e7db5c18e","Article","Final","All Open Access; Hybrid Gold Open Access","Scopus","2-s2.0-85176354109"
"Lal U.; Chikkankod A.V.; Longo L.","Lal, Utkarsh (57696477300); Chikkankod, Arjun Vinayak (58029640900); Longo, Luca (24314788200)","57696477300; 58029640900; 24314788200","Fractal dimensions and machine learning for detection of Parkinson’s disease in resting-state electroencephalography","2024","Neural Computing and Applications","36","15","","8257","8280","23","1","10.1007/s00521-024-09521-4","https://www.scopus.com/inward/record.uri?eid=2-s2.0-85184913140&doi=10.1007%2fs00521-024-09521-4&partnerID=40&md5=f206e212efae15b74a34fe35b25b960a","Article","Final","All Open Access; Hybrid Gold Open Access","Scopus","2-s2.0-85184913140"
"Wycisk Y.; Sander K.; Manca B.; Kopiez R.; Platz F.","Wycisk, Yves (57701117500); Sander, Kilian (57702708700); Manca, Benedetto (57217204410); Kopiez, Reinhard (15923451000); Platz, Friedrich (26423261600)","57701117500; 57702708700; 57217204410; 15923451000; 26423261600","The Headphone and Loudspeaker Test–Part II: A comprehensive method for playback device screening in Internet experiments","2024","Behavior Research Methods","56","1","","362","378","16","1","10.3758/s13428-022-02048-3","https://www.scopus.com/inward/record.uri?eid=2-s2.0-85146381686&doi=10.3758%2fs13428-022-02048-3&partnerID=40&md5=21ff22edfb3708b0892fa2a970a21523","Article","Final","All Open Access; Hybrid Gold Open Access","Scopus","2-s2.0-85146381686"
"Das S.; Puthankattil S.D.","Das, Surya (57215497783); Puthankattil, Subha D. (55436927500)","57215497783; 55436927500","Wireless electroencephalogram monitoring system for deciphering neurological disorders using brain connectivity patterns","2023","Expert Systems","40","4","e13016","","","","0","10.1111/exsy.13016","https://www.scopus.com/inward/record.uri?eid=2-s2.0-85128361509&doi=10.1111%2fexsy.13016&partnerID=40&md5=e14449732a7dd00f9f1a52ee7bb6abdf","Article","Final","","Scopus","2-s2.0-85128361509"
"Chang H.; Liu B.; Zong Y.; Lu C.; Wang X.","Chang, Hongli (57222146751); Liu, Bo (58480986900); Zong, Yuan (57038101500); Lu, Cheng (57194429246); Wang, Xuenan (57147605900)","57222146751; 58480986900; 57038101500; 57194429246; 57147605900","EEG-Based Parkinson's Disease Recognition via Attention-Based Sparse Graph Convolutional Neural Network","2023","IEEE Journal of Biomedical and Health Informatics","27","11","","5216","5224","8","17","10.1109/JBHI.2023.3292452","https://www.scopus.com/inward/record.uri?eid=2-s2.0-85164433984&doi=10.1109%2fJBHI.2023.3292452&partnerID=40&md5=002336f51a8485300cbaa3d90104b642","Article","Final","","Scopus","2-s2.0-85164433984"
"Schneider J.M.; Kim J.; Poudel S.; Lee Y.S.; Maguire M.J.","Schneider, Julie M. (56604541700); Kim, Jeahong (57200410601); Poudel, Sonali (57401882800); Lee, Yune S. (16506509100); Maguire, Mandy J. (7201808919)","56604541700; 57200410601; 57401882800; 16506509100; 7201808919","Socioeconomic status (SES) and cognitive outcomes are predicted by resting-state EEG in school-aged children","2024","Developmental Cognitive Neuroscience","70","","101468","","","","0","10.1016/j.dcn.2024.101468","https://www.scopus.com/inward/record.uri?eid=2-s2.0-85208020361&doi=10.1016%2fj.dcn.2024.101468&partnerID=40&md5=9e61c7cc0bd740fc64175f195eabd3ec","Article","Final","All Open Access; Gold Open Access","Scopus","2-s2.0-85208020361"
"Black T.; Jenkins B.W.; Laprairie R.B.; Howland J.G.","Black, Tallan (57212758689); Jenkins, Bryan W. (57210825535); Laprairie, Robert B. (55316980400); Howland, John G. (26643319400)","57212758689; 57210825535; 55316980400; 26643319400","Therapeutic potential of gamma entrainment using sensory stimulation for cognitive symptoms associated with schizophrenia","2024","Neuroscience and Biobehavioral Reviews","161","","105681","","","","0","10.1016/j.neubiorev.2024.105681","https://www.scopus.com/inward/record.uri?eid=2-s2.0-85190804347&doi=10.1016%2fj.neubiorev.2024.105681&partnerID=40&md5=e7188b3f49b97d79307527093a7abcf9","Review","Final","All Open Access; Hybrid Gold Open Access","Scopus","2-s2.0-85190804347"
"Greatrex D.; Hawkins S.","Greatrex, David (59250864400); Hawkins, Sarah (7203056482)","59250864400; 7203056482","Rhythmic variance influences the speed but not the accuracy of complex averaging decisions","2024","Attention, Perception, and Psychophysics","86","6","","2104","2123","19","0","10.3758/s13414-024-02930-6","https://www.scopus.com/inward/record.uri?eid=2-s2.0-85200699119&doi=10.3758%2fs13414-024-02930-6&partnerID=40&md5=fbd0a1964945a450b394d066ca60e1d9","Article","Final","","Scopus","2-s2.0-85200699119"
"Rizzi R.; Bidelman G.M.","Rizzi, Rose (57811110600); Bidelman, Gavin M. (26325449700)","57811110600; 26325449700","Duplex perception reveals brainstem auditory representations are modulated by listeners’ ongoing percept for speech","2023","Cerebral Cortex","33","18","","10076","10086","10","1","10.1093/cercor/bhad266","https://www.scopus.com/inward/record.uri?eid=2-s2.0-85171393641&doi=10.1093%2fcercor%2fbhad266&partnerID=40&md5=e85c5718d6dad8eb5618f687e2a2bfe3","Article","Final","All Open Access; Green Open Access","Scopus","2-s2.0-85171393641"
"Pang C.H.; Lam Y.H.B.; Chia J.L.C.; Ng S.I.F.; Wong S.S.; Tay P.K.C.","Pang, Chu Hui (58486043500); Lam, Yeow Hing Bradley (58485626200); Chia, Jia Lin Cherie (58916833600); Ng, Soo Inn Fidessa (58485626300); Wong, Samuel Shengmiao (58485222200); Tay, Peter Kay Chai (57519863600)","58486043500; 58485626200; 58916833600; 58485626300; 58485222200; 57519863600","The effectiveness of Chinese instrumental music embedded with binaural beats in relieving anxiety related to academic stress among undergraduates: A randomized controlled trial","2024","Psychology of Music","","","","","","","0","10.1177/03057356241231769","https://www.scopus.com/inward/record.uri?eid=2-s2.0-85186615273&doi=10.1177%2f03057356241231769&partnerID=40&md5=28bcec0d5e97174fbd823896709785a7","Article","Article in press","","Scopus","2-s2.0-85186615273"
"Monk T.; Dennler N.; Ralph N.; Rastogi S.; Afshar S.; Urbizagastegui P.; Jarvis R.; van Schaik A.; Adamatzky A.","Monk, Travis (34880475700); Dennler, Nik (57205319172); Ralph, Nicholas (57211342769); Rastogi, Shavika (57223081942); Afshar, Saeed (35324039800); Urbizagastegui, Pablo (59338913600); Jarvis, Russell (58151336200); van Schaik, André (57210334967); Adamatzky, Andrew (55152430900)","34880475700; 57205319172; 57211342769; 57223081942; 35324039800; 59338913600; 58151336200; 57210334967; 55152430900","Electrical Signaling Beyond Neurons","2024","Neural Computation","36","10","","1939","2029","90","0","10.1162/neco_a_01696","https://www.scopus.com/inward/record.uri?eid=2-s2.0-85205740562&doi=10.1162%2fneco_a_01696&partnerID=40&md5=3f9ebfa912f8eaf75b20c5e8cfb68444","Review","Final","","Scopus","2-s2.0-85205740562"
"Sun M.; Xing W.; Yu W.; Slevc L.R.; Li W.","Sun, Mingjiang (59195357700); Xing, Weijing (59194051400); Yu, Wenjing (58891561400); Slevc, L. Robert (8594175000); Li, Weijun (55587501700)","59195357700; 59194051400; 58891561400; 8594175000; 55587501700","ERP evidence for cross-domain prosodic priming from music to speech","2024","Brain and Language","254","","105439","","","","0","10.1016/j.bandl.2024.105439","https://www.scopus.com/inward/record.uri?eid=2-s2.0-85197089995&doi=10.1016%2fj.bandl.2024.105439&partnerID=40&md5=55792b2fd2dcb9d1f31996e60daa383f","Article","Final","","Scopus","2-s2.0-85197089995"
"Castiblanco Jimenez I.A.; Olivetti E.C.; Vezzetti E.; Moos S.; Celeghin A.; Marcolin F.","Castiblanco Jimenez, Ivonne Angelica (57221335169); Olivetti, Elena Carlotta (57211883756); Vezzetti, Enrico (23020576900); Moos, Sandro (25723603200); Celeghin, Alessia (56312119300); Marcolin, Federica (54928181200)","57221335169; 57211883756; 23020576900; 25723603200; 56312119300; 54928181200","Effective affective EEG-based indicators in emotion-evoking VR environments: an evidence from machine learning","2024","Neural Computing and Applications","","","","","","","1","10.1007/s00521-024-10240-z","https://www.scopus.com/inward/record.uri?eid=2-s2.0-85204286394&doi=10.1007%2fs00521-024-10240-z&partnerID=40&md5=74f9f65e804f6f39a74ac81ac66538a1","Article","Article in press","All Open Access; Hybrid Gold Open Access","Scopus","2-s2.0-85204286394"
"Zielinski-Nicolson K.L.; Roberts N.; Boag S.","Zielinski-Nicolson, Kayley L. (58130902100); Roberts, Natalie (57970133800); Boag, Simon (13905324700)","58130902100; 57970133800; 13905324700","Does ASMR propensity reflect a mentally flexible mindset? Exploring the relationship between ASMR propensity, transliminality, emotional contagion, schizotypal traits, roleplaying ability, and creativity","2023","Consciousness and Cognition","113","","103546","","","","3","10.1016/j.concog.2023.103546","https://www.scopus.com/inward/record.uri?eid=2-s2.0-85163023438&doi=10.1016%2fj.concog.2023.103546&partnerID=40&md5=78389c6b675377c74d2052f1f325e36e","Article","Final","All Open Access; Hybrid Gold Open Access","Scopus","2-s2.0-85163023438"
"Liu Y.; Liu S.; Tang C.; Tang K.; Liu D.; Chen M.; Mao Z.; Xia X.","Liu, Yang (59107925900); Liu, Shuzhen (58082356300); Tang, Can (57571569900); Tang, Keke (57918132900); Liu, Di (57918923900); Chen, Meilian (57919118400); Mao, Zhiqi (55286317800); Xia, Xuewei (56768666200)","59107925900; 58082356300; 57571569900; 57918132900; 57918923900; 57919118400; 55286317800; 56768666200","Transcranial alternating current stimulation combined with sound stimulation improves cognitive function in patients with Alzheimer’s disease: Study protocol for a randomized controlled trial","2023","Frontiers in Aging Neuroscience","14","","1068175","","","","10","10.3389/fnagi.2022.1068175","https://www.scopus.com/inward/record.uri?eid=2-s2.0-85146983811&doi=10.3389%2ffnagi.2022.1068175&partnerID=40&md5=dd681410f9f0ecacde22f189fd5cfa64","Article","Final","All Open Access; Gold Open Access","Scopus","2-s2.0-85146983811"
"Yin Q.; Johnson E.L.; Ofen N.","Yin, Qin (57205190719); Johnson, Elizabeth L. (55469677200); Ofen, Noa (16042895400)","57205190719; 55469677200; 16042895400","Neurophysiological mechanisms of cognition in the developing brain: Insights from intracranial EEG studies","2023","Developmental Cognitive Neuroscience","64","","101312","","","","0","10.1016/j.dcn.2023.101312","https://www.scopus.com/inward/record.uri?eid=2-s2.0-85173916978&doi=10.1016%2fj.dcn.2023.101312&partnerID=40&md5=14e36c58533f57444c0c979719bac304","Article","Final","All Open Access; Gold Open Access","Scopus","2-s2.0-85173916978"
"Zhou W.; Wu X.","Zhou, Weichen (57220104991); Wu, Xia (57234424200)","57220104991; 57234424200","The impact of internal-generated contextual clues on EFL vocabulary learning: insights from EEG","2024","Frontiers in Psychology","15","","1332098","","","","0","10.3389/fpsyg.2024.1332098","https://www.scopus.com/inward/record.uri?eid=2-s2.0-85185111539&doi=10.3389%2ffpsyg.2024.1332098&partnerID=40&md5=d19931a8137dcc384571a95bd5543ed7","Article","Final","All Open Access; Gold Open Access","Scopus","2-s2.0-85185111539"
"Todd N.P.M.; Keller P.E.; Govender S.; Colebatch J.G.","Todd, Neil P.M. (59157743800); Keller, Peter E. (58008087300); Govender, Sendhil (26534094400); Colebatch, James G. (7004946765)","59157743800; 58008087300; 26534094400; 7004946765","Electrophysiological Activity Associated with a Cross-Modal Anapaest Rhythm: Evidence for the Vestibular Syncopation Hypothesis","2024","Timing and Time Perception","","","","","","","1","10.1163/22134468-bja10108","https://www.scopus.com/inward/record.uri?eid=2-s2.0-85193067390&doi=10.1163%2f22134468-bja10108&partnerID=40&md5=7a2594e242ceea627de0f0637b8d3f34","Article","Article in press","All Open Access; Hybrid Gold Open Access","Scopus","2-s2.0-85193067390"
"Chee Z.J.; Chang C.Y.M.; Cheong J.Y.; Malek F.H.B.A.; Hussain S.; de Vries M.; Bellato A.","Chee, Zhong Jian (57244133700); Chang, Chern Yi Marybeth (57218225976); Cheong, Jean Yi (58942256500); Malek, Fatin Hannah Binte Abdul (58942296000); Hussain, Shahad (58942488600); de Vries, Marieke (55133632400); Bellato, Alessio (57211907947)","57244133700; 57218225976; 58942256500; 58942296000; 58942488600; 55133632400; 57211907947","The effects of music and auditory stimulation on autonomic arousal, cognition and attention: A systematic review","2024","International Journal of Psychophysiology","199","","112328","","","","2","10.1016/j.ijpsycho.2024.112328","https://www.scopus.com/inward/record.uri?eid=2-s2.0-85187960863&doi=10.1016%2fj.ijpsycho.2024.112328&partnerID=40&md5=0caa1c0f50133a6e33a627f3c2f03a23","Review","Final","All Open Access; Hybrid Gold Open Access","Scopus","2-s2.0-85187960863"
"Chernetchenko D.; Prasolov P.; Aganov S.; Voropai A.; Polishchuk Y.; Lituiev D.; Nayshtetik E.","Chernetchenko, Dmytro (57214346507); Prasolov, Pramax (57728600900); Aganov, Sam (57497345100); Voropai, Andrii (57612059000); Polishchuk, Yuliia (58117765500); Lituiev, Dmytro (35743687000); Nayshtetik, Eugene (57495463400)","57214346507; 57728600900; 57497345100; 57612059000; 58117765500; 35743687000; 57495463400","Effects of Binaural Beat Stimulation in Adults with Stuttering","2023","Brain Sciences","13","2","309","","","","1","10.3390/brainsci13020309","https://www.scopus.com/inward/record.uri?eid=2-s2.0-85148884557&doi=10.3390%2fbrainsci13020309&partnerID=40&md5=7c24aa5b1c35cadf24b2c1d9a675745a","Article","Final","All Open Access; Gold Open Access; Green Open Access","Scopus","2-s2.0-85148884557"
"Wang S.; Liu C.; Zhang L.; Sun C.-K.; Yang S.-Y.","Wang, Songyan (58187744100); Liu, Cheng (57222605978); Zhang, Lin (59234672600); Sun, Cheuk-Kwan (57202568962); Yang, Shang-Yu (57199267751)","58187744100; 57222605978; 59234672600; 57202568962; 57199267751","Effects of Fast-Tempo and Binaural Beat Therapy Music during Warm-Up on Repeated Sprint Ability Test Performance among Young Soccer Players","2024","Brain Sciences","14","7","673","","","","0","10.3390/brainsci14070673","https://www.scopus.com/inward/record.uri?eid=2-s2.0-85199628532&doi=10.3390%2fbrainsci14070673&partnerID=40&md5=c60250473d53ab6df5cbf8d213c3a010","Article","Final","All Open Access; Gold Open Access","Scopus","2-s2.0-85199628532"
"Lenc T.; Peter V.; Hooper C.; Keller P.E.; Burnham D.; Nozaradan S.","Lenc, Tomas (57200447688); Peter, Varghese (36188703400); Hooper, Caitlin (58018268500); Keller, Peter E. (58008087300); Burnham, Denis (7005177876); Nozaradan, Sylvie (16239070300)","57200447688; 36188703400; 58018268500; 58008087300; 7005177876; 16239070300","Infants show enhanced neural responses to musical meter frequencies beyond low-level features","2023","Developmental Science","26","5","e13353","","","","9","10.1111/desc.13353","https://www.scopus.com/inward/record.uri?eid=2-s2.0-85144055019&doi=10.1111%2fdesc.13353&partnerID=40&md5=d97f8ed93196389f7da0acf98fb6ba00","Article","Final","","Scopus","2-s2.0-85144055019"
"Li R.; Meng J.; You J.; Zhou X.; Xu M.; Ming D.","Li, Rong (57219008461); Meng, Jiayuan (56808642200); You, Jia (57224675493); Zhou, Xiaoyu (57213589803); Xu, Minpeng (37076397600); Ming, Dong (58026507100)","57219008461; 56808642200; 57224675493; 57213589803; 37076397600; 58026507100","Long-range and cross-frequency neural modulation of gamma flicker on vigilance decrement","2024","Cognitive Neurodynamics","18","2","","417","429","12","0","10.1007/s11571-023-10008-6","https://www.scopus.com/inward/record.uri?eid=2-s2.0-85173938090&doi=10.1007%2fs11571-023-10008-6&partnerID=40&md5=9f4872bc12d9cc4b2fd57ddef995f3a2","Article","Final","","Scopus","2-s2.0-85173938090"
"Tan P.; Ren X.","Tan, Peng (57207810096); Ren, Xiangshi (7401875870)","57207810096; 7401875870","The Effects of Rhythmic Footstep and Sound Interactions on Creativity: A Design and Evaluation Study","2024","International Journal of Human-Computer Interaction","","","","","","","0","10.1080/10447318.2024.2378253","https://www.scopus.com/inward/record.uri?eid=2-s2.0-85200040767&doi=10.1080%2f10447318.2024.2378253&partnerID=40&md5=78b7fec835d0468a4c08a2c41ebf9750","Article","Article in press","","Scopus","2-s2.0-85200040767"
"Kim Y.-J.; Kim K.-B.; Kim J.-S.; Kim H.-S.; Choi M.-H.; Yi J.-H.; Chung S.-C.","Kim, Ye-Jin (57214440556); Kim, Kyu-Beom (57224413677); Kim, Ji-Su (57971773800); Kim, Hyung-Sik (57203423417); Choi, Mi-Hyun (57693274300); Yi, Jeong-Han (7402736699); Chung, Soon-Cheol (55976631100)","57214440556; 57224413677; 57971773800; 57203423417; 57693274300; 7402736699; 55976631100","Effects of inaudible binaural beats on visuospatial memory","2023","NeuroReport","34","10","","501","505","4","1","10.1097/WNR.0000000000001916","https://www.scopus.com/inward/record.uri?eid=2-s2.0-85161635411&doi=10.1097%2fWNR.0000000000001916&partnerID=40&md5=aa28a8a8d5adc9d90996908b06aee89f","Article","Final","All Open Access; Green Open Access","Scopus","2-s2.0-85161635411"
"Welhaf M.S.; Kane M.J.","Welhaf, Matthew S. (55945301000); Kane, Michael J. (7202167989)","55945301000; 7202167989","A combined experimental–correlational approach to the construct validity of performance-based and self-report-based measures of sustained attention","2024","Attention, Perception, and Psychophysics","86","1","","109","145","36","1","10.3758/s13414-023-02786-2","https://www.scopus.com/inward/record.uri?eid=2-s2.0-85178120320&doi=10.3758%2fs13414-023-02786-2&partnerID=40&md5=02d4d78fbf0e753f2dee26a3d24d51cf","Article","Final","All Open Access; Green Open Access","Scopus","2-s2.0-85178120320"
"Chang M.; Tanaka K.; Naruse Y.; Imamura Y.; Fujii S.","Chang, Ming (56150607900); Tanaka, Kenta (58616853800); Naruse, Yasushi (14123705900); Imamura, Yasuhiko (58165536900); Fujii, Shinya (57189705002)","56150607900; 58616853800; 14123705900; 58165536900; 57189705002","Influence of monaural auditory stimulation combined with music on brain activity","2023","Frontiers in Human Neuroscience","17","","1311602","","","","0","10.3389/fnhum.2023.1311602","https://www.scopus.com/inward/record.uri?eid=2-s2.0-85183053908&doi=10.3389%2ffnhum.2023.1311602&partnerID=40&md5=57ce5d4e7f72d62696ae516b9594781a","Article","Final","All Open Access; Gold Open Access","Scopus","2-s2.0-85183053908"
"Fougère M.; Greco-Vuilloud J.; Arnous C.; Abel F.; Lowe C.; Elie V.; Marchand S.","Fougère, Maxime (57899189100); Greco-Vuilloud, Juliette (57565436500); Arnous, Chloé (58611988100); Abel, Florence (57362597200); Lowe, Chrissy (58611832400); Elie, Valery (35268575600); Marchand, Serge (7004320633)","57899189100; 57565436500; 58611988100; 57362597200; 58611832400; 35268575600; 7004320633","Sensory stimulations potentializing digital therapeutics pain control","2023","Frontiers in Pain Research","4","","1168377","","","","2","10.3389/fpain.2023.1168377","https://www.scopus.com/inward/record.uri?eid=2-s2.0-85171862371&doi=10.3389%2ffpain.2023.1168377&partnerID=40&md5=0906ac21359d7bc6a3dbd38025e2089a","Review","Final","All Open Access; Gold Open Access; Green Open Access","Scopus","2-s2.0-85171862371"
"Mockevičius A.; Voicikas A.; Jurkuvėnas V.; Tarailis P.; Griškova-Bulanova I.","Mockevičius, Aurimas (57783359700); Voicikas, Aleksandras (57189071704); Jurkuvėnas, Vytautas (6508318809); Tarailis, Povilas (57211201670); Griškova-Bulanova, Inga (8386942500)","57783359700; 57189071704; 6508318809; 57211201670; 8386942500","Individualized EEG-Based Neurofeedback Targeting Auditory Steady-State Responses: A Proof-of-Concept Study","2024","Applied Psychophysiology Biofeedback","","","","","","","0","10.1007/s10484-024-09662-1","https://www.scopus.com/inward/record.uri?eid=2-s2.0-85202464342&doi=10.1007%2fs10484-024-09662-1&partnerID=40&md5=b9025d101fb9e1c36349add012388f34","Article","Article in press","","Scopus","2-s2.0-85202464342"
"Bavafa A.; Foroughi A.; Jaberghaderi N.; Khazaei H.","Bavafa, Amir (57216579262); Foroughi, Aliakbar (57209221925); Jaberghaderi, Nasrin (6504169588); Khazaei, Habibollah (24279942000)","57216579262; 57209221925; 6504169588; 24279942000","The Efficacy of Theta Binaural Beat on the Absolute Power of Theta Activity in Individuals With Primary Insomnia","2023","Basic and Clinical Neuroscience","14","3","","331","340","9","0","10.32598/bcn.2021.2162.1","https://www.scopus.com/inward/record.uri?eid=2-s2.0-85167717779&doi=10.32598%2fbcn.2021.2162.1&partnerID=40&md5=d9e1b3d90da5765cc35be5996d6f0809","Article","Final","All Open Access; Gold Open Access","Scopus","2-s2.0-85167717779"
"Calvano A.; Timmermann L.; Loehrer P.A.; Oehrn C.R.; Weber I.","Calvano, Alexander (57218408504); Timmermann, Lars (6603563144); Loehrer, Philipp Alexander (57191254440); Oehrn, Carina Renate (24921847600); Weber, Immo (23571254900)","57218408504; 6603563144; 57191254440; 24921847600; 23571254900","Binaural acoustic stimulation in patients with Parkinson’s disease","2023","Frontiers in Neurology","14","","1167006","","","","3","10.3389/fneur.2023.1167006","https://www.scopus.com/inward/record.uri?eid=2-s2.0-85159926886&doi=10.3389%2ffneur.2023.1167006&partnerID=40&md5=c4220c805977ec68aa8dbd82e8e40017","Article","Final","All Open Access; Gold Open Access; Green Open Access","Scopus","2-s2.0-85159926886"
"Hu H.; Ewert S.D.; Kollmeier B.; Vickers D.","Hu, Hongmei (55498402700); Ewert, Stephan D. (7004363887); Kollmeier, Birger (7006746726); Vickers, Deborah (7006164240)","55498402700; 7004363887; 7006746726; 7006164240","Rate dependent neural responses of interaural-time-difference cues in fine-structure and envelope","2024","PeerJ","12","4","e17104","","","","0","10.7717/peerj.17104","https://www.scopus.com/inward/record.uri?eid=2-s2.0-85191559985&doi=10.7717%2fpeerj.17104&partnerID=40&md5=4603ed4b6af6b6d306e42d4baf2a1723","Article","Final","All Open Access; Gold Open Access","Scopus","2-s2.0-85191559985"
"Rankhambe D.; Ainapure B.S.; Appasani B.; Jha A.V.","Rankhambe, Devika (57479297900); Ainapure, Bharati Sanjay (55575963200); Appasani, Bhargav (55972668400); Jha, Amitkumar V. (57206243573)","57479297900; 55575963200; 55972668400; 57206243573","A Flower Pollination Algorithm-Optimized Wavelet Transform and Deep CNN for Analyzing Binaural Beats and Anxiety","2024","AI (Switzerland)","5","1","","115","135","20","0","10.3390/ai5010007","https://www.scopus.com/inward/record.uri?eid=2-s2.0-85188682490&doi=10.3390%2fai5010007&partnerID=40&md5=56c8c54ffd1812afae5d0a6014e94ac3","Article","Final","All Open Access; Gold Open Access","Scopus","2-s2.0-85188682490"
"Yadav H.; Maini S.","Yadav, Hitesh (58195893600); Maini, Surita (54999832100)","58195893600; 54999832100","Electroencephalogram based brain-computer interface: Applications, challenges, and opportunities","2023","Multimedia Tools and Applications","82","30","","47003","47047","44","8","10.1007/s11042-023-15653-x","https://www.scopus.com/inward/record.uri?eid=2-s2.0-85157969006&doi=10.1007%2fs11042-023-15653-x&partnerID=40&md5=a0d8f9ac4a1d2d800890d2cfb89f1e39","Article","Final","All Open Access; Bronze Open Access; Green Open Access","Scopus","2-s2.0-85157969006"
"Cepeda-Zapata L.K.; Corona-González C.E.; Alonso-Valerdi L.M.; Ibarra-Zarate D.I.","Cepeda-Zapata, Luis Kevin (57213608242); Corona-González, César E. (57359711900); Alonso-Valerdi, Luz María (49962954800); Ibarra-Zarate, David I. (55234023500)","57213608242; 57359711900; 49962954800; 55234023500","Binaural Beat Effects on Attention: A Study Based on the Oddball Paradigm","2023","Brain Topography","36","5","","671","685","14","1","10.1007/s10548-023-00990-9","https://www.scopus.com/inward/record.uri?eid=2-s2.0-85165665904&doi=10.1007%2fs10548-023-00990-9&partnerID=40&md5=2ae048b9b580d315d6dad00665c79ad3","Article","Final","","Scopus","2-s2.0-85165665904"
"Li R.; Xu M.; You J.; Zhou X.; Meng J.; Xiao X.; Jung T.-P.; Ming D.","Li, Rong (57219008461); Xu, Minpeng (37076397600); You, Jia (57224675493); Zhou, Xiaoyu (57213589803); Meng, Jiayuan (56808642200); Xiao, Xiaolin (56647294100); Jung, Tzyy-Ping (7201389395); Ming, Dong (58026507100)","57219008461; 37076397600; 57224675493; 57213589803; 56808642200; 56647294100; 7201389395; 58026507100","Modulation of rhythmic visual stimulation on left–right attentional asymmetry","2023","Frontiers in Neuroscience","17","","1156890","","","","0","10.3389/fnins.2023.1156890","https://www.scopus.com/inward/record.uri?eid=2-s2.0-85160029961&doi=10.3389%2ffnins.2023.1156890&partnerID=40&md5=fb90537f2d719ca7f019e3d15751ec6e","Article","Final","All Open Access; Gold Open Access; Green Open Access","Scopus","2-s2.0-85160029961"
"Liu Y.; Hou Y.; Quan H.; Zhao D.; Zhao J.; Cao B.; Pang Y.; Chen H.; Lei X.; Yuan H.","Liu, Yong (57201032379); Hou, Yi (58079529300); Quan, Huan (57209778801); Zhao, Dongfang (58078268300); Zhao, Jia (57191637468); Cao, Bing (56681709500); Pang, Yazhi (57870839700); Chen, Hong (57214474301); Lei, Xu (15846129100); Yuan, Hong (54789365700)","57201032379; 58079529300; 57209778801; 58078268300; 57191637468; 56681709500; 57870839700; 57214474301; 15846129100; 54789365700","Mindfulness Training Improves Attention: Evidence from Behavioral and Event-related Potential Analyses","2023","Brain Topography","36","2","","243","254","11","3","10.1007/s10548-023-00938-z","https://www.scopus.com/inward/record.uri?eid=2-s2.0-85146839997&doi=10.1007%2fs10548-023-00938-z&partnerID=40&md5=5b0d464b3dce01142dafab45eb13ec20","Article","Final","","Scopus","2-s2.0-85146839997"
"Kauser H.; Ahluwalia H.","Kauser, Hina (7801447318); Ahluwalia, Himani (57045675700)","7801447318; 57045675700","Effect of Rhythmic Auditory Stimulation on Sleep and Cognition in College Students","2024","Sleep and Vigilance","8","1","","65","70","5","0","10.1007/s41782-023-00254-3","https://www.scopus.com/inward/record.uri?eid=2-s2.0-85180472046&doi=10.1007%2fs41782-023-00254-3&partnerID=40&md5=216de72540b3cdd2b2a74b94698a977c","Article","Final","","Scopus","2-s2.0-85180472046"
"Friedman R.S.; Kowalewski D.A.","Friedman, Ronald S (24467793000); Kowalewski, Douglas A (57212061089)","24467793000; 57212061089","Interactive effects of presentation mode and pitch register on simultaneous consonance","2024","Musicae Scientiae","","","","","","","0","10.1177/10298649241255693","https://www.scopus.com/inward/record.uri?eid=2-s2.0-85196374302&doi=10.1177%2f10298649241255693&partnerID=40&md5=ea28521e08211d418fe6911b835edfbc","Article","Article in press","","Scopus","2-s2.0-85196374302"
"Yuk K.; Lim J.; Moon H.Y.","Yuk, Kihoon (58079229200); Lim, Jawon (59295740100); Moon, Hyo Youl (59295740200)","58079229200; 59295740100; 59295740200","Comparing the effects of resistance and aerobic exercise on mood-related symptoms and EEG activity in young healthy adults: A non-randomized pilot study","2024","Mental Health and Physical Activity","27","","100626","","","","0","10.1016/j.mhpa.2024.100626","https://www.scopus.com/inward/record.uri?eid=2-s2.0-85201917632&doi=10.1016%2fj.mhpa.2024.100626&partnerID=40&md5=75cf3992cfb44e6ee24eaee2cb799197","Article","Final","","Scopus","2-s2.0-85201917632"
"İlhan B.; Kurt S.; Ungan P.","İlhan, Barkın (6507962831); Kurt, Saliha (58368163900); Ungan, Pekcan (6701562334)","6507962831; 58368163900; 6701562334","Auditory cortical responses to abrupt lateralization shifts do not reflect the activity of hemifield-specific units involved in opponent coding of auditory space","2023","Neuropsychologia","188","","108629","","","","0","10.1016/j.neuropsychologia.2023.108629","https://www.scopus.com/inward/record.uri?eid=2-s2.0-85163175781&doi=10.1016%2fj.neuropsychologia.2023.108629&partnerID=40&md5=31685fac3fc7234abe665510a1b9b87a","Article","Final","","Scopus","2-s2.0-85163175781"
"Xiao X.; Chen W.; Zhang X.","Xiao, Xiang (58286547900); Chen, Wenyi (58287276800); Zhang, Xiaoying (57190404111)","58286547900; 58287276800; 57190404111","The effect and mechanisms of music therapy on the autonomic nervous system and brain networks of patients of minimal conscious states: a randomized controlled trial","2023","Frontiers in Neuroscience","17","","1182181","","","","5","10.3389/fnins.2023.1182181","https://www.scopus.com/inward/record.uri?eid=2-s2.0-85160060568&doi=10.3389%2ffnins.2023.1182181&partnerID=40&md5=f7c2edd9d17388dffc17301d81294b96","Article","Final","All Open Access; Gold Open Access; Green Open Access","Scopus","2-s2.0-85160060568"
"Erat K.; Şahin E.B.; Doğan F.; Merdanoğlu N.; Akcakaya A.; Durdu P.O.","Erat, Kübra (57215329603); Şahin, Elif Bilge (58914791400); Doğan, Furkan (58915270100); Merdanoğlu, Nur (57209979485); Akcakaya, Ahmet (58915270200); Durdu, Pınar Onay (33167543000)","57215329603; 58914791400; 58915270100; 57209979485; 58915270200; 33167543000","Emotion recognition with EEG-based brain-computer interfaces: a systematic literature review","2024","Multimedia Tools and Applications","83","33","","79647","79694","47","0","10.1007/s11042-024-18259-z","https://www.scopus.com/inward/record.uri?eid=2-s2.0-85186412474&doi=10.1007%2fs11042-024-18259-z&partnerID=40&md5=da6a586436c707ff0124ec5644173527","Article","Final","All Open Access; Hybrid Gold Open Access","Scopus","2-s2.0-85186412474"
"Angkan P.; Behinaein B.; Mahmud Z.; Bhatti A.; Rodenburg D.; Hungler P.; Etemad A.","Angkan, Prithila (58202785400); Behinaein, Behnam (55205962500); Mahmud, Zunayed (57384859700); Bhatti, Anubhav (57232206300); Rodenburg, Dirk (6504123259); Hungler, Paul (26658455200); Etemad, Ali (34871722600)","58202785400; 55205962500; 57384859700; 57232206300; 6504123259; 26658455200; 34871722600","Multimodal Brain-Computer Interface for In-Vehicle Driver Cognitive Load Measurement: Dataset and Baselines","2024","IEEE Transactions on Intelligent Transportation Systems","25","6","","5949","5964","15","3","10.1109/TITS.2023.3345846","https://www.scopus.com/inward/record.uri?eid=2-s2.0-85182370013&doi=10.1109%2fTITS.2023.3345846&partnerID=40&md5=abb0985a59a97c0a9d3e94f7e79af5ed","Article","Final","All Open Access; Green Open Access","Scopus","2-s2.0-85182370013"
"Honda C.T.; Clayards M.; Baum S.R.","Honda, Claire T. (57200862147); Clayards, Meghan (24390461300); Baum, Shari R. (7202092168)","57200862147; 24390461300; 7202092168","Individual differences in the consistency of neural and behavioural responses to speech sounds","2024","Brain Research","1845","","149208","","","","0","10.1016/j.brainres.2024.149208","https://www.scopus.com/inward/record.uri?eid=2-s2.0-85202916803&doi=10.1016%2fj.brainres.2024.149208&partnerID=40&md5=8a91f13add12584d8b2a263846251895","Article","Final","All Open Access; Hybrid Gold Open Access","Scopus","2-s2.0-85202916803"
"Dos Anjos T.; Di Rienzo F.; Benoit C.-E.; Daligault S.; Guillot A.","Dos Anjos, Typhanie (58131338000); Di Rienzo, Franck (55353737500); Benoit, Charles-Etienne (36570031700); Daligault, Sebastien (36476011800); Guillot, Aymeric (7003423136)","58131338000; 55353737500; 36570031700; 36476011800; 7003423136","Brain wave modulation and EEG power changes during auditory beats stimulation","2024","Neuroscience","554","","","156","166","10","0","10.1016/j.neuroscience.2024.07.014","https://www.scopus.com/inward/record.uri?eid=2-s2.0-85199173072&doi=10.1016%2fj.neuroscience.2024.07.014&partnerID=40&md5=2f70ebedd453104afe64224984e0bebd","Article","Final","","Scopus","2-s2.0-85199173072"
"Sahu M.; Ambasta R.K.; Das S.R.; Mishra M.K.; Shanker A.; Kumar P.","Sahu, Mehar (57222668108); Ambasta, Rashmi K. (6508198706); Das, Suman R. (8951325200); Mishra, Manoj K. (56357222900); Shanker, Anil (7005388954); Kumar, Pravir (14831447800)","57222668108; 6508198706; 8951325200; 56357222900; 7005388954; 14831447800","Harnessing Brainwave Entrainment: A Non-invasive Strategy To Alleviate Neurological Disorder Symptoms","2024","Ageing Research Reviews","101","","102547","","","","0","10.1016/j.arr.2024.102547","https://www.scopus.com/inward/record.uri?eid=2-s2.0-85206873445&doi=10.1016%2fj.arr.2024.102547&partnerID=40&md5=8298a9a45070444b8b589e8e795d8eb5","Review","Final","","Scopus","2-s2.0-85206873445"
"Huang J.; Huang X.; Peng Y.; Hu L.","Huang, Jing (56413174000); Huang, Xinyu (58957326800); Peng, Yang (57722621900); Hu, Lin (55375336000)","56413174000; 58957326800; 57722621900; 55375336000","Driver state recognition with physiological signals: Based on deep feature fusion and feature selection techniques","2024","Biomedical Signal Processing and Control","93","","106204","","","","2","10.1016/j.bspc.2024.106204","https://www.scopus.com/inward/record.uri?eid=2-s2.0-85188699589&doi=10.1016%2fj.bspc.2024.106204&partnerID=40&md5=86eb1a63f9b7caa3be5b9c93480e68c4","Article","Final","","Scopus","2-s2.0-85188699589"
"Yokota Y.; Tanaka K.; Chang M.; Naruse Y.; Imamura Y.; Fujii S.","Yokota, Yusuke (57932939100); Tanaka, Kenta (58616853800); Chang, Ming (58838097400); Naruse, Yasushi (14123705900); Imamura, Yasuhiko (58165536900); Fujii, Shinya (57189705002)","57932939100; 58616853800; 58838097400; 14123705900; 58165536900; 57189705002","Gamma music: a new acoustic stimulus for gamma-frequency auditory steady-state response","2023","Frontiers in Human Neuroscience","17","","1287018","","","","1","10.3389/fnhum.2023.1287018","https://www.scopus.com/inward/record.uri?eid=2-s2.0-85183023618&doi=10.3389%2ffnhum.2023.1287018&partnerID=40&md5=1bd1b4134256cb69548e708d1c2b0657","Article","Final","All Open Access; Gold Open Access","Scopus","2-s2.0-85183023618"
"Li H.; Li H.; Ma L.; Polina D.","Li, Hongwei (57218653350); Li, Haifeng (57004064400); Ma, Lin (57212379038); Polina, Diokova (58977036200)","57218653350; 57004064400; 57212379038; 58977036200","Revealing brain’s cognitive process deeply: a study of the consistent EEG patterns of audio-visual perceptual holistic","2024","Frontiers in Human Neuroscience","18","","1377233","","","","0","10.3389/fnhum.2024.1377233","https://www.scopus.com/inward/record.uri?eid=2-s2.0-85189862425&doi=10.3389%2ffnhum.2024.1377233&partnerID=40&md5=5eb52f26d19c5ac083caa008d32ae16e","Article","Final","All Open Access; Gold Open Access","Scopus","2-s2.0-85189862425"
"Luo C.; Gao Y.; Fan J.; Liu Y.; Yu Y.; Zhang X.","Luo, Cheng (26324947200); Gao, Yayue (54399822700); Fan, Jianing (58283809500); Liu, Yang (58283809600); Yu, Yonglin (55559599100); Zhang, Xin (59074241000)","26324947200; 54399822700; 58283809500; 58283809600; 55559599100; 59074241000","Compromised word-level neural tracking in the high-gamma band for children with attention deficit hyperactivity disorder","2023","Frontiers in Human Neuroscience","17","","1174720","","","","2","10.3389/fnhum.2023.1174720","https://www.scopus.com/inward/record.uri?eid=2-s2.0-85159865159&doi=10.3389%2ffnhum.2023.1174720&partnerID=40&md5=df8d8d1c45c17c8978b97401b700e59c","Article","Final","All Open Access; Gold Open Access","Scopus","2-s2.0-85159865159"
"Kanzler S.A.; Cidral-Filho F.J.; Kuerten B.; Prediger R.D.","Kanzler, Sandro A. (59390874700); Cidral-Filho, Francisco J. (51664645100); Kuerten, Beatriz (59390574300); Prediger, Rui Daniel (8507563600)","59390874700; 51664645100; 59390574300; 8507563600","Effects of acoustic neurostimulation in healthy adults on symptoms of depression, anxiety, stress and sleep quality: a randomized clinical study","2023","Exploration of Neuroprotective Therapy","3","6","","481","496","15","1","10.37349/ent.2023.00064","https://www.scopus.com/inward/record.uri?eid=2-s2.0-85207846669&doi=10.37349%2fent.2023.00064&partnerID=40&md5=b40ccfacd251dfc22d311860a6a53a48","Article","Final","All Open Access; Gold Open Access","Scopus","2-s2.0-85207846669"
"Gantt M.A.","Gantt, Melisa A. (57194781711)","57194781711","Study protocol to support the development of an all-night binaural beat frequency audio program to entrain sleep","2023","Frontiers in Neurology","14","","1024726","","","","1","10.3389/fneur.2023.1024726","https://www.scopus.com/inward/record.uri?eid=2-s2.0-85147748541&doi=10.3389%2ffneur.2023.1024726&partnerID=40&md5=82139d728596b18721ccff238308c257","Article","Final","All Open Access; Gold Open Access; Green Open Access","Scopus","2-s2.0-85147748541"
"Basu S.; Phogat R.; Jartarkar M.; Banerjee B.; Parmananda P.","Basu, Sandhya (57218375415); Phogat, Richa (37015757300); Jartarkar, Mayur (57196189900); Banerjee, Bidisha (57195948744); Parmananda, Punit (14519836900)","57218375415; 37015757300; 57196189900; 57195948744; 14519836900","Role of visual brainwave entrainment on the resting state brainwaves of children with and without attention-deficit/hyperactivity disorder","2024","Applied Neuropsychology: Child","","","","","","","0","10.1080/21622965.2024.2377656","https://www.scopus.com/inward/record.uri?eid=2-s2.0-85198332824&doi=10.1080%2f21622965.2024.2377656&partnerID=40&md5=183fc1b188ec970e79411279ba2649f6","Article","Article in press","","Scopus","2-s2.0-85198332824"
"Costa M.; Visentin C.; Occhionero M.; Tonetti L.; Prodi N.; Natale V.","Costa, Marco (57207343704); Visentin, Chiara (36629365600); Occhionero, Miranda (7004003435); Tonetti, Lorenzo (15623453500); Prodi, Nicola (6602826940); Natale, Vincenzo (13605094000)","57207343704; 36629365600; 7004003435; 15623453500; 6602826940; 13605094000","Pentatonic sequences and monaural beats to facilitate relaxation: an EEG study","2024","Frontiers in Psychology","15","","1369485","","","","0","10.3389/fpsyg.2024.1369485","https://www.scopus.com/inward/record.uri?eid=2-s2.0-85191724500&doi=10.3389%2ffpsyg.2024.1369485&partnerID=40&md5=e310335f323f7c7cf89ac57a72120bb6","Article","Final","All Open Access; Gold Open Access","Scopus","2-s2.0-85191724500"
"Tuckute G.; Feather J.; Boebinger D.; McDermott J.H.","Tuckute, Greta (57208543175); Feather, Jenelle (56810941900); Boebinger, Dana (56451128000); McDermott, Josh H. (7202518254)","57208543175; 56810941900; 56451128000; 7202518254","Many but not all deep neural network audio models capture brain responses and exhibit correspondence between model stages and brain regions","2023","PLoS Biology","21","12","","","","","6","10.1371/journal.pbio.3002366","https://www.scopus.com/inward/record.uri?eid=2-s2.0-85179641760&doi=10.1371%2fjournal.pbio.3002366&partnerID=40&md5=b689f7792208680c599a389d1490078e","Article","Final","All Open Access; Gold Open Access","Scopus","2-s2.0-85179641760"
"Mirmohamadi S.; Norozpour Y.; Zarrabian S.","Mirmohamadi, Seyedmohamad (59161729600); Norozpour, Yaser (57189689749); Zarrabian, Shahram (57076557800)","59161729600; 57189689749; 57076557800","A Review of Binaural Bates and the Brain","2024","Basic and Clinical Neuroscience","15","2","","133","146","13","0","10.32598/bcn.2022.1406.2","https://www.scopus.com/inward/record.uri?eid=2-s2.0-85195281837&doi=10.32598%2fbcn.2022.1406.2&partnerID=40&md5=dce0b0d66723750dc63de8e9859f7f91","Review","Final","All Open Access; Gold Open Access","Scopus","2-s2.0-85195281837"
"Leistiko N.M.; Madanat L.; Yeung W.K.A.; Stone J.M.","Leistiko, Natalya Marie (58236336700); Madanat, Louay (58235653800); Yeung, Wing Kwan Antonia (58235882400); Stone, James M. (35254619400)","58236336700; 58235653800; 58235882400; 35254619400","Effects of gamma frequency binaural beats on attention and anxiety","2024","Current Psychology","43","6","","5032","5039","7","3","10.1007/s12144-023-04681-3","https://www.scopus.com/inward/record.uri?eid=2-s2.0-85158055633&doi=10.1007%2fs12144-023-04681-3&partnerID=40&md5=ba9402e1dbe9bc1951e28e64447661d8","Article","Final","All Open Access; Green Open Access; Hybrid Gold Open Access","Scopus","2-s2.0-85158055633"
"Alonso-Valerdi L.M.; Ibarra-Zárate D.I.; Torres-Torres A.S.; Zolezzi D.M.; Naal-Ruiz N.E.; Argüello-García J.","Alonso-Valerdi, Luz M. (49962954800); Ibarra-Zárate, David I. (55234023500); Torres-Torres, Alma S. (57614149400); Zolezzi, Daniela M. (57404735900); Naal-Ruiz, Norberto E. (57213603813); Argüello-García, Janet (57190606756)","49962954800; 55234023500; 57614149400; 57404735900; 57213603813; 57190606756","Comparative analysis of acoustic therapies for tinnitus treatment based on auditory event-related potentials","2023","Frontiers in Neuroscience","17","","1059096","","","","2","10.3389/fnins.2023.1059096","https://www.scopus.com/inward/record.uri?eid=2-s2.0-85153520429&doi=10.3389%2ffnins.2023.1059096&partnerID=40&md5=cbcf851db526b214923e056693edf3bb","Article","Final","All Open Access; Gold Open Access; Green Open Access","Scopus","2-s2.0-85153520429"
"Shestopalova L.B.; Petropavlovskaia E.A.; Salikova D.A.; Semenova V.V.","Shestopalova, Lidia B. (6603432925); Petropavlovskaia, Ekaterina A. (6506489829); Salikova, Diana A. (57892625200); Semenova, Varvara V. (57193449163)","6603432925; 6506489829; 57892625200; 57193449163","Temporal integration of sound motion: Motion-onset response and perception","2024","Hearing Research","441","","108922","","","","0","10.1016/j.heares.2023.108922","https://www.scopus.com/inward/record.uri?eid=2-s2.0-85178098923&doi=10.1016%2fj.heares.2023.108922&partnerID=40&md5=672185f18a81106aac1c3ce44d276738","Article","Final","","Scopus","2-s2.0-85178098923"
"Kim H.-W.; Happe J.; Lee Y.S.","Kim, Hyun-Woong (57220077196); Happe, Jenna (57944790100); Lee, Yune Sang (16506509100)","57220077196; 57944790100; 16506509100","Beta and gamma binaural beats enhance auditory sentence comprehension","2023","Psychological Research","87","7","","2218","2227","9","4","10.1007/s00426-023-01808-w","https://www.scopus.com/inward/record.uri?eid=2-s2.0-85149046614&doi=10.1007%2fs00426-023-01808-w&partnerID=40&md5=8f81754f2e26c34fdb93f642d520baa0","Article","Final","All Open Access; Green Open Access","Scopus","2-s2.0-85149046614"
"Castiblanco Jimenez I.A.; Nonis F.; Olivetti E.C.; Ulrich L.; Moos S.; Monaci M.G.; Marcolin F.; Vezzetti E.","Castiblanco Jimenez, Ivonne Angelica (57221335169); Nonis, Francesca (57209412512); Olivetti, Elena Carlotta (57211883756); Ulrich, Luca (57195305974); Moos, Sandro (25723603200); Monaci, Maria Grazia (12445751500); Marcolin, Federica (54928181200); Vezzetti, Enrico (23020576900)","57221335169; 57209412512; 57211883756; 57195305974; 25723603200; 12445751500; 54928181200; 23020576900","Exploring User Engagement in Museum Scenario with EEG—A Case Study in MAV Craftsmanship Museum in Valle d’Aosta Region, Italy","2023","Electronics (Switzerland)","12","18","3810","","","","4","10.3390/electronics12183810","https://www.scopus.com/inward/record.uri?eid=2-s2.0-85172914659&doi=10.3390%2felectronics12183810&partnerID=40&md5=2fa3fc2efa7f3c7d0793c0b31862bb1d","Article","Final","All Open Access; Gold Open Access","Scopus","2-s2.0-85172914659"
"Jacquet T.; Poulin-Charronnat B.; Lepers R.","Jacquet, Thomas (57201134359); Poulin-Charronnat, Bénédicte (6508198391); Lepers, Romuald (6603868074)","57201134359; 6508198391; 6603868074","How to overcome the negative effects of mental fatigue: a narrative review; [Comment lutter contre les effets négatifs de la fatigue mentale: une revue narrative]","2023","Movement and Sports Sciences - Science et Motricite","28","4","sm220037","","","","2","10.1051/sm/2022026","https://www.scopus.com/inward/record.uri?eid=2-s2.0-85150279163&doi=10.1051%2fsm%2f2022026&partnerID=40&md5=b1f78fa4f27cec1c19c2721643f3901b","Article","Final","All Open Access; Green Open Access","Scopus","2-s2.0-85150279163"
"Kwon H.B.; Jeong J.; Choi B.; Park K.S.; Joo E.Y.; Yoon H.","Kwon, Hyun Bin (57195333374); Jeong, Jonghyeok (59376789900); Choi, Byunghun (57198853816); Park, Kwang Suk (59377725800); Joo, Eun Yeon (59291628000); Yoon, Heenam (57201344363)","57195333374; 59376789900; 57198853816; 59377725800; 59291628000; 57201344363","Effect of closed-loop vibration stimulation on sleep quality for poor sleepers","2024","Frontiers in Neuroscience","18","","1456237","","","","0","10.3389/fnins.2024.1456237","https://www.scopus.com/inward/record.uri?eid=2-s2.0-85206979259&doi=10.3389%2ffnins.2024.1456237&partnerID=40&md5=989d00e12848a6d54a80930790058812","Article","Final","All Open Access; Gold Open Access","Scopus","2-s2.0-85206979259"
"Kobayashi K.; Shiba Y.; Honda S.; Nakajima S.; Fujii S.; Mimura M.; Noda Y.","Kobayashi, Kanon (58911445700); Shiba, Yasushi (58911576100); Honda, Shiori (57212564591); Nakajima, Shinichiro (24802401500); Fujii, Shinya (57189705002); Mimura, Masaru (7101717733); Noda, Yoshihiro (35430333200)","58911445700; 58911576100; 57212564591; 24802401500; 57189705002; 7101717733; 35430333200","Short-Term Effect of Auditory Stimulation on Neural Activities: A Scoping Review of Longitudinal Electroencephalography and Magnetoencephalography Studies","2024","Brain Sciences","14","2","131","","","","2","10.3390/brainsci14020131","https://www.scopus.com/inward/record.uri?eid=2-s2.0-85186268264&doi=10.3390%2fbrainsci14020131&partnerID=40&md5=48df910a6cd4cdeb11f8265a25f30bdb","Review","Final","All Open Access; Gold Open Access","Scopus","2-s2.0-85186268264"
"Villena-Gonzalez M.; Rojas-Thomas F.; Morales-Torres R.; López V.","Villena-Gonzalez, Mario (57148391500); Rojas-Thomas, Felipe (55750816100); Morales-Torres, Ricardo (58117214300); López, Vladimir (55663085700)","57148391500; 55750816100; 58117214300; 55663085700","Autonomous sensory meridian response is associated with a larger heartbeat-evoked potential amplitude without differences in interoceptive awareness","2023","Psychophysiology","60","6","e14277","","","","4","10.1111/psyp.14277","https://www.scopus.com/inward/record.uri?eid=2-s2.0-85148896206&doi=10.1111%2fpsyp.14277&partnerID=40&md5=991ab7a689730030efd384c0645f6dd0","Article","Final","","Scopus","2-s2.0-85148896206"
"Halpin S.J.; Casson A.J.; Tang N.K.Y.; Jones A.K.P.; O’Connor R.J.; Sivan M.","Halpin, Stephen J. (57197471599); Casson, Alexander J. (21742190000); Tang, Nicole K. Y. (7202344579); Jones, Anthony K. P. (9739601700); O’Connor, Rory J. (15729902700); Sivan, Manoj (18438035700)","57197471599; 21742190000; 7202344579; 9739601700; 15729902700; 18438035700","A feasibility study of pre-sleep audio and visual alpha brain entrainment for people with chronic pain and sleep disturbance","2023","Frontiers in Pain Research","4","","1096084","","","","3","10.3389/fpain.2023.1096084","https://www.scopus.com/inward/record.uri?eid=2-s2.0-85163667263&doi=10.3389%2ffpain.2023.1096084&partnerID=40&md5=1b50e413f6cfb73c694f08a5f82ae5fb","Article","Final","All Open Access; Gold Open Access","Scopus","2-s2.0-85163667263"
"Wu M.; Bosker H.R.; Riecke L.","Wu, Min (58596547100); Bosker, Hans Rutger (57193233564); Riecke, Lars (23006302200)","58596547100; 57193233564; 23006302200","Sentential Contextual Facilitation of Auditory Word Processing Builds Up during Sentence Tracking","2023","Journal of Cognitive Neuroscience","35","8","","1262","1278","16","2","10.1162/jocn_a_02007","https://www.scopus.com/inward/record.uri?eid=2-s2.0-85164069389&doi=10.1162%2fjocn_a_02007&partnerID=40&md5=2090462b19f7e90504a564ec260c9956","Article","Final","All Open Access; Green Open Access","Scopus","2-s2.0-85164069389"
"Fu X.; Riecke L.","Fu, Xueying (58072562000); Riecke, Lars (23006302200)","58072562000; 23006302200","Effects of continuous tactile stimulation on auditory-evoked cortical responses depend on the audio-tactile phase","2023","NeuroImage","274","","120140","","","","4","10.1016/j.neuroimage.2023.120140","https://www.scopus.com/inward/record.uri?eid=2-s2.0-85153953647&doi=10.1016%2fj.neuroimage.2023.120140&partnerID=40&md5=d845c54149042f54bf8a3c71dd570045","Article","Final","All Open Access; Gold Open Access; Green Open Access","Scopus","2-s2.0-85153953647"
"Schmidt L.M.; Chaieb L.; Derner M.; Reber T.P.; Fell J.","Schmidt, Lucy Marlene (59009755500); Chaieb, Leila (23567434900); Derner, Marlene (57195527187); Reber, Thomas P. (55082999000); Fell, Juergen (7103322403)","59009755500; 23567434900; 57195527187; 55082999000; 7103322403","Side effects of monaural beat stimulation during sustained mental work on mind wandering and performance measures","2024","Frontiers in Psychology","15","","1375717","","","","2","10.3389/fpsyg.2024.1375717","https://www.scopus.com/inward/record.uri?eid=2-s2.0-85191771852&doi=10.3389%2ffpsyg.2024.1375717&partnerID=40&md5=1f6b2bddd7360457c97a55c9dd6d110f","Article","Final","All Open Access; Gold Open Access","Scopus","2-s2.0-85191771852"
"Ejaz O.; Hasan M.A.; Raees F.; Hammad M.; Qazi S.A.","Ejaz, Osama (57787911500); Hasan, Muhammad Abul (55057481300); Raees, Faryal (57113642400); Hammad, Maham (59365646000); Qazi, Saad Ahmed (15844346500)","57787911500; 55057481300; 57113642400; 59365646000; 15844346500","Assessing the Effectiveness of Audio-Visual vs. Visual Neurofeedback for Attention Enhancement: A Pilot Study with Neurological, Behavioural, and Neuropsychological Measures","2025","Brain Topography","38","1","7","","","","0","10.1007/s10548-024-01076-w","https://www.scopus.com/inward/record.uri?eid=2-s2.0-85206277660&doi=10.1007%2fs10548-024-01076-w&partnerID=40&md5=91fa9884c931784bd4e7670f2422d1b4","Article","Final","","Scopus","2-s2.0-85206277660"
"Moreno Escobar J.J.; Morales Matamoros O.; Aguilar del Villar E.Y.; Quintana Espinosa H.; Chanona Hernández L.","Moreno Escobar, Jesús Jaime (57208674931); Morales Matamoros, Oswaldo (57200210636); Aguilar del Villar, Erika Yolanda (57215332237); Quintana Espinosa, Hugo (57220948607); Chanona Hernández, Liliana (6507529268)","57208674931; 57200210636; 57215332237; 57220948607; 6507529268","Employing Siamese Networks as Quantitative Biomarker for Assessing the Effect of Dolphin-Assisted Therapy on Pediatric Cerebral Palsy","2024","Brain Sciences","14","8","778","","","","0","10.3390/brainsci14080778","https://www.scopus.com/inward/record.uri?eid=2-s2.0-85202636933&doi=10.3390%2fbrainsci14080778&partnerID=40&md5=c3aa3c69d1b6b9e9e05d7cff62555f33","Article","Final","All Open Access; Gold Open Access","Scopus","2-s2.0-85202636933"
"Krasnoff E.; Chevalier G.","Krasnoff, Elizabeth (58284413900); Chevalier, Gaétan (35423372900)","58284413900; 35423372900","Case report: binaural beats music assessment experiment","2023","Frontiers in Human Neuroscience","17","","1138650","","","","3","10.3389/fnhum.2023.1138650","https://www.scopus.com/inward/record.uri?eid=2-s2.0-85159905230&doi=10.3389%2ffnhum.2023.1138650&partnerID=40&md5=cbbd675e6b709ae23a7b3de8f04da87c","Article","Final","All Open Access; Gold Open Access; Green Open Access","Scopus","2-s2.0-85159905230"
"Acosta Martínez G.; Guevara E.; Kolosovas-Machuca E.S.; Rodrigues P.G.; Soriano D.C.; Tristán Hernández E.; Ontañón-García L.J.","Acosta Martínez, G. (58002857200); Guevara, E. (24832906600); Kolosovas-Machuca, E.S. (37064845600); Rodrigues, P.G. (57212461340); Soriano, D.C. (26647933000); Tristán Hernández, E. (57190254407); Ontañón-García, L.J. (55619936100)","58002857200; 24832906600; 37064845600; 57212461340; 26647933000; 57190254407; 55619936100","Sonification of electronic dynamical systems: Spectral characteristics and sound evaluation using EEG features","2024","Cognitive Neurodynamics","","","","","","","0","10.1007/s11571-024-10112-1","https://www.scopus.com/inward/record.uri?eid=2-s2.0-85192523358&doi=10.1007%2fs11571-024-10112-1&partnerID=40&md5=7413eb9e87f0105a7307069fd9bb4d48","Article","Article in press","","Scopus","2-s2.0-85192523358"
"Kuo C.-Y.; Liu J.-W.; Wang C.-H.; Juan C.-H.; Hsieh I.-H.","Kuo, Chao-Yin (55565673200); Liu, Jia-Wei (55264608100); Wang, Chih-Hung (56384964300); Juan, Chi-Hung (7005684036); Hsieh, I-Hui (16642757700)","55565673200; 55264608100; 56384964300; 7005684036; 16642757700","The role of carrier spectral composition in the perception of musical pitch","2023","Attention, Perception, and Psychophysics","85","6","","2083","2099","16","0","10.3758/s13414-023-02761-x","https://www.scopus.com/inward/record.uri?eid=2-s2.0-85165269003&doi=10.3758%2fs13414-023-02761-x&partnerID=40&md5=161b95d99681c8c0d8f76320a7f115fc","Article","Final","","Scopus","2-s2.0-85165269003"
"Hodhodi Z.; Pyvastegar M.; Abharian P.H.; Bidjari A.F.; Ahadi B.","Hodhodi, Zahra (59150710700); Pyvastegar, Mehrangiz (59150612800); Abharian, Peyman Hassani (54892046900); Bidjari, Azam Farah (59150329400); Ahadi, Batool (35075697700)","59150710700; 59150612800; 54892046900; 59150329400; 35075697700","The Effect of Brainwave Synchronization Using Binaural Beats on Improving Working Memory and Reducing the Severity of Symptoms in Women With Obsessive-compulsive Disorder","2024","Basic and Clinical Neuroscience","15","2","","233","246","13","0","10.32598/bcn.2022.4233.1","https://www.scopus.com/inward/record.uri?eid=2-s2.0-85194720518&doi=10.32598%2fbcn.2022.4233.1&partnerID=40&md5=18ea092980ce486ffae50104d079cf7a","Article","Final","All Open Access; Gold Open Access","Scopus","2-s2.0-85194720518"
"Dos Anjos T.; Guillot A.; Daligault S.; Chamoun D.-M.; De Sousa T.; Di Rienzo F.","Dos Anjos, Typhanie (58131338000); Guillot, Aymeric (7003423136); Daligault, Sebastien (36476011800); Chamoun, Donna-Maria (59227604200); De Sousa, Thomas (59227604300); Di Rienzo, Franck (55353737500)","58131338000; 7003423136; 36476011800; 59227604200; 59227604300; 55353737500","Low-frequency sounds combined with motor imagery elicits a transient disruption of force performance: A path to neuromotor reprogramming?","2024","NeuroImage","297","","120746","","","","0","10.1016/j.neuroimage.2024.120746","https://www.scopus.com/inward/record.uri?eid=2-s2.0-85199207206&doi=10.1016%2fj.neuroimage.2024.120746&partnerID=40&md5=41c882c145974daf622278c3e17aa641","Article","Final","All Open Access; Gold Open Access","Scopus","2-s2.0-85199207206"
"Prabowo D.W.; Nugroho H.A.; Setiawan N.A.; Debayle J.","Prabowo, Dwi Wahyu (56237214200); Nugroho, Hanung Adi (57210591699); Setiawan, Noor Akhmad (57215833019); Debayle, Johan (14821803800)","56237214200; 57210591699; 57215833019; 14821803800","A systematic literature review of emotion recognition using EEG signals","2023","Cognitive Systems Research","82","","101152","","","","13","10.1016/j.cogsys.2023.101152","https://www.scopus.com/inward/record.uri?eid=2-s2.0-85169819433&doi=10.1016%2fj.cogsys.2023.101152&partnerID=40&md5=deff608a9569170edaebda03a5ef403c","Article","Final","","Scopus","2-s2.0-85169819433"
"Saia R.; Carta S.; Fenu G.; Pompianu L.","Saia, Roberto (56029094200); Carta, Salvatore (7004254388); Fenu, Gianni (24469552000); Pompianu, Livio (56875378900)","56029094200; 7004254388; 24469552000; 56875378900","Influencing brain waves by evoked potentials as biometric approach: taking stock of the last six years of research","2023","Neural Computing and Applications","35","16","","11625","11651","26","5","10.1007/s00521-023-08539-4","https://www.scopus.com/inward/record.uri?eid=2-s2.0-85152785408&doi=10.1007%2fs00521-023-08539-4&partnerID=40&md5=873fe033bb3a25a4ed882e703d116f41","Review","Final","","Scopus","2-s2.0-85152785408"
"Herozi M.A.; Kamali A.-M.; Shamsi F.; Nami M.","Herozi, Mahla Azizzadeh (58985119000); Kamali, Ali-Mohammad (57194264962); Shamsi, Fatemeh (57212105848); Nami, Mohammad (55926402400)","58985119000; 57194264962; 57212105848; 55926402400","The Age-Specific Impact of Alpha-Wave Binaural Acoustic Stimulation on Motor-Learning Aptitude","2024","NeuroRegulation","11","1","","71","80","9","0","10.15540/nr.11.1.71","https://www.scopus.com/inward/record.uri?eid=2-s2.0-85190324576&doi=10.15540%2fnr.11.1.71&partnerID=40&md5=ab304a04b937af6f70e93070093132c0","Article","Final","All Open Access; Gold Open Access","Scopus","2-s2.0-85190324576"
"Sakurai N.; Nagasaka K.; Takahashi S.; Kasai S.; Onishi H.; Kodama N.","Sakurai, Noriko (57222538884); Nagasaka, Kazuaki (57194658254); Takahashi, Shingo (55991715400); Kasai, Satoshi (57483366100); Onishi, Hideaki (55633633800); Kodama, Naoki (16175277300)","57222538884; 57194658254; 55991715400; 57483366100; 55633633800; 16175277300","Brain function effects of autonomous sensory meridian response (ASMR) video viewing","2023","Frontiers in Neuroscience","17","","1025745","","","","7","10.3389/fnins.2023.1025745","https://www.scopus.com/inward/record.uri?eid=2-s2.0-85147671738&doi=10.3389%2ffnins.2023.1025745&partnerID=40&md5=0140f071a16fa1294b5f651dfcba5c23","Article","Final","All Open Access; Gold Open Access; Green Open Access","Scopus","2-s2.0-85147671738"
"Binder M.; Papiernik J.; Griskova-Bulanova I.; Frycz S.; Chojnacki B.; Górska-Klimowska U.","Binder, Marek (7103167415); Papiernik, Julia (58814114800); Griskova-Bulanova, Inga (8386942500); Frycz, Sandra (58697778100); Chojnacki, Bartłomiej (57195259463); Górska-Klimowska, Urszula (55314674600)","7103167415; 58814114800; 8386942500; 58697778100; 57195259463; 55314674600","Diagnosing awareness in disorders of consciousness with gamma-band auditory responses","2023","Frontiers in Human Neuroscience","17","","1243051","","","","2","10.3389/fnhum.2023.1243051","https://www.scopus.com/inward/record.uri?eid=2-s2.0-85182428805&doi=10.3389%2ffnhum.2023.1243051&partnerID=40&md5=e1e3d6451662ffe63ef3c41ceda585bb","Article","Final","All Open Access; Gold Open Access","Scopus","2-s2.0-85182428805"
"Hsiung P.-C.; Hsieh P.-J.","Hsiung, Pin-Cheng (58904095300); Hsieh, Po-Jang (8947057100)","58904095300; 8947057100","Forty-Hertz audiovisual stimulation does not have a promoting effect on visual threshold and visual spatial memory","2024","Journal of Vision","24","2","8","1","10","9","0","10.1167/JOV.24.2.8","https://www.scopus.com/inward/record.uri?eid=2-s2.0-85185862549&doi=10.1167%2fJOV.24.2.8&partnerID=40&md5=9573d12845ffec963bc7c1feabced502","Article","Final","All Open Access; Gold Open Access","Scopus","2-s2.0-85185862549"
"Elyamany O.; Iffland J.; Lockhofen D.; Steinmann S.; Leicht G.; Mulert C.","Elyamany, Osama (57214939499); Iffland, Jona (15070853100); Lockhofen, Denise (56584526200); Steinmann, Saskia (55202237800); Leicht, Gregor (6506346390); Mulert, Christoph (6701628212)","57214939499; 15070853100; 56584526200; 55202237800; 6506346390; 6701628212","Top-down modulation of dichotic listening affects interhemispheric connectivity: an electroencephalography study","2024","Frontiers in Neuroscience","18","","1424746","","","","0","10.3389/fnins.2024.1424746","https://www.scopus.com/inward/record.uri?eid=2-s2.0-85204902276&doi=10.3389%2ffnins.2024.1424746&partnerID=40&md5=cd8c1b9b20a3f4c78a6580fdc56dd298","Article","Final","All Open Access; Gold Open Access","Scopus","2-s2.0-85204902276"
"Van Opstal A.J.; Noordanus E.","Van Opstal, A. John (7003413417); Noordanus, Elisabeth (57221737309)","7003413417; 57221737309","Towards personalized and optimized fitting of cochlear implants","2023","Frontiers in Neuroscience","17","","1183126","","","","0","10.3389/fnins.2023.1183126","https://www.scopus.com/inward/record.uri?eid=2-s2.0-85166007622&doi=10.3389%2ffnins.2023.1183126&partnerID=40&md5=be9ddaa60c76eb941e092c86298d2df4","Article","Final","All Open Access; Gold Open Access","Scopus","2-s2.0-85166007622"
"Lohaus T.; Schreckenberg S.C.; Bellingrath S.; Thoma P.","Lohaus, Tobias (58043104400); Schreckenberg, Sarah C. (58934054400); Bellingrath, Silja (23767154900); Thoma, Patrizia (23098941100)","58043104400; 58934054400; 23767154900; 23098941100","Autonomous Sensory Meridian Response (ASMR): A PRISMA-Guided Systematic Review","2023","Psychology of Consciousness: Theory Research, and Practice","","","","","","","2","10.1037/cns0000368","https://www.scopus.com/inward/record.uri?eid=2-s2.0-85183342288&doi=10.1037%2fcns0000368&partnerID=40&md5=52188be7ccfc11f49d7637643635f558","Article","Article in press","","Scopus","2-s2.0-85183342288"
"Ather M.; Ejaz O.; Rao A.Z.; Mujib M.D.; Raees F.; Qazi S.A.; Hasan M.A.","Ather, Maryam (59211203100); Ejaz, Osama (57787911500); Rao, Ahmad Zahid (57371167700); Mujib, Muhammad Danish (57194407742); Raees, Faryal (57113642400); Qazi, Saad Ahmed (15844346500); Hasan, Muhammad Abul (55057481300)","59211203100; 57787911500; 57371167700; 57194407742; 57113642400; 15844346500; 55057481300","Efficacy of audiovisual neurofeedback training for attention enhancement: A multimodal approach","2024","NeuroReport","35","11","","721","728","7","0","10.1097/WNR.0000000000002063","https://www.scopus.com/inward/record.uri?eid=2-s2.0-85197973766&doi=10.1097%2fWNR.0000000000002063&partnerID=40&md5=27f5a87022e7e89d7c96718c8d79d354","Article","Final","","Scopus","2-s2.0-85197973766"
"González D.; Bruña R.; Martínez-Castrillo J.C.; López J.M.; De Arcas G.","González, David (58243208300); Bruña, Ricardo (36812833000); Martínez-Castrillo, Juan Carlos (57203931962); López, Juan Manuel (57190252519); De Arcas, Guillermo (16401639400)","58243208300; 36812833000; 57203931962; 57190252519; 16401639400","First Longitudinal Study Using Binaural Beats on Parkinson Disease","2023","International Journal of Neural Systems","33","6","2350027","","","","2","10.1142/S0129065723500272","https://www.scopus.com/inward/record.uri?eid=2-s2.0-85158889679&doi=10.1142%2fS0129065723500272&partnerID=40&md5=f79f52f463885ea5fea39f53c778b451","Article","Final","All Open Access; Hybrid Gold Open Access","Scopus","2-s2.0-85158889679"
"Shumov D.E.; Sveshnikov D.S.; Bakaeva Z.V.; Yakunina E.B.; Dorokhov V.B.","Shumov, D.E. (57193848219); Sveshnikov, D.S. (6603111000); Bakaeva, Z.V. (57220268428); Yakunina, E.B. (57198768923); Dorokhov, V.B. (57194079123)","57193848219; 6603111000; 57220268428; 57198768923; 57194079123","The Effectiveness of Suggestion-Based Methods to Improve Sleep Is Increased by Combining Them with Sound Stimuli Based on Binaural Beat","2024","Neuroscience and Behavioral Physiology","","","","","","","0","10.1007/s11055-024-01695-7","https://www.scopus.com/inward/record.uri?eid=2-s2.0-85205363312&doi=10.1007%2fs11055-024-01695-7&partnerID=40&md5=86e34a9afa22a0a12f2eb253deb67e19","Article","Article in press","","Scopus","2-s2.0-85205363312"
"Wei L.; Verschooten E.; Joris P.X.","Wei, Liting (56510744400); Verschooten, Eric (36545493100); Joris, Philip X. (6603871964)","56510744400; 36545493100; 6603871964","Enhancement of phase-locking in rodents. II. An axonal recording study in chinchilla","2023","Journal of Neurophysiology","130","3","","751","767","16","2","10.1152/jn.00474.2022","https://www.scopus.com/inward/record.uri?eid=2-s2.0-85170582503&doi=10.1152%2fjn.00474.2022&partnerID=40&md5=c372d03e45a93f83e047df421112946d","Article","Final","","Scopus","2-s2.0-85170582503"
"Chockboondee M.; Jatupornpoonsub T.; Lertsukprasert K.; Wongsawat Y.","Chockboondee, Mondnath (58534427800); Jatupornpoonsub, Tirapoot (57226839484); Lertsukprasert, Krisna (8581895200); Wongsawat, Yodchanan (17436183800)","58534427800; 57226839484; 8581895200; 17436183800","Long and Short Durations of Binaural Beats Differently Affect Relaxation: A Study of HRV and BRUMS","2023","IEEE Access","11","","","84842","84851","9","3","10.1109/ACCESS.2023.3303183","https://www.scopus.com/inward/record.uri?eid=2-s2.0-85167799453&doi=10.1109%2fACCESS.2023.3303183&partnerID=40&md5=86832640c7207fcd46314cdc639bc62e","Article","Final","All Open Access; Gold Open Access","Scopus","2-s2.0-85167799453"
"Engelbregt H.; Barmentlo M.; Keeser D.; Pogarell O.; Deijen J.B.","Engelbregt, Hessel (57160321700); Barmentlo, Marinda (57226108063); Keeser, Daniel (25649422600); Pogarell, Oliver (7003444412); Deijen, Jan Berend (7003376939)","57160321700; 57226108063; 25649422600; 7003444412; 7003376939","Effects of binaural and monaural beat stimulation on attention and EEG","2021","Experimental Brain Research","239","9","","2781","2791","10","21","10.1007/s00221-021-06155-z","https://www.scopus.com/inward/record.uri?eid=2-s2.0-85110440757&doi=10.1007%2fs00221-021-06155-z&partnerID=40&md5=a4f5d831f2dfd7dfc6da901f86ba335c","Article","Final","All Open Access; Green Open Access; Hybrid Gold Open Access","Scopus","2-s2.0-85110440757"
"Cheng C.-M.; Lin T.-F.; Chen Y.-J.; Chen L.-B.","Cheng, Chien-Min (34267461600); Lin, Tsen-Fang (57712317200); Chen, Yeou-Jiunn (7601440288); Chen, Liang-Bi (8266743400)","34267461600; 57712317200; 7601440288; 8266743400","Promoting Relaxation Using Monaural Beats With Ultralow-Frequency Inaudible Sounds: An Empirical Case Study","2022","IEEE Access","10","","","50807","50818","11","4","10.1109/ACCESS.2022.3173744","https://www.scopus.com/inward/record.uri?eid=2-s2.0-85130779444&doi=10.1109%2fACCESS.2022.3173744&partnerID=40&md5=ca6b7cbef70f77c39ed2969db7ea179b","Article","Final","All Open Access; Gold Open Access","Scopus","2-s2.0-85130779444"
"Ross B.; Dobri S.; Jamali S.; Bartel L.","Ross, Bernhard (35547457600); Dobri, Simon (57211448144); Jamali, Shahab (46062079100); Bartel, Lee (36992075200)","35547457600; 57211448144; 46062079100; 36992075200","Entrainment of somatosensory beta and gamma oscillations accompany improvement in tactile acuity after periodic and aperiodic repetitive sensory stimulation","2022","International Journal of Psychophysiology","177","","","11","26","15","4","10.1016/j.ijpsycho.2022.04.007","https://www.scopus.com/inward/record.uri?eid=2-s2.0-85128942185&doi=10.1016%2fj.ijpsycho.2022.04.007&partnerID=40&md5=2d9893d03f7b2b03b405d74a5bf310c6","Article","Final","","Scopus","2-s2.0-85128942185"
"Kolarik A.J.; Pardhan S.; Moore B.C.J.","Kolarik, Andrew J. (25936259300); Pardhan, Shahina (7003706887); Moore, Brian C. J. (57211731030)","25936259300; 7003706887; 57211731030","A framework to account for the effects of visual loss on human auditory abilities.","2021","Psychological Review","128","5","","913","935","22","13","10.1037/rev0000279","https://www.scopus.com/inward/record.uri?eid=2-s2.0-85107344755&doi=10.1037%2frev0000279&partnerID=40&md5=eb5112fdc372829a3d3b13417e1069f4","Article","Final","All Open Access; Green Open Access","Scopus","2-s2.0-85107344755"
"Williams Z.J.; He J.L.; Cascio C.J.; Woynaroski T.G.","Williams, Zachary J. (57196634491); He, Jason L. (57193347781); Cascio, Carissa J. (36721048200); Woynaroski, Tiffany G. (55660838500)","57196634491; 57193347781; 36721048200; 55660838500","A review of decreased sound tolerance in autism: Definitions, phenomenology, and potential mechanisms","2021","Neuroscience and Biobehavioral Reviews","121","","","1","17","16","68","10.1016/j.neubiorev.2020.11.030","https://www.scopus.com/inward/record.uri?eid=2-s2.0-85097869309&doi=10.1016%2fj.neubiorev.2020.11.030&partnerID=40&md5=e848c8b942180e282c657c080c7f4716","Review","Final","All Open Access; Green Open Access","Scopus","2-s2.0-85097869309"
"Yao F.; Zhou B.","Yao, Fangshu (57207759356); Zhou, Bin (56763164400)","57207759356; 56763164400","It's time for attentional control: Temporal expectation in the attentional blink","2023","Consciousness and Cognition","107","","103461","","","","1","10.1016/j.concog.2022.103461","https://www.scopus.com/inward/record.uri?eid=2-s2.0-85145665564&doi=10.1016%2fj.concog.2022.103461&partnerID=40&md5=09007004ac30be07a2f93a7912d8c316","Review","Final","","Scopus","2-s2.0-85145665564"
"Rimmele J.M.; Kern P.; Lubinus C.; Frieler K.; Poeppel D.; Assaneo M.F.","Rimmele, Johanna M. (36933936100); Kern, Pius (57221335637); Lubinus, Christina (57219829385); Frieler, Klaus (32667638400); Poeppel, David (7003791677); Assaneo, M. Florencia (36553834500)","36933936100; 57221335637; 57219829385; 32667638400; 7003791677; 36553834500","Musical Sophistication and Speech Auditory-Motor Coupling: Easy Tests for Quick Answers","2022","Frontiers in Neuroscience","15","","764342","","","","9","10.3389/fnins.2021.764342","https://www.scopus.com/inward/record.uri?eid=2-s2.0-85123055098&doi=10.3389%2ffnins.2021.764342&partnerID=40&md5=ba01a45e0f5a584249cc4259e5e41d95","Article","Final","All Open Access; Gold Open Access; Green Open Access","Scopus","2-s2.0-85123055098"
"Sakurai N.; Ohno K.; Kasai S.; Nagasaka K.; Onishi H.; Kodama N.","Sakurai, Noriko (57222538884); Ohno, Ken (55585021100); Kasai, Satoshi (57483366100); Nagasaka, Kazuaki (57194658254); Onishi, Hideaki (55633633800); Kodama, Naoki (16175277300)","57222538884; 55585021100; 57483366100; 57194658254; 55633633800; 16175277300","Induction of Relaxation by Autonomous Sensory Meridian Response","2021","Frontiers in Behavioral Neuroscience","15","","761621","","","","17","10.3389/fnbeh.2021.761621","https://www.scopus.com/inward/record.uri?eid=2-s2.0-85121252815&doi=10.3389%2ffnbeh.2021.761621&partnerID=40&md5=088fb41c515c873e9b63834cf11cff45","Article","Final","All Open Access; Gold Open Access; Green Open Access","Scopus","2-s2.0-85121252815"
"Asokan M.M.; Williamson R.S.; Hancock K.E.; Polley D.B.","Asokan, Meenakshi M. (57202750515); Williamson, Ross S. (56647482400); Hancock, Kenneth E. (7005908785); Polley, Daniel B. (6701823573)","57202750515; 56647482400; 7005908785; 6701823573","Inverted central auditory hierarchies for encoding local intervals and global temporal patterns","2021","Current Biology","31","8","","1762","1770.e4","","15","10.1016/j.cub.2021.01.076","https://www.scopus.com/inward/record.uri?eid=2-s2.0-85104469391&doi=10.1016%2fj.cub.2021.01.076&partnerID=40&md5=c7e3316f9a9efbb68ed0057f25a43e14","Article","Final","All Open Access; Bronze Open Access","Scopus","2-s2.0-85104469391"
"Calis M.; Van De Par S.; Heusdens R.; Hendriks R.C.","Calis, Metin (57221498421); Van De Par, Steven (6701627290); Heusdens, Richard (6602489924); Hendriks, Richard Christian (7005452305)","57221498421; 6701627290; 6602489924; 7005452305","Localization Based on Enhanced Low Frequency Interaural Level Difference","2021","IEEE/ACM Transactions on Audio Speech and Language Processing","29","","","3025","3039","14","1","10.1109/TASLP.2021.3111583","https://www.scopus.com/inward/record.uri?eid=2-s2.0-85114744396&doi=10.1109%2fTASLP.2021.3111583&partnerID=40&md5=7de79ef4dbe657ec52d4c415164d16c2","Article","Final","All Open Access; Hybrid Gold Open Access","Scopus","2-s2.0-85114744396"
"Bakaeva Z.V.; Shumov D.E.; Yakunina E.B.; Starshinov Y.P.; Sveshnikov D.S.; Torshin V.I.; Dorokhov V.B.; Karpov V.I.","Bakaeva, Z.V. (57220268428); Shumov, D.E. (57193848219); Yakunina, E.B. (57198768923); Starshinov, Yu. P. (57198770499); Sveshnikov, D.S. (6603111000); Torshin, V.I. (6701418079); Dorokhov, V.B. (57194079123); Karpov, V.I. (57224483307)","57220268428; 57193848219; 57198768923; 57198770499; 6603111000; 6701418079; 57194079123; 57224483307","The Influence of Music with the Binaural Beat Effect on Heart Rate during Daytime Sleep in Humans","2022","Neuroscience and Behavioral Physiology","52","2","","218","222","4","5","10.1007/s11055-022-01227-1","https://www.scopus.com/inward/record.uri?eid=2-s2.0-85126462537&doi=10.1007%2fs11055-022-01227-1&partnerID=40&md5=4e59b73a1e25b906b5fe5f5b2e788cca","Article","Final","","Scopus","2-s2.0-85126462537"
"Yi J.-H.; Kim K.-B.; Kim Y.-J.; Kim J.-S.; Kim H.-S.; Choi M.-H.; Chung S.-C.","Yi, Jeong-Han (7402736699); Kim, Kyu-Beom (57224413677); Kim, Ye-Jin (57214440556); Kim, Ji-Su (57971773800); Kim, Hyung-Sik (57203423417); Choi, Mi-Hyun (57693274300); Chung, Soon-Cheol (55976631100)","7402736699; 57224413677; 57214440556; 57971773800; 57203423417; 57693274300; 55976631100","A Comparison of the Effects of Binaural Beats of Audible and Inaudible Frequencies on Brainwaves","2022","Applied Sciences (Switzerland)","12","24","13004","","","","1","10.3390/app122413004","https://www.scopus.com/inward/record.uri?eid=2-s2.0-85144848068&doi=10.3390%2fapp122413004&partnerID=40&md5=05854a025d8da3278fe492e29cf729d1","Article","Final","All Open Access; Gold Open Access","Scopus","2-s2.0-85144848068"
"Young A.; Hunt T.; Ericson M.","Young, Asa (57470455300); Hunt, Tam (54397022600); Ericson, Marissa (36720486700)","57470455300; 54397022600; 36720486700","The Slowest Shared Resonance: A Review of Electromagnetic Field Oscillations Between Central and Peripheral Nervous Systems","2022","Frontiers in Human Neuroscience","15","","796455","","","","13","10.3389/fnhum.2021.796455","https://www.scopus.com/inward/record.uri?eid=2-s2.0-85125445830&doi=10.3389%2ffnhum.2021.796455&partnerID=40&md5=e1383e97d1ffc786cf3075f458c96cdc","Review","Final","All Open Access; Gold Open Access; Green Open Access","Scopus","2-s2.0-85125445830"
"Mutlu-Bayraktar D.; Ozel P.; Altindis F.; Yilmaz B.","Mutlu-Bayraktar, Duygu (55443406000); Ozel, Pinar (24544550200); Altindis, Fatih (57193720164); Yilmaz, Bulent (57189925966)","55443406000; 24544550200; 57193720164; 57189925966","Split-attention effects in multimedia learning environments: eye-tracking and EEG analysis","2022","Multimedia Tools and Applications","81","6","","8259","8282","23","4","10.1007/s11042-022-12296-2","https://www.scopus.com/inward/record.uri?eid=2-s2.0-85124089010&doi=10.1007%2fs11042-022-12296-2&partnerID=40&md5=078f83398a78fc19db1f05ba4bf40ef3","Article","Final","","Scopus","2-s2.0-85124089010"
"Chen X.; Shi X.; Wu Y.; Zhou Z.; Chen S.; Han Y.; Shan C.","Chen, Xixi (57359448400); Shi, Xiaolong (57781160800); Wu, Yuwei (57782485500); Zhou, Zhiqing (57219727236); Chen, Songmei (57359448500); Han, Yan (56430166400); Shan, Chunlei (7004571179)","57359448400; 57781160800; 57782485500; 57219727236; 57359448500; 56430166400; 7004571179","Gamma oscillations and application of 40-Hz audiovisual stimulation to improve brain function","2022","Brain and Behavior","12","12","e2811","","","","10","10.1002/brb3.2811","https://www.scopus.com/inward/record.uri?eid=2-s2.0-85142156312&doi=10.1002%2fbrb3.2811&partnerID=40&md5=5355e5c385efbae1bc663aab8893dfd6","Review","Final","All Open Access; Gold Open Access; Green Open Access","Scopus","2-s2.0-85142156312"
"Dabiri R.; Monazzam Esmaielpour M.R.; Salmani Nodoushan M.; khaneshenas F.; Zakerian S.A.","Dabiri, Roya (57722932900); Monazzam Esmaielpour, Mohammad Reza (22951119800); Salmani Nodoushan, Mojahede (57723239900); khaneshenas, Farin (57853760400); Zakerian, Seyed Abolfazl (35363232600)","57722932900; 22951119800; 57723239900; 57853760400; 35363232600","The effect of auditory stimulation using delta binaural beat for a better sleep and post-sleep mood: A pilot study","2022","Digital Health","8","","","","","","8","10.1177/20552076221102243","https://www.scopus.com/inward/record.uri?eid=2-s2.0-85131189374&doi=10.1177%2f20552076221102243&partnerID=40&md5=b5c5cceb13ca58c59a166b779eb70078","Article","Final","All Open Access; Green Open Access","Scopus","2-s2.0-85131189374"
"Chen Q.; Wang D.; Shapiro K.L.; Hanslmayr S.","Chen, Qiaoyu (57193498213); Wang, Danying (57203263872); Shapiro, Kimron L. (7005372166); Hanslmayr, Simon (6506938544)","57193498213; 57203263872; 7005372166; 6506938544","Using fast visual rhythmic stimulation to control inter-hemispheric phase offsets in visual areas","2021","Neuropsychologia","157","","107863","","","","3","10.1016/j.neuropsychologia.2021.107863","https://www.scopus.com/inward/record.uri?eid=2-s2.0-85105780976&doi=10.1016%2fj.neuropsychologia.2021.107863&partnerID=40&md5=62f2a9bafb1e6e24709a118458597990","Article","Final","All Open Access; Green Open Access","Scopus","2-s2.0-85105780976"
"Rahman J.S.; Gedeon T.; Caldwell S.; Jones R.; Jin Z.","Rahman, Jessica Sharmin (57204640335); Gedeon, Tom (24400830200); Caldwell, Sabrina (55841706600); Jones, Richard (57197987166); Jin, Zi (57219498594)","57204640335; 24400830200; 55841706600; 57197987166; 57219498594","Towards Effective Music Therapy for Mental Health Care Using Machine Learning Tools: Human Affective Reasoning and Music Genres","2021","Journal of Artificial Intelligence and Soft Computing Research","11","1","","5","20","15","40","10.2478/jaiscr-2021-0001","https://www.scopus.com/inward/record.uri?eid=2-s2.0-85117464375&doi=10.2478%2fjaiscr-2021-0001&partnerID=40&md5=ca0a41ee9e792484aa8d2dda6052af23","Article","Final","All Open Access; Gold Open Access","Scopus","2-s2.0-85117464375"
"Mujib M.D.; Hasan M.A.; Qazi S.A.; Vuckovic A.","Mujib, Muhammad Danish (57194407742); Hasan, Muhammad Abul (55057481300); Qazi, Saad Ahmed (15844346500); Vuckovic, Aleksandra (57207592521)","57194407742; 55057481300; 15844346500; 57207592521","Understanding the neurological mechanism involved in enhanced memory recall task following binaural beat: a pilot study","2021","Experimental Brain Research","239","9","","2741","2754","13","13","10.1007/s00221-021-06132-6","https://www.scopus.com/inward/record.uri?eid=2-s2.0-85109660916&doi=10.1007%2fs00221-021-06132-6&partnerID=40&md5=1af6974242493c29c6ec42d37ef5bb2a","Article","Final","All Open Access; Green Open Access; Hybrid Gold Open Access","Scopus","2-s2.0-85109660916"
"Pai Y.S.; Bait M.L.; Lee J.; Xu J.; Peiris R.L.; Woo W.; Billinghurst M.; Kunze K.","Pai, Yun Suen (56267209600); Bait, Marsel L. (57263936300); Lee, Juyoung (57191506731); Xu, Jingjing (57263390000); Peiris, Roshan L (23397978800); Woo, Woontack (35575439600); Billinghurst, Mark (7006142663); Kunze, Kai (21743317500)","56267209600; 57263936300; 57191506731; 57263390000; 23397978800; 35575439600; 7006142663; 21743317500","NapWell: An EOG-based Sleep Assistant Exploring the Effects of Virtual Reality on Sleep Onset","2022","Virtual Reality","26","2","","437","451","14","6","10.1007/s10055-021-00571-w","https://www.scopus.com/inward/record.uri?eid=2-s2.0-85115165409&doi=10.1007%2fs10055-021-00571-w&partnerID=40&md5=50e7c994c019d7b8f73e5c20040cf01d","Article","Final","","Scopus","2-s2.0-85115165409"
"Cheah Y.; Wong H.K.; Spitzer M.; Coutinho E.","Cheah, Yiting (58090660500); Wong, Hoo Keat (57210927948); Spitzer, Michael (26324703100); Coutinho, Eduardo (13007931400)","58090660500; 57210927948; 26324703100; 13007931400","Background Music and Cognitive Task Performance: A Systematic Review of Task, Music, and Population Impact","2022","Music and Science","5","","","","","","4","10.1177/20592043221134392","https://www.scopus.com/inward/record.uri?eid=2-s2.0-85143050196&doi=10.1177%2f20592043221134392&partnerID=40&md5=a947c61124eca4567971501289704690","Article","Final","","Scopus","2-s2.0-85143050196"
"Naro A.; Maggio M.G.; Leo A.; Calabrò R.S.","Naro, Antonino (37037984000); Maggio, Maria Grazia (57198766614); Leo, Antonino (55774547800); Calabrò, Rocco Salvatore (16416609700)","37037984000; 57198766614; 55774547800; 16416609700","Multiplex and Multilayer Network EEG Analyses: A Novel Strategy in the Differential Diagnosis of Patients with Chronic Disorders of Consciousness","2021","International Journal of Neural Systems","31","2","2050052","","","","21","10.1142/S0129065720500525","https://www.scopus.com/inward/record.uri?eid=2-s2.0-85092739288&doi=10.1142%2fS0129065720500525&partnerID=40&md5=027a0c1309c42737e15a2a6ba57c9d19","Article","Final","","Scopus","2-s2.0-85092739288"
"van Ackooij M.; Paul J.M.; van der Zwaag W.; van der Stoep N.; Harvey B.M.","van Ackooij, Martijn (57211580316); Paul, Jacob M. (56666677500); van der Zwaag, Wietske (15133192900); van der Stoep, Nathan (55019464800); Harvey, Ben M. (24398851900)","57211580316; 56666677500; 15133192900; 55019464800; 24398851900","Auditory timing-tuned neural responses in the human auditory cortices","2022","NeuroImage","258","","119366","","","","1","10.1016/j.neuroimage.2022.119366","https://www.scopus.com/inward/record.uri?eid=2-s2.0-85132317696&doi=10.1016%2fj.neuroimage.2022.119366&partnerID=40&md5=1b7a258434199e9385511dbe96f4f74f","Article","Final","All Open Access; Green Open Access","Scopus","2-s2.0-85132317696"
"Alonso-Valerdi L.M.; Torres-Torres A.S.; Corona-González C.E.; Ibarra-Zárate D.I.","Alonso-Valerdi, Luz M. (49962954800); Torres-Torres, Alma S. (57614149400); Corona-González, César E. (57359711900); Ibarra-Zárate, David I. (55234023500)","49962954800; 57614149400; 57359711900; 55234023500","Clustering approach based on psychometrics and auditory event-related potentials to evaluate acoustic therapy effects","2022","Biomedical Signal Processing and Control","76","","103719","","","","5","10.1016/j.bspc.2022.103719","https://www.scopus.com/inward/record.uri?eid=2-s2.0-85128752875&doi=10.1016%2fj.bspc.2022.103719&partnerID=40&md5=83658670d85ed453366cab7a8a2bf8cc","Article","Final","","Scopus","2-s2.0-85128752875"
"Liu Z.-B.; Liu Y.-S.; Zhao L.; Li M.-Y.; Liu C.-H.; Zhang C.-X.; Li H.-L.","Liu, Zi-Bo (57215716466); Liu, Yan-Song (57826334200); Zhao, Long (56386381700); Li, Man-Yu (57375930400); Liu, Chun-Hui (57375931700); Zhang, Chun-Xia (59283133100); Li, Hong-Ling (22235207300)","57215716466; 57826334200; 56386381700; 57375930400; 57375931700; 59283133100; 22235207300","Short-term efficacy of music therapy combined with α binaural beat therapy in disorders of consciousness","2022","Frontiers in Psychology","13","","947861","","","","5","10.3389/fpsyg.2022.947861","https://www.scopus.com/inward/record.uri?eid=2-s2.0-85138426523&doi=10.3389%2ffpsyg.2022.947861&partnerID=40&md5=1bfbb8ec759a1be5aac7c3b0a6853943","Article","Final","All Open Access; Gold Open Access","Scopus","2-s2.0-85138426523"
"Canbeyli R.","Canbeyli, Resit (6602860509)","6602860509","Sensory stimulation via the visual, auditory, olfactory and gustatory systems can modulate mood and depression","2022","European Journal of Neuroscience","55","1","","244","263","19","12","10.1111/ejn.15507","https://www.scopus.com/inward/record.uri?eid=2-s2.0-85121357932&doi=10.1111%2fejn.15507&partnerID=40&md5=78441fdf5e0978797bdfda4ed178f5f2","Article","Final","","Scopus","2-s2.0-85121357932"
"Piorecky M.; Koudelka V.; Piorecka V.; Strobl J.; Dudysova D.; Koprivova J.","Piorecky, Marek (57194707068); Koudelka, Vlastimil (57202452689); Piorecka, Vaclava (57194700783); Strobl, Jan (58434388400); Dudysova, Daniela (57193259794); Koprivova, Jana (22635171100)","57194707068; 57202452689; 57194700783; 58434388400; 57193259794; 22635171100","Real-time excitation of slow oscillations during deep sleep using acoustic stimulation","2021","Sensors","21","15","5169","","","","6","10.3390/s21155169","https://www.scopus.com/inward/record.uri?eid=2-s2.0-85111434868&doi=10.3390%2fs21155169&partnerID=40&md5=7dc7aca95fa02b4dc486d9fadba37429","Article","Final","All Open Access; Gold Open Access; Green Open Access","Scopus","2-s2.0-85111434868"
"Rankhambe D.; Ainapure B.","Rankhambe, Devika (57479297900); Ainapure, Bharati (55575963200)","57479297900; 55575963200","EFFECT OF BINAURAL BEATS MUSIC THERAPY ON ANXIETY VIA EEG USING ANN & MACHINE LEARNING - A SURVEY","2022","Journal of Theoretical and Applied Information Technology","100","3","","630","647","17","0","","https://www.scopus.com/inward/record.uri?eid=2-s2.0-85125834384&partnerID=40&md5=148ac3476a9989138533b36bd9dc3afe","Article","Final","","Scopus","2-s2.0-85125834384"
"Yao F.; Zhou B.; Zhuang Y.; Wang X.","Yao, Fangshu (57207759356); Zhou, Bin (56763164400); Zhuang, Yiyun (57452450100); Wang, Xiaochun (56807288100)","57207759356; 56763164400; 57452450100; 56807288100","Immediate Temporal Information Modulates the Target Identification in the Attentional Blink","2022","Brain Sciences","12","2","278","","","","1","10.3390/brainsci12020278","https://www.scopus.com/inward/record.uri?eid=2-s2.0-85125111216&doi=10.3390%2fbrainsci12020278&partnerID=40&md5=62d35f3f310f381f4b8355eaf1f6130a","Article","Final","All Open Access; Gold Open Access; Green Open Access","Scopus","2-s2.0-85125111216"
"da Silva V.F.; Silva D.A.S.; Martins P.C.; Calomeni M.R.; de Aquino Freire I.; Militão A.G.; Borges C.J.; de Barros Vilela Junior G.; de Moraes M.A.; Silva A.J.R.M.; de Almeida Marinho D.; Ribeiro D.E.C.; Ribeiro E.C.; Valentim-Silva J.R.","da Silva, Vernon Furtado (21833363100); Silva, Diego Augusto Santos (36985158000); Martins, Priscila Custódio (57192165390); Calomeni, Mauricio Rocha (55986602500); de Aquino Freire, Ivete (57768576300); Militão, Angeliete Garcês (57200181431); Borges, Célio José (57195973361); de Barros Vilela Junior, Guanis (57552883000); de Moraes, Mario Antônio (57767117300); Silva, Antônio José Rocha Martins (13410238400); de Almeida Marinho, Daniel (57768829600); Ribeiro, Domingos Edno Castro (57767849600); Ribeiro, Edinilson Castro (57767608700); Valentim-Silva, João Rafael (57191247699)","21833363100; 36985158000; 57192165390; 55986602500; 57768576300; 57200181431; 57195973361; 57552883000; 57767117300; 13410238400; 57768829600; 57767849600; 57767608700; 57191247699","Effect of physical exercise and noninvasive brain stimulation on cognition and dementia of elderly people with frailty: A randomized study","2022","International Journal of Imaging Systems and Technology","32","6","","1941","1952","11","1","10.1002/ima.22765","https://www.scopus.com/inward/record.uri?eid=2-s2.0-85133008173&doi=10.1002%2fima.22765&partnerID=40&md5=8991cd0517c9a6a50053d4e37c53887a","Article","Final","","Scopus","2-s2.0-85133008173"
"Clinard C.G.; Piker E.G.; Romero D.J.","Clinard, Christopher G. (35222952800); Piker, Erin G. (24759697600); Romero, Daniel J. (57209232775)","35222952800; 24759697600; 57209232775","Inter-trial coherence as a measure of synchrony in cervical vestibular evoked myogenic potentials","2022","Journal of Neuroscience Methods","377","","109628","","","","0","10.1016/j.jneumeth.2022.109628","https://www.scopus.com/inward/record.uri?eid=2-s2.0-85131084894&doi=10.1016%2fj.jneumeth.2022.109628&partnerID=40&md5=a4bbba21d824a79c99d9bc9f17e77277","Article","Final","","Scopus","2-s2.0-85131084894"
"Kvašňák E.; Magyarová E.; Domankuš M.; Tesař M.; Kymplová J.; Fetissov V.; Abubaker M.; Al Qasem W.","Kvašňák, Eugen (6507711164); Magyarová, Eva (57946032500); Domankuš, Miroslav (58075970700); Tesař, Michael (58389332900); Kymplová, Jaroslava (6505938110); Fetissov, Vitaly (57221600203); Abubaker, Mohammed (57329801000); Al Qasem, Wiam (57056407800)","6507711164; 57946032500; 58075970700; 58389332900; 6505938110; 57221600203; 57329801000; 57056407800","10 Minutes Frontal 40 Hz tACS—Effects on Working Memory Tested by Luck-Vogel Task","2023","Behavioral Sciences","13","1","39","","","","6","10.3390/bs13010039","https://www.scopus.com/inward/record.uri?eid=2-s2.0-85146766213&doi=10.3390%2fbs13010039&partnerID=40&md5=14377d13d2ec87d9807061bd4cdb023c","Article","Final","All Open Access; Gold Open Access; Green Open Access","Scopus","2-s2.0-85146766213"
"Cariani P.; Baker J.M.","Cariani, Peter (6701613269); Baker, Janet M. (7404128412)","6701613269; 7404128412","Time Is of the Essence: Neural Codes, Synchronies, Oscillations, Architectures","2022","Frontiers in Computational Neuroscience","16","","898829","","","","7","10.3389/fncom.2022.898829","https://www.scopus.com/inward/record.uri?eid=2-s2.0-85134067671&doi=10.3389%2ffncom.2022.898829&partnerID=40&md5=381782c8e90d7921648aa62036cd76fe","Article","Final","All Open Access; Gold Open Access; Green Open Access","Scopus","2-s2.0-85134067671"
"Lahdelma I.; Eerola T.; Armitage J.","Lahdelma, Imre (57031848000); Eerola, Tuomas (6602209042); Armitage, James (57214219400)","57031848000; 6602209042; 57214219400","Is Harmonicity a Misnomer for Cultural Familiarity in Consonance Preferences?","2022","Frontiers in Psychology","13","","802385","","","","5","10.3389/fpsyg.2022.802385","https://www.scopus.com/inward/record.uri?eid=2-s2.0-85124583516&doi=10.3389%2ffpsyg.2022.802385&partnerID=40&md5=de63a0686d5d483e445c38d1106ca23d","Article","Final","All Open Access; Gold Open Access","Scopus","2-s2.0-85124583516"
"Dorokhov V.B.; Tkachenko O.N.; Sakharov D.S.; Arsenyev G.N.; Taranov A.O.","Dorokhov, V.B. (57194079123); Tkachenko, O.N. (57212920288); Sakharov, D.S. (7006543590); Arsenyev, G.N. (56044714000); Taranov, A.O. (57192940310)","57194079123; 57212920288; 7006543590; 56044714000; 57192940310","Effects of Exposure to Weak Ultra Low Frequency Electromagnetic Fields on the Structure of Daytime Sleep","2021","Neuroscience and Behavioral Physiology","51","9","","1211","1215","4","1","10.1007/s11055-021-01181-4","https://www.scopus.com/inward/record.uri?eid=2-s2.0-85122155567&doi=10.1007%2fs11055-021-01181-4&partnerID=40&md5=8c329e0fd5d0b5fee3c1878f2763d572","Article","Final","","Scopus","2-s2.0-85122155567"
"Fan L.; Kong L.; Li L.; Qu T.","Fan, Langchen (57207358251); Kong, Lingzhi (55670041600); Li, Liang (55699898100); Qu, Tianshu (8956805100)","57207358251; 55670041600; 55699898100; 8956805100","Sensitivity to a Break in Interaural Correlation in Frequency-Gliding Noises","2021","Frontiers in Psychology","12","","692785","","","","1","10.3389/fpsyg.2021.692785","https://www.scopus.com/inward/record.uri?eid=2-s2.0-85109014193&doi=10.3389%2ffpsyg.2021.692785&partnerID=40&md5=225cb406a6f41a23d1bb7837a87f82cc","Article","Final","All Open Access; Gold Open Access","Scopus","2-s2.0-85109014193"
"Dorokhov V.B.; Puchkova A.N.","Dorokhov, V.B. (57194079123); Puchkova, A.N. (56664344100)","57194079123; 56664344100","Neurotechnologies for the Nonpharmacological Treatment of Sleep Disorders","2022","Neuroscience and Behavioral Physiology","52","7","","1030","1044","14","0","10.1007/s11055-022-01331-2","https://www.scopus.com/inward/record.uri?eid=2-s2.0-85144592380&doi=10.1007%2fs11055-022-01331-2&partnerID=40&md5=7be7d9bfabede96034e1be6ce5cd8a8b","Article","Final","","Scopus","2-s2.0-85144592380"
"Abadin A.F.M.Z.; Imtiaz A.; Ahmed M.M.; Dutta M.","Abadin, A. F. M. Zainul (57409955500); Imtiaz, Ahmed (57410543700); Ahmed, Md. Manik (57410982500); Dutta, Mithun (57205359794)","57409955500; 57410543700; 57410982500; 57205359794","A Brief Study of Binaural Beat: A Means of Brain-Computer Interfacing","2021","Advances in Human-Computer Interaction","2021","","6814208","","","","2","10.1155/2021/6814208","https://www.scopus.com/inward/record.uri?eid=2-s2.0-85122721594&doi=10.1155%2f2021%2f6814208&partnerID=40&md5=a3746349c245b5b00d37bd9300ffaedf","Review","Final","All Open Access; Gold Open Access","Scopus","2-s2.0-85122721594"
"DiNuzzo M.; Mangia S.; Giove F.","DiNuzzo, Mauro (35109148000); Mangia, Silvia (13104118000); Giove, Federico (6603200123)","35109148000; 13104118000; 6603200123","Manipulations of sleep-like slow-wave activity by noninvasive brain stimulation","2022","Journal of Neuroscience Research","100","5","","1218","1225","7","3","10.1002/jnr.25029","https://www.scopus.com/inward/record.uri?eid=2-s2.0-85124895613&doi=10.1002%2fjnr.25029&partnerID=40&md5=cbd258faf425fea3ce83e12e1f0bd653","Review","Final","","Scopus","2-s2.0-85124895613"
"Costa T.D.D.C.; Godeiro Júnior C.; Silva R.A.E.; dos Santos S.F.; Machado D.G.D.S.; Andrade S.M.","Costa, Thaísa Dias de Carvalho (57556330100); Godeiro Júnior, Clécio (15829721800); Silva, Rodrigo Alencar e (56369626300); dos Santos, Silmara Freitas (57224163206); Machado, Daniel Gomes da Silva (57190246565); Andrade, Suellen Marinho (37115211500)","57556330100; 15829721800; 56369626300; 57224163206; 57190246565; 37115211500","The Effects of Non-Invasive Brain Stimulation on Quantitative EEG in Patients With Parkinson's Disease: A Systematic Scoping Review","2022","Frontiers in Neurology","13","","758452","","","","3","10.3389/fneur.2022.758452","https://www.scopus.com/inward/record.uri?eid=2-s2.0-85127306325&doi=10.3389%2ffneur.2022.758452&partnerID=40&md5=df204a1eb003557a31f97096c294d522","Review","Final","All Open Access; Gold Open Access; Green Open Access","Scopus","2-s2.0-85127306325"
"Fry A.; Braren S.; Pitaro N.; Larson B.; Putrino D.","Fry, Adam (57200558216); Braren, Stephen (49960944600); Pitaro, Nicholas (57274557200); Larson, Brandon (57274856400); Putrino, David (8061591200)","57200558216; 49960944600; 57274557200; 57274856400; 8061591200","Music Augmented With Isochronic Auditory Beats or Vibrotactile Stimulation Does Not Affect Subsequent Ergometer Cycling Performance: A Pilot Study","2021","Frontiers in Human Neuroscience","15","","713193","","","","0","10.3389/fnhum.2021.713193","https://www.scopus.com/inward/record.uri?eid=2-s2.0-85115860917&doi=10.3389%2ffnhum.2021.713193&partnerID=40&md5=9be5a7d20fa7824fcdb8efe07402ca00","Article","Final","All Open Access; Gold Open Access; Green Open Access","Scopus","2-s2.0-85115860917"
"Otero M.; Lea-Carnall C.; Prado P.; Escobar M.-J.; El-Deredy W.","Otero, Monica (57205191839); Lea-Carnall, Caroline (57151401000); Prado, Pavel (11240325600); Escobar, Maria-Jose (24437696600); El-Deredy, Wael (6603616278)","57205191839; 57151401000; 11240325600; 24437696600; 6603616278","Modelling neural entrainment and its persistence: influence of frequency of stimulation and phase at the stimulus offset","2022","Biomedical Physics and Engineering Express","8","4","045014","","","","8","10.1088/2057-1976/ac605a","https://www.scopus.com/inward/record.uri?eid=2-s2.0-85133144208&doi=10.1088%2f2057-1976%2fac605a&partnerID=40&md5=b42989ef0d76d8ea59e90ff51265d033","Article","Final","All Open Access; Green Open Access; Hybrid Gold Open Access","Scopus","2-s2.0-85133144208"
"Saadoun A.; Schein A.; Péan V.; Legrand P.; Glélé L.S.A.; Grayeli A.B.","Saadoun, Alexis (57217359651); Schein, Antoine (57214865196); Péan, Vincent (7801672225); Legrand, Pierrick (57211720315); Glélé, Ludwig Serge Aho (57205135543); Grayeli, Alexis Bozorg (56059842200)","57217359651; 57214865196; 7801672225; 57211720315; 57205135543; 56059842200","Frequency Fitting Optimization Using Evolutionary Algorithm in Cochlear Implant Users with Bimodal Binaural Hearing","2022","Brain Sciences","12","2","253","","","","4","10.3390/brainsci12020253","https://www.scopus.com/inward/record.uri?eid=2-s2.0-85125578172&doi=10.3390%2fbrainsci12020253&partnerID=40&md5=32068d342b63bea0a4a836bebe20fb1a","Article","Final","All Open Access; Gold Open Access; Green Open Access","Scopus","2-s2.0-85125578172"
"Wang L.; Noordanus E.; Van Opstal A.J.","Wang, Lei (58881149600); Noordanus, Elisabeth (57221737309); Van Opstal, Adrianus Johannes (7003413417)","58881149600; 57221737309; 7003413417","Towards Real-Time Detection of Auditory Steady-State Responses: A Comparative Study","2021","IEEE Access","9","","9496646","108975","108991","16","2","10.1109/ACCESS.2021.3100157","https://www.scopus.com/inward/record.uri?eid=2-s2.0-85112607982&doi=10.1109%2fACCESS.2021.3100157&partnerID=40&md5=a16ae515bba627cd2f97a17c3575bd0e","Article","Final","All Open Access; Gold Open Access","Scopus","2-s2.0-85112607982"
"Lee E.; Bang Y.; Yoon I.-Y.; Choi H.-Y.","Lee, Eunyoung (57225886044); Bang, Youngrong (56310359400); Yoon, In-Young (7004877928); Choi, Ha-Yun (57206007034)","57225886044; 56310359400; 7004877928; 57206007034","Entrapment of Binaural Auditory Beats in Subjects with Symptoms of Insomnia","2022","Brain Sciences","12","3","339","","","","7","10.3390/brainsci12030339","https://www.scopus.com/inward/record.uri?eid=2-s2.0-85126621725&doi=10.3390%2fbrainsci12030339&partnerID=40&md5=5fb31589366925e6fa05645c8281b241","Article","Final","All Open Access; Gold Open Access; Green Open Access","Scopus","2-s2.0-85126621725"
"Mahesan D.; Janczyk M.; Fischer R.","Mahesan, Devu (57191753693); Janczyk, Markus (33367581100); Fischer, Rico (7403086851)","57191753693; 33367581100; 7403086851","Two types of between-task conflict trigger respective processing adjustments within one dual-task","2021","Acta Psychologica","221","","103450","","","","4","10.1016/j.actpsy.2021.103450","https://www.scopus.com/inward/record.uri?eid=2-s2.0-85119442238&doi=10.1016%2fj.actpsy.2021.103450&partnerID=40&md5=59b8e72c763f60c7751dde2a45ea6ed1","Article","Final","All Open Access; Gold Open Access","Scopus","2-s2.0-85119442238"
"Kaplan E.C.; Wagner A.E.; Toffanin P.; Başkent D.","Kaplan, Elif Canseza (57221514334); Wagner, Anita E. (37022155400); Toffanin, Paolo (24336504000); Başkent, Deniz (6602445586)","57221514334; 37022155400; 24336504000; 6602445586","Do Musicians and Non-musicians Differ in Speech-on-Speech Processing?","2021","Frontiers in Psychology","12","","623787","","","","7","10.3389/fpsyg.2021.623787","https://www.scopus.com/inward/record.uri?eid=2-s2.0-85101919709&doi=10.3389%2ffpsyg.2021.623787&partnerID=40&md5=f607788810c041f8b5e5339c34cb8e8a","Article","Final","All Open Access; Gold Open Access","Scopus","2-s2.0-85101919709"
"Zambrana-Vinaroz D.; Vicente-Samper J.M.; Sabater-Navarro J.M.","Zambrana-Vinaroz, David (57210574736); Vicente-Samper, Jose Maria (57194556748); Sabater-Navarro, Jose Maria (7005856468)","57210574736; 57194556748; 7005856468","Validation of Continuous Monitoring System for Epileptic Users in Outpatient Settings","2022","Sensors","22","8","2900","","","","7","10.3390/s22082900","https://www.scopus.com/inward/record.uri?eid=2-s2.0-85127951618&doi=10.3390%2fs22082900&partnerID=40&md5=777f3dc6ec3dfe17e0cd24d44c592393","Article","Final","All Open Access; Gold Open Access; Green Open Access","Scopus","2-s2.0-85127951618"
"Grent-‘t-Jong T.; Gajwani R.; Gross J.; Gumley A.I.; Krishnadas R.; Lawrie S.M.; Schwannauer M.; Schultze-Lutter F.; Uhlhaas P.J.","Grent-‘t-Jong, Tineke (6506241717); Gajwani, Ruchika (55846191600); Gross, Joachim (7402752222); Gumley, Andrew I. (6602499707); Krishnadas, Rajeev (21743072300); Lawrie, Stephen M. (7006525184); Schwannauer, Matthias (8410747700); Schultze-Lutter, Frauke (6602139887); Uhlhaas, Peter J. (8081711400)","6506241717; 55846191600; 7402752222; 6602499707; 21743072300; 7006525184; 8410747700; 6602139887; 8081711400","40-Hz Auditory Steady-State Responses Characterize Circuit Dysfunctions and Predict Clinical Outcomes in Clinical High-Risk for Psychosis Participants: A Magnetoencephalography Study","2021","Biological Psychiatry","90","6","","419","429","10","40","10.1016/j.biopsych.2021.03.018","https://www.scopus.com/inward/record.uri?eid=2-s2.0-85108566600&doi=10.1016%2fj.biopsych.2021.03.018&partnerID=40&md5=8a4d7d9a01e795088a3bd40fc56ff562","Article","Final","All Open Access; Hybrid Gold Open Access","Scopus","2-s2.0-85108566600"
"de Fleurian R.; Pearce M.T.","de Fleurian, Rémi (57193931152); Pearce, Marcus T. (8674558800)","57193931152; 8674558800","Chills in Music: A Systematic Review","2021","Psychological Bulletin","147","9","","890","920","30","15","10.1037/bul0000341","https://www.scopus.com/inward/record.uri?eid=2-s2.0-85123509479&doi=10.1037%2fbul0000341&partnerID=40&md5=663e8796859a1b599fb83a78057f11a9","Article","Final","All Open Access; Green Open Access","Scopus","2-s2.0-85123509479"
"Derner M.; Chaieb L.; Dehnen G.; Reber T.P.; Borger V.; Surges R.; Staresina B.P.; Mormann F.; Fell J.","Derner, Marlene (57195527187); Chaieb, Leila (23567434900); Dehnen, Gert (57218419601); Reber, Thomas P. (55082999000); Borger, Valeri (55279386300); Surges, Rainer (57203921777); Staresina, Bernhard P. (8515031700); Mormann, Florian (6603013446); Fell, Juergen (7103322403)","57195527187; 23567434900; 57218419601; 55082999000; 55279386300; 57203921777; 8515031700; 6603013446; 7103322403","Auditory beat stimulation modulates memory-related single-neuron activity in the human medial temporal lobe","2021","Brain Sciences","11","3","364","","","","6","10.3390/brainsci11030364","https://www.scopus.com/inward/record.uri?eid=2-s2.0-85103103100&doi=10.3390%2fbrainsci11030364&partnerID=40&md5=4b8dce82cdd806d29c1f05203a0939d3","Article","Final","All Open Access; Gold Open Access; Green Open Access","Scopus","2-s2.0-85103103100"
"Chaieb L.; Krakau S.; Reber T.P.; Fell J.","Chaieb, Leila (23567434900); Krakau, Sofie (57216879354); Reber, Thomas P. (55082999000); Fell, Juergen (7103322403)","23567434900; 57216879354; 55082999000; 7103322403","Modulation of Mind Wandering Using Monaural Beat Stimulation in Subjects With High Trait-Level Mind Wandering","2022","Frontiers in Psychology","13","","815442","","","","4","10.3389/fpsyg.2022.815442","https://www.scopus.com/inward/record.uri?eid=2-s2.0-85133524190&doi=10.3389%2ffpsyg.2022.815442&partnerID=40&md5=75391c5e11be06cda67643aa75e9f3e9","Article","Final","All Open Access; Gold Open Access; Green Open Access","Scopus","2-s2.0-85133524190"
"Momtaz S.; Moncrieff D.; Bidelman G.M.","Momtaz, Sara (57221350108); Moncrieff, Deborah (7005158466); Bidelman, Gavin M. (26325449700)","57221350108; 7005158466; 26325449700","Dichotic listening deficits in amblyaudia are characterized by aberrant neural oscillations in auditory cortex","2021","Clinical Neurophysiology","132","9","","2152","2162","10","7","10.1016/j.clinph.2021.04.022","https://www.scopus.com/inward/record.uri?eid=2-s2.0-85110536464&doi=10.1016%2fj.clinph.2021.04.022&partnerID=40&md5=21f259727f630682aa90cc614a0bc8c3","Article","Final","All Open Access; Bronze Open Access","Scopus","2-s2.0-85110536464"
"Wang L.; Zhang W.; Li X.; Yang S.","Wang, Lei (57194172127); Zhang, Wen (57222170236); Li, Xinyue (57789934700); Yang, Shuo (35333096100)","57194172127; 57222170236; 57789934700; 35333096100","The Effect of 40 Hz Binaural Beats on Working Memory","2022","IEEE Access","10","","","81556","81567","11","2","10.1109/ACCESS.2022.3185257","https://www.scopus.com/inward/record.uri?eid=2-s2.0-85133712814&doi=10.1109%2fACCESS.2022.3185257&partnerID=40&md5=2aec541047412835fdef9352290ea276","Article","Final","All Open Access; Gold Open Access","Scopus","2-s2.0-85133712814"
"Milne A.E.; Bianco R.; Poole K.C.; Zhao S.; Oxenham A.J.; Billig A.J.; Chait M.","Milne, Alice E. (55938057100); Bianco, Roberta (56985557200); Poole, Katarina C. (57218475698); Zhao, Sijia (57210924658); Oxenham, Andrew J. (7003326429); Billig, Alexander J. (55830349800); Chait, Maria (8953499500)","55938057100; 56985557200; 57218475698; 57210924658; 7003326429; 55830349800; 8953499500","An online headphone screening test based on dichotic pitch","2021","Behavior Research Methods","53","4","","1551","1562","11","88","10.3758/s13428-020-01514-0","https://www.scopus.com/inward/record.uri?eid=2-s2.0-85097373411&doi=10.3758%2fs13428-020-01514-0&partnerID=40&md5=9eed7c658daa26d177b8b485443a03b2","Article","Final","All Open Access; Hybrid Gold Open Access","Scopus","2-s2.0-85097373411"
"Osses Vecchi A.; Varnet L.; Carney L.H.; Dau T.; Bruce I.C.; Verhulst S.; Majdak P.","Osses Vecchi, Alejandro (56811184400); Varnet, Leo (55752631900); Carney, Laurel H. (7005132843); Dau, Torsten (56368948300); Bruce, Ian C. (57203253826); Verhulst, Sarah (23391322600); Majdak, Piotr (55893473000)","56811184400; 55752631900; 7005132843; 56368948300; 57203253826; 23391322600; 55893473000","A comparative study of eight human auditory models of monaural processing","2022","Acta Acustica","6","","2022008","","","","20","10.1051/aacus/2022008","https://www.scopus.com/inward/record.uri?eid=2-s2.0-85129870827&doi=10.1051%2faacus%2f2022008&partnerID=40&md5=b1b49c6b9af0f01a2bc19718190a3ac7","Article","Final","All Open Access; Gold Open Access","Scopus","2-s2.0-85129870827"
"Formoso M.A.; Ortiz A.; Martinez-Murcia F.J.; Gallego N.; Luque J.L.","Formoso, Marco A. (57220166971); Ortiz, Andrés (18434650900); Martinez-Murcia, Francisco J. (55062058300); Gallego, Nicolás (57223766712); Luque, Juan L. (7102403963)","57220166971; 18434650900; 55062058300; 57223766712; 7102403963","Detecting phase-synchrony connectivity anomalies in eeg signals. Application to dyslexia diagnosis","2021","Sensors","21","21","7061","","","","12","10.3390/s21217061","https://www.scopus.com/inward/record.uri?eid=2-s2.0-85117581999&doi=10.3390%2fs21217061&partnerID=40&md5=32b1561ca895de002eb8d2188e581bd6","Article","Final","All Open Access; Gold Open Access; Green Open Access","Scopus","2-s2.0-85117581999"
"Corona-González C.E.; Alonso-Valerdi L.M.; Ibarra-Zarate D.I.","Corona-González, César E. (57359711900); Alonso-Valerdi, Luz María (49962954800); Ibarra-Zarate, David I. (55234023500)","57359711900; 49962954800; 55234023500","Personalized Theta and Beta Binaural Beats for Brain Entrainment: An Electroencephalographic Analysis","2021","Frontiers in Psychology","12","","764068","","","","5","10.3389/fpsyg.2021.764068","https://www.scopus.com/inward/record.uri?eid=2-s2.0-85120433614&doi=10.3389%2ffpsyg.2021.764068&partnerID=40&md5=4346f2a76a9857b19d6e4c82f9f165c6","Article","Final","All Open Access; Gold Open Access; Green Open Access","Scopus","2-s2.0-85120433614"
"Oberle C.D.; Grelle K.F.; Vela R.D.; Jones C.B.; Deason R.G.","Oberle, Crystal D. (55940706500); Grelle, Kaitlin F. (57815180200); Vela, Ruben D. (57195263925); Jones, Chasley B. (57201427961); Deason, Rebecca G. (8967659400)","55940706500; 57815180200; 57195263925; 57201427961; 8967659400","Positive effects of a beta-frequency binaural beats programme on memory","2022","Journal of Cognitive Psychology","34","8","","990","995","5","1","10.1080/20445911.2022.2104291","https://www.scopus.com/inward/record.uri?eid=2-s2.0-85134656713&doi=10.1080%2f20445911.2022.2104291&partnerID=40&md5=251f2b0767e0fbbaf0ed4ef5648fb3dd","Article","Final","","Scopus","2-s2.0-85134656713"
"Pürner D.; Schirkonyer V.; Janssen T.","Pürner, Dominik (57222011967); Schirkonyer, Volker (55650087100); Janssen, Thomas (7103383545)","57222011967; 55650087100; 7103383545","Changes in the peripheral and central auditory performance in the elderly—A cross-sectional study","2022","Journal of Neuroscience Research","100","9","","1791","1811","20","6","10.1002/jnr.25068","https://www.scopus.com/inward/record.uri?eid=2-s2.0-85130241085&doi=10.1002%2fjnr.25068&partnerID=40&md5=66544f2c8ff2b37c3f4388958878ff93","Article","Final","All Open Access; Hybrid Gold Open Access","Scopus","2-s2.0-85130241085"
"Guo Y.; Huang D.; Zhang W.; Wang L.; Li Y.; Olmo G.; Wang Q.; Meng F.; Chan P.","Guo, Yuzhu (55519791700); Huang, Debin (57196121600); Zhang, Wei (56373897500); Wang, Lipeng (57211489865); Li, Yang (56075073900); Olmo, Gabriella (7003381758); Wang, Qiao (57212249395); Meng, Fangang (8843837000); Chan, Piu (58332240100)","55519791700; 57196121600; 56373897500; 57211489865; 56075073900; 7003381758; 57212249395; 8843837000; 58332240100","High-accuracy wearable detection of freezing of gait in Parkinson's disease based on pseudo-multimodal features","2022","Computers in Biology and Medicine","146","","105629","","","","12","10.1016/j.compbiomed.2022.105629","https://www.scopus.com/inward/record.uri?eid=2-s2.0-85131378900&doi=10.1016%2fj.compbiomed.2022.105629&partnerID=40&md5=7749e9975faae40f77c887863f7255fd","Article","Final","","Scopus","2-s2.0-85131378900"
"Daly H.R.; Pitt M.A.","Daly, Heather R. (57226367864); Pitt, Mark A. (7102280701)","57226367864; 7102280701","Distractor probability influences suppression in auditory selective attention","2021","Cognition","216","","104849","","","","5","10.1016/j.cognition.2021.104849","https://www.scopus.com/inward/record.uri?eid=2-s2.0-85111287835&doi=10.1016%2fj.cognition.2021.104849&partnerID=40&md5=d02b4dc10f4236691008f406d8a7aef1","Article","Final","","Scopus","2-s2.0-85111287835"
"Dorokhov V.B.; Puchkova A.N.","Dorokhov, V.B. (57194079123); Puchkova, A.N. (56664344100)","57194079123; 56664344100","NEUROTECHNOLOGIES OF NON-PHARMACOLOGICAL SLEEP DISORDERS THERAPY; [НЕЙРОТЕХНОЛОГИИ НЕФАРМАКОЛОГИЧЕСКОЙ ТЕРАПИИ НАРУШЕНИЙ СНА]","2022","Zhurnal Vysshei Nervnoi Deyatelnosti Imeni I.P. Pavlova","72","1","","55","76","21","2","10.31857/S0044467722010038","https://www.scopus.com/inward/record.uri?eid=2-s2.0-85136209045&doi=10.31857%2fS0044467722010038&partnerID=40&md5=0d8c12b8c7b701931d39d1fea9ad7971","Article","Final","","Scopus","2-s2.0-85136209045"
"Katmah R.; Al-Shargie F.; Tariq U.; Babiloni F.; Al-Mughairbi F.; Al-Nashash H.","Katmah, Rateb (57226318877); Al-Shargie, Fares (56380565900); Tariq, Usman (56685261500); Babiloni, Fabio (7006787992); Al-Mughairbi, Fadwa (36110824600); Al-Nashash, Hasan (6701686599)","57226318877; 56380565900; 56685261500; 7006787992; 36110824600; 6701686599","Mental Stress Management Using fNIRS Directed Connectivity and Audio Stimulation","2023","IEEE Transactions on Neural Systems and Rehabilitation Engineering","31","","","1086","1096","10","10","10.1109/TNSRE.2023.3239913","https://www.scopus.com/inward/record.uri?eid=2-s2.0-85148428280&doi=10.1109%2fTNSRE.2023.3239913&partnerID=40&md5=b3a7615806922840fc7c6d6e7d0260b3","Article","Final","All Open Access; Gold Open Access","Scopus","2-s2.0-85148428280"
"Yonah R.","Yonah, Revital (57217150824)","57217150824","Presession posterior alpha enhancement may accelerate neurofeedback learning and response","2021","NeuroRegulation","8","1","","29","46","17","0","10.15540/NR.8.1.29","https://www.scopus.com/inward/record.uri?eid=2-s2.0-85104535072&doi=10.15540%2fNR.8.1.29&partnerID=40&md5=3920368e133abd4c0a66aa6294575902","Article","Final","All Open Access; Gold Open Access","Scopus","2-s2.0-85104535072"
"Maguire M.J.","Maguire, Melissa Jane (24332450200)","24332450200","Wired for sound: The effect of sound on the epileptic brain","2022","Seizure","102","","","22","31","9","5","10.1016/j.seizure.2022.09.016","https://www.scopus.com/inward/record.uri?eid=2-s2.0-85138787306&doi=10.1016%2fj.seizure.2022.09.016&partnerID=40&md5=40c9747f032662c1400546497c1030a7","Review","Final","All Open Access; Bronze Open Access","Scopus","2-s2.0-85138787306"
"Pellegrino G.; Hedrich T.; Sziklas V.; Lina J.-M.; Grova C.; Kobayashi E.","Pellegrino, Giovanni (38362100100); Hedrich, Tanguy (56040974800); Sziklas, Viviane (6603005559); Lina, Jean-Marc (6602706190); Grova, Christophe (56041029900); Kobayashi, Eliane (7201948898)","38362100100; 56040974800; 6603005559; 6602706190; 56041029900; 7201948898","How cerebral cortex protects itself from interictal spikes: The alpha/beta inhibition mechanism","2021","Human Brain Mapping","42","11","","3352","3365","13","13","10.1002/hbm.25422","https://www.scopus.com/inward/record.uri?eid=2-s2.0-85105879441&doi=10.1002%2fhbm.25422&partnerID=40&md5=142524b9d09f627c91e8c93b5769002f","Article","Final","All Open Access; Green Open Access","Scopus","2-s2.0-85105879441"
"Nasr K.; Haslacher D.; Dayan E.; Censor N.; Cohen L.G.; Soekadar S.R.","Nasr, Khaled (57221351374); Haslacher, David (56732977400); Dayan, Eran (16502183500); Censor, Nitzan (14631640600); Cohen, Leonardo G. (7403928815); Soekadar, Surjo R. (23494034400)","57221351374; 56732977400; 16502183500; 14631640600; 7403928815; 23494034400","Breaking the boundaries of interacting with the human brain using adaptive closed-loop stimulation","2022","Progress in Neurobiology","216","","102311","","","","23","10.1016/j.pneurobio.2022.102311","https://www.scopus.com/inward/record.uri?eid=2-s2.0-85133821302&doi=10.1016%2fj.pneurobio.2022.102311&partnerID=40&md5=2b80230d501d187a444dafd77b62aa8f","Review","Final","","Scopus","2-s2.0-85133821302"
"Wang X.; Lu H.; He Y.; Sun K.; Feng T.; Zhu X.","Wang, Xinlu (57797560500); Lu, Hongliang (57220194313); He, Yang (57573283800); Sun, Kewei (57219709828); Feng, Tingwei (57610256300); Zhu, Xia (36571148800)","57797560500; 57220194313; 57573283800; 57219709828; 57610256300; 36571148800","Listening to 15 Hz Binaural Beats Enhances the Connectivity of Functional Brain Networks in the Mental Fatigue State—An EEG Study","2022","Brain Sciences","12","9","1161","","","","5","10.3390/brainsci12091161","https://www.scopus.com/inward/record.uri?eid=2-s2.0-85138656891&doi=10.3390%2fbrainsci12091161&partnerID=40&md5=2e5d1f6aae0f11b9bed8f1ac52980fcd","Article","Final","All Open Access; Gold Open Access; Green Open Access","Scopus","2-s2.0-85138656891"
"Paek A.Y.; Brantley J.A.; Evans B.J.; Contreras-Vidal J.L.","Paek, Andrew Y. (36957155200); Brantley, Justin A. (56967876100); Evans, Barbara J. (57210970627); Contreras-Vidal, Jose L. (6603974155)","36957155200; 56967876100; 57210970627; 6603974155","Concerns in the Blurred Divisions between Medical and Consumer Neurotechnology","2021","IEEE Systems Journal","15","2","9298858","3069","3080","11","9","10.1109/JSYST.2020.3032609","https://www.scopus.com/inward/record.uri?eid=2-s2.0-85098800306&doi=10.1109%2fJSYST.2020.3032609&partnerID=40&md5=c7c7ba6876bdc72cc9c4ea178a39541e","Article","Final","All Open Access; Bronze Open Access","Scopus","2-s2.0-85098800306"
"Rishika R.; Gupta A.; Sinha S.; Sofana Reka S.","Rishika, R. (57224624279); Gupta, Aditya (57224624265); Sinha, Sakshi (57224624227); Sofana Reka, S. (56964480300)","57224624279; 57224624265; 57224624227; 56964480300","Sleep Pattern Study with Respect to Binaural Beats Using Sensors and Mobile Application","2021","Wireless Personal Communications","119","1","","941","957","16","0","10.1007/s11277-021-08245-1","https://www.scopus.com/inward/record.uri?eid=2-s2.0-85108055860&doi=10.1007%2fs11277-021-08245-1&partnerID=40&md5=9e36457d139ac825582a8ed44b3ab593","Article","Final","","Scopus","2-s2.0-85108055860"
"Ujitoko Y.; Tokuhisa R.; Sakurai S.; Hirota K.","Ujitoko, Yusuke (56964374200); Tokuhisa, Ryunosuke (57224317701); Sakurai, Sho (36782857500); Hirota, Koichi (57052146100)","56964374200; 57224317701; 36782857500; 57052146100","Impact Vibration Source Localization in Two-Dimensional Space around Hand","2021","IEEE Transactions on Haptics","14","4","","862","873","11","5","10.1109/TOH.2021.3085756","https://www.scopus.com/inward/record.uri?eid=2-s2.0-85107355836&doi=10.1109%2fTOH.2021.3085756&partnerID=40&md5=1847b68bd28c3d9db8b3a4b9db0ec0d9","Article","Final","All Open Access; Hybrid Gold Open Access","Scopus","2-s2.0-85107355836"
"Robison M.K.; Obulasetty M.; Blais C.; Wingert K.M.; Brewer G.A.","Robison, Matthew K. (55821732500); Obulasetty, Mohitha (57223427174); Blais, Chris (36977167500); Wingert, Kimberly M. (57194615930); Brewer, Gene A. (36876883100)","55821732500; 57223427174; 36977167500; 57194615930; 36876883100","The effect of binaural beat stimulation on sustained attention","2022","Psychological Research","86","3","","808","822","14","12","10.1007/s00426-021-01524-3","https://www.scopus.com/inward/record.uri?eid=2-s2.0-85105846482&doi=10.1007%2fs00426-021-01524-3&partnerID=40&md5=d7a05952bf5193e563d9f4a688082551","Article","Final","","Scopus","2-s2.0-85105846482"
"Cordi M.J.","Cordi, Maren Jasmin (56188583900)","56188583900","Updated review of the acoustic modulation of sleep: Current perspectives and emerging concepts","2021","Nature and Science of Sleep","13","","","1319","1330","11","3","10.2147/NSS.S284805","https://www.scopus.com/inward/record.uri?eid=2-s2.0-85111673886&doi=10.2147%2fNSS.S284805&partnerID=40&md5=3dbcbfec36995004b4a399c8fa76a523","Review","Final","All Open Access; Gold Open Access","Scopus","2-s2.0-85111673886"
"Kirk U.; Ngnoumen C.; Clausel A.; Purvis C.K.","Kirk, Ulrich (24765108300); Ngnoumen, Christelle (57160994200); Clausel, Alicia (58555258300); Purvis, Clare Kennedy (56042121700)","24765108300; 57160994200; 58555258300; 56042121700","Using Actigraphy and Heart Rate Variability (HRV) to Assess Sleep Quality and Sleep Arousal of Three App-Based Interventions: Sleep Music, Sleepcasts, and Guided Mindfulness","2022","Journal of Cognitive Enhancement","6","2","","216","231","15","5","10.1007/s41465-021-00233-4","https://www.scopus.com/inward/record.uri?eid=2-s2.0-85146458333&doi=10.1007%2fs41465-021-00233-4&partnerID=40&md5=cb373ec210ac5303c7acce4e02fd42a3","Article","Final","","Scopus","2-s2.0-85146458333"
"Tabanfar Z.; Ghassemi F.; Moradi M.H.","Tabanfar, Zahra (57194043198); Ghassemi, Farnaz (27867735000); Moradi, Mohammad Hassan (7004476897)","57194043198; 27867735000; 7004476897","Estimating brain periodic sources activities in steady-state visual evoked potential using local fourier independent component analysis","2022","Biomedical Signal Processing and Control","71","","103162","","","","10","10.1016/j.bspc.2021.103162","https://www.scopus.com/inward/record.uri?eid=2-s2.0-85115138897&doi=10.1016%2fj.bspc.2021.103162&partnerID=40&md5=a0b965762aa72d961831a9158c90ba18","Article","Final","","Scopus","2-s2.0-85115138897"
"Hülsdünker T.; Riedel D.; Käsbauer H.; Ruhnow D.; Mierau A.","Hülsdünker, Thorben (56017598100); Riedel, David (57202729516); Käsbauer, Hannes (57207038049); Ruhnow, Diemo (57207030752); Mierau, Andreas (15844278700)","56017598100; 57202729516; 57207038049; 57207030752; 15844278700","Auditory Information Accelerates the Visuomotor Reaction Speed of Elite Badminton Players in Multisensory Environments","2021","Frontiers in Human Neuroscience","15","","779343","","","","2","10.3389/fnhum.2021.779343","https://www.scopus.com/inward/record.uri?eid=2-s2.0-85121003134&doi=10.3389%2ffnhum.2021.779343&partnerID=40&md5=263182c99987733ef3d71e537931a1ab","Article","Final","All Open Access; Gold Open Access; Green Open Access","Scopus","2-s2.0-85121003134"
"Carcagno S.; Plack C.J.","Carcagno, Samuele (22133462500); Plack, Christopher J. (7004344799)","22133462500; 7004344799","Effects of age on psychophysical measures of auditory temporal processing and speech reception at low and high levels","2021","Hearing Research","400","","108117","","","","11","10.1016/j.heares.2020.108117","https://www.scopus.com/inward/record.uri?eid=2-s2.0-85096853413&doi=10.1016%2fj.heares.2020.108117&partnerID=40&md5=cf82e43216b0c9b1922ad4ef37a949ae","Article","Final","All Open Access; Green Open Access; Hybrid Gold Open Access","Scopus","2-s2.0-85096853413"
"Wright B.A.; Dai H.","Wright, Beverly A. (7402346523); Dai, Huanping (7402206894)","7402346523; 7402206894","Discrimination thresholds for interaural-time differences and interaural-level differences in naïve listeners: Sex differences and learning","2022","Hearing Research","424","","108599","","","","2","10.1016/j.heares.2022.108599","https://www.scopus.com/inward/record.uri?eid=2-s2.0-85137065011&doi=10.1016%2fj.heares.2022.108599&partnerID=40&md5=117bb074eac91e723f16d62833864bfa","Article","Final","","Scopus","2-s2.0-85137065011"
"Liu Y.; Tang C.; Wei K.; Liu D.; Tang K.; Chen M.; Xia X.; Mao Z.","Liu, Yang (59107925900); Tang, Can (57571569900); Wei, Kailun (57221997551); Liu, Di (57918923900); Tang, Keke (57918132900); Chen, Meilian (57919118400); Xia, Xuewei (56768666200); Mao, Zhiqi (55286317800)","59107925900; 57571569900; 57221997551; 57918923900; 57918132900; 57919118400; 56768666200; 55286317800","Transcranial alternating current stimulation combined with sound stimulation improves the cognitive function of patients with Alzheimer's disease: A case report and literature review","2022","Frontiers in Neurology","13","","962684","","","","11","10.3389/fneur.2022.962684","https://www.scopus.com/inward/record.uri?eid=2-s2.0-85139408347&doi=10.3389%2ffneur.2022.962684&partnerID=40&md5=f7c6c6d2213268ecb884ac55eb25a602","Article","Final","All Open Access; Gold Open Access","Scopus","2-s2.0-85139408347"
"Mahmood D.; Nisar H.; Yap V.V.; Tsai C.-Y.","Mahmood, Danyal (57402948400); Nisar, Humaira (11340183800); Yap, Vooi Voon (23394432400); Tsai, Chi-Yi (57208588219)","57402948400; 11340183800; 23394432400; 57208588219","The Effect of Music Listening on EEG Functional Connectivity of Brain: A Short-Duration and Long-Duration Study","2022","Mathematics","10","3","349","","","","20","10.3390/math10030349","https://www.scopus.com/inward/record.uri?eid=2-s2.0-85123602551&doi=10.3390%2fmath10030349&partnerID=40&md5=3ef8f951715365e9c18ace8f68cf959b","Article","Final","All Open Access; Gold Open Access","Scopus","2-s2.0-85123602551"
"Rosenkranz M.; Holtze B.; Jaeger M.; Debener S.","Rosenkranz, Marc (57225021626); Holtze, Björn (57222656159); Jaeger, Manuela (56624024900); Debener, Stefan (6601953065)","57225021626; 57222656159; 56624024900; 6601953065","EEG-Based Intersubject Correlations Reflect Selective Attention in a Competing Speaker Scenario","2021","Frontiers in Neuroscience","15","","685774","","","","9","10.3389/fnins.2021.685774","https://www.scopus.com/inward/record.uri?eid=2-s2.0-85108976296&doi=10.3389%2ffnins.2021.685774&partnerID=40&md5=0484e4bc16eee620f0109e8a73083857","Article","Final","All Open Access; Gold Open Access; Green Open Access","Scopus","2-s2.0-85108976296"
"Shamsi E.; Ahmadi-Pajouh M.A.; Seifi Ala T.","Shamsi, Elham (57194032594); Ahmadi-Pajouh, Mohammad Ali (16174477500); Seifi Ala, Tirdad (57208256844)","57194032594; 16174477500; 57208256844","Higuchi fractal dimension: An efficient approach to detection of brain entrainment to theta binaural beats","2021","Biomedical Signal Processing and Control","68","","102580","","","","24","10.1016/j.bspc.2021.102580","https://www.scopus.com/inward/record.uri?eid=2-s2.0-85103326410&doi=10.1016%2fj.bspc.2021.102580&partnerID=40&md5=aa21593b3bed54af268a077aca2ee6cc","Article","Final","","Scopus","2-s2.0-85103326410"
"Dev A.; Roy N.; Islam M.K.; Biswas C.; Ahmed H.U.; Amin M.A.; Sarker F.; Vaidyanathan R.; Mamun K.A.","Dev, Antora (58653759600); Roy, Nipa (57617857400); Islam, Md. Kafiul (57220499776); Biswas, Chiranjeeb (57432008600); Ahmed, Helal Uddin (56454801400); Amin, Md. Ashraful (56779456900); Sarker, Farhana (24448599500); Vaidyanathan, Ravi (35570517600); Mamun, Khondaker A. (57923621700)","58653759600; 57617857400; 57220499776; 57432008600; 56454801400; 56779456900; 24448599500; 35570517600; 57923621700","Exploration of EEG-Based Depression Biomarkers Identification Techniques and Their Applications: A Systematic Review","2022","IEEE Access","10","","","16756","16781","25","38","10.1109/ACCESS.2022.3146711","https://www.scopus.com/inward/record.uri?eid=2-s2.0-85123718819&doi=10.1109%2fACCESS.2022.3146711&partnerID=40&md5=02004f386a26dcf1d4f8a03a2badbd53","Article","Final","All Open Access; Gold Open Access","Scopus","2-s2.0-85123718819"
"Inguscio B.M.S.; Cartocci G.; Sciaraffa N.; Nicastri M.; Giallini I.; Greco A.; Babiloni F.; Mancini P.","Inguscio, Bianca Maria Serena (57204127025); Cartocci, Giulia (52263349900); Sciaraffa, Nicolina (58608521200); Nicastri, Maria (6507589124); Giallini, Ilaria (57189901971); Greco, Antonio (56214842200); Babiloni, Fabio (7006787992); Mancini, Patrizia (56962761900)","57204127025; 52263349900; 58608521200; 6507589124; 57189901971; 56214842200; 7006787992; 56962761900","Gamma-Band Modulation in Parietal Area as the Electroencephalographic Signature for Performance in Auditory–Verbal Working Memory: An Exploratory Pilot Study in Hearing and Unilateral Cochlear Implant Children","2022","Brain Sciences","12","10","1291","","","","8","10.3390/brainsci12101291","https://www.scopus.com/inward/record.uri?eid=2-s2.0-85140607651&doi=10.3390%2fbrainsci12101291&partnerID=40&md5=22c497c4335765c797a1b8749217a853","Article","Final","All Open Access; Gold Open Access","Scopus","2-s2.0-85140607651"
"Rahman J.S.; Caldwell S.; Jones R.; Gedeon T.","Rahman, Jessica Sharmin (57204640335); Caldwell, Sabrina (55841706600); Jones, Richard (57197987166); Gedeon, Tom (24400830200)","57204640335; 55841706600; 57197987166; 24400830200","Brain Melody Interaction: Understanding Effects of Music on Cerebral Hemodynamic Responses","2022","Multimodal Technologies and Interaction","6","5","35","","","","2","10.3390/mti6050035","https://www.scopus.com/inward/record.uri?eid=2-s2.0-85130123931&doi=10.3390%2fmti6050035&partnerID=40&md5=7b466a07989acda24bfdf94b511fdc6e","Article","Final","All Open Access; Gold Open Access","Scopus","2-s2.0-85130123931"
"Singh M.F.; Cole M.W.; Braver T.S.; Ching S.","Singh, Matthew F. (57203168682); Cole, Michael W. (55545860482); Braver, Todd S. (7003311273); Ching, ShiNung (23988490600)","57203168682; 55545860482; 7003311273; 23988490600","Developing control-theoretic objectives for large-scale brain dynamics and cognitive enhancement","2022","Annual Reviews in Control","54","","","363","376","13","1","10.1016/j.arcontrol.2022.05.001","https://www.scopus.com/inward/record.uri?eid=2-s2.0-85133575296&doi=10.1016%2fj.arcontrol.2022.05.001&partnerID=40&md5=ffac453bce975aba65e6784cef9b896a","Article","Final","All Open Access; Bronze Open Access","Scopus","2-s2.0-85133575296"
"Sadeghijam M.; Moossavi A.; Akbari M.; Yousefi A.; Haghani H.","Sadeghijam, Maryam (57209466796); Moossavi, Abdollah (35092984200); Akbari, Mahdi (54580611300); Yousefi, Abbas (57201254746); Haghani, Hamid (55932039900)","57209466796; 35092984200; 54580611300; 57201254746; 55932039900","Effect of tinnitus distress on auditory steady-state response amplitudes in chronic tinnitus sufferers","2022","Journal of Clinical Neuroscience","97","","","49","55","6","5","10.1016/j.jocn.2021.11.014","https://www.scopus.com/inward/record.uri?eid=2-s2.0-85122694963&doi=10.1016%2fj.jocn.2021.11.014&partnerID=40&md5=da55a967e16f4da8d6772e62d650119c","Article","Final","","Scopus","2-s2.0-85122694963"
"Jennings S.G.","Jennings, Skyler G. (33367702700)","33367702700","The role of the medial olivocochlear reflex in psychophysical masking and intensity resolution in humans: A review","2021","Journal of Neurophysiology","125","6","","2279","2308","29","20","10.1152/jn.00672.2020","https://www.scopus.com/inward/record.uri?eid=2-s2.0-85108022586&doi=10.1152%2fjn.00672.2020&partnerID=40&md5=608764d8d990f96746dbd21d8a45f7c1","Review","Final","All Open Access; Green Open Access","Scopus","2-s2.0-85108022586"
"Bernstein J.G.W.; Jensen K.K.; Stakhovskaya O.A.; Noble J.H.; Hoa M.; Kim H.J.; Shih R.; Kolberg E.; Cleary M.; Goupell M.J.","Bernstein, Joshua G.W. (7402304219); Jensen, Kenneth K. (57188719224); Stakhovskaya, Olga A. (15045907300); Noble, Jack H. (22635393500); Hoa, Michael (24597391000); Kim, H. Jeffery (57222557246); Shih, Robert (57189581140); Kolberg, Elizabeth (56481532700); Cleary, Miranda (7202006122); Goupell, Matthew J. (6506799965)","7402304219; 57188719224; 15045907300; 22635393500; 24597391000; 57222557246; 57189581140; 56481532700; 7202006122; 6506799965","Interaural Place-of-Stimulation Mismatch Estimates Using CT Scans and Binaural Perception, but Not Pitch, Are Consistent in Cochlear-Implant Users","2021","Journal of Neuroscience","41","49","","10161","10178","17","20","10.1523/JNEUROSCI.0359-21.2021","https://www.scopus.com/inward/record.uri?eid=2-s2.0-85122546918&doi=10.1523%2fJNEUROSCI.0359-21.2021&partnerID=40&md5=334bab804a9ac5eb8e378da2cc613ab4","Article","Final","All Open Access; Hybrid Gold Open Access","Scopus","2-s2.0-85122546918"
"Relaño-Iborra H.; Dau T.","Relaño-Iborra, Helia (57191595294); Dau, Torsten (56368948300)","57191595294; 56368948300","Speech intelligibility prediction based on modulation frequency-selective processing","2022","Hearing Research","426","","108610","","","","8","10.1016/j.heares.2022.108610","https://www.scopus.com/inward/record.uri?eid=2-s2.0-85132803291&doi=10.1016%2fj.heares.2022.108610&partnerID=40&md5=9db1a359d62775554dcde4b794255280","Review","Final","All Open Access; Hybrid Gold Open Access","Scopus","2-s2.0-85132803291"
"Yu Z.; Li L.; Zou W.; Lin M.; Zheng J.; Wu Z.; Wang Z.","Yu, Zhongliang (57199729212); Li, Lili (55774470700); Zou, Wenqing (58123867400); Lin, Muqing (58123689600); Zheng, Jiayu (58123867500); Wu, Zhiqing (58123689700); Wang, Zhizhong (57347592000)","57199729212; 55774470700; 58123867400; 58123689600; 58123867500; 58123689700; 57347592000","The EEG Oscillations and Psychology Propensities of Autonomous Sensory Meridian Response","2023","IEEE Transactions on Neural Systems and Rehabilitation Engineering","31","","","1353","1363","10","3","10.1109/TNSRE.2023.3245069","https://www.scopus.com/inward/record.uri?eid=2-s2.0-85149187366&doi=10.1109%2fTNSRE.2023.3245069&partnerID=40&md5=fb2cca679ea8b0e664f7a87466c80e11","Article","Final","All Open Access; Gold Open Access","Scopus","2-s2.0-85149187366"
"Tian C.; Zha D.","Tian, Chaoyong (56803163200); Zha, Dingjun (15057241900)","56803163200; 15057241900","Sympathetic Nervous System Regulation of Auditory Function","2022","Audiology and Neurotology","27","2","","93","103","10","3","10.1159/000517452","https://www.scopus.com/inward/record.uri?eid=2-s2.0-85114010995&doi=10.1159%2f000517452&partnerID=40&md5=e98d2b976ef2aeaab0dc3cb5b60ba81b","Review","Final","All Open Access; Bronze Open Access","Scopus","2-s2.0-85114010995"
"Liu S.; Shi C.; Ma X.; Zhao B.; Chen X.; Tao L.","Liu, Sinan (57200564658); Shi, Chaoqun (57211586088); Ma, Xuying (57220088433); Zhao, Bingyang (57221533282); Chen, Xiping (14521913100); Tao, Luyang (7201566901)","57200564658; 57211586088; 57220088433; 57221533282; 14521913100; 7201566901","Cognitive deficits and rehabilitation mechanisms in mild traumatic brain injury patients revealed by EEG connectivity markers","2021","Clinical Neurophysiology","132","2","","554","567","13","7","10.1016/j.clinph.2020.11.034","https://www.scopus.com/inward/record.uri?eid=2-s2.0-85099339757&doi=10.1016%2fj.clinph.2020.11.034&partnerID=40&md5=a014d686852ec2486fbbfff4d3a4a2b8","Article","Final","","Scopus","2-s2.0-85099339757"
"Di Stefano N.; Vuust P.; Brattico E.","Di Stefano, Nicola (56856840800); Vuust, Peter (16041024200); Brattico, Elvira (6603399835)","56856840800; 16041024200; 6603399835","Consonance and dissonance perception. A critical review of the historical sources, multidisciplinary findings, and main hypotheses","2022","Physics of Life Reviews","43","","","273","304","31","29","10.1016/j.plrev.2022.10.004","https://www.scopus.com/inward/record.uri?eid=2-s2.0-85141484275&doi=10.1016%2fj.plrev.2022.10.004&partnerID=40&md5=1003242bb132cef2f1e7e5af4097d9f6","Review","Final","","Scopus","2-s2.0-85141484275"
"Goldsworthy R.L.; Bissmeyer S.R.S.; Camarena A.","Goldsworthy, Raymond L. (6603488798); Bissmeyer, Susan R. S. (57195753792); Camarena, Andres (57204091291)","6603488798; 57195753792; 57204091291","Advantages of Pulse Rate Compared to Modulation Frequency for Temporal Pitch Perception in Cochlear Implant Users","2022","JARO - Journal of the Association for Research in Otolaryngology","23","1","","137","150","13","6","10.1007/s10162-021-00828-w","https://www.scopus.com/inward/record.uri?eid=2-s2.0-85122253209&doi=10.1007%2fs10162-021-00828-w&partnerID=40&md5=311573ffa8f077fc6e3f771247ab7733","Article","Final","All Open Access; Green Open Access","Scopus","2-s2.0-85122253209"
"Pöntynen H.; Salminen N.","Pöntynen, Henri (56382515500); Salminen, Nelli (12243056800)","56382515500; 12243056800","Cortical Processing of Binaural Cues as Shown by EEG Responses to Random-Chord Stereograms","2022","JARO - Journal of the Association for Research in Otolaryngology","23","1","","75","94","19","0","10.1007/s10162-021-00820-4","https://www.scopus.com/inward/record.uri?eid=2-s2.0-85121107829&doi=10.1007%2fs10162-021-00820-4&partnerID=40&md5=08e4c715f6bd5c1e33127da2c687757a","Article","Final","All Open Access; Green Open Access; Hybrid Gold Open Access","Scopus","2-s2.0-85121107829"
"Patro C.; Kreft H.A.; Wojtczak M.","Patro, Chhayakanta (57189591148); Kreft, Heather A. (6701812158); Wojtczak, Magdalena (6603615858)","57189591148; 6701812158; 6603615858","The search for correlates of age-related cochlear synaptopathy: Measures of temporal envelope processing and spatial release from speech-on-speech masking","2021","Hearing Research","409","","108333","","","","6","10.1016/j.heares.2021.108333","https://www.scopus.com/inward/record.uri?eid=2-s2.0-85113275026&doi=10.1016%2fj.heares.2021.108333&partnerID=40&md5=a2ad4351d2aeff762f54e857d1ae78fd","Article","Final","All Open Access; Green Open Access","Scopus","2-s2.0-85113275026"
"Jiang J.; Tang B.; Wang L.; Huo Q.; Tan S.; Misrani A.; Han Y.; Li H.; Hu H.; Wang J.; Cheng T.; Tabassum S.; Chen M.; Xie W.; Long C.; Yang L.","Jiang, Jinxiang (57192961388); Tang, Binliang (57196019412); Wang, Lei (57222247661); Huo, Qingwei (55336712100); Tan, Shuyi (57202949641); Misrani, Afzal (57202027007); Han, Yuanyuan (57195603399); Li, Huidong (57279181200); Hu, Haidong (57226834437); Wang, Jichen (57202948738); Cheng, Tinghui (57278542800); Tabassum, Sidra (57195055699); Chen, Ming (57190734897); Xie, Wenyuan (57278748500); Long, Cheng (19535419700); Yang, Li (57190732499)","57192961388; 57196019412; 57222247661; 55336712100; 57202949641; 57202027007; 57195603399; 57279181200; 57226834437; 57202948738; 57278542800; 57195055699; 57190734897; 57278748500; 19535419700; 57190732499","Systemic LPS-induced microglial activation results in increased GABAergic tone: A mechanism of protection against neuroinflammation in the medial prefrontal cortex in mice","2022","Brain, Behavior, and Immunity","99","","","53","69","16","41","10.1016/j.bbi.2021.09.017","https://www.scopus.com/inward/record.uri?eid=2-s2.0-85116039535&doi=10.1016%2fj.bbi.2021.09.017&partnerID=40&md5=acaf7d42b54bf058f88895e1e0b17bda","Article","Final","All Open Access; Hybrid Gold Open Access","Scopus","2-s2.0-85116039535"
"Fletcher M.D.","Fletcher, Mark D. (57204176402)","57204176402","Can Haptic Stimulation Enhance Music Perception in Hearing-Impaired Listeners?","2021","Frontiers in Neuroscience","15","","723877","","","","11","10.3389/fnins.2021.723877","https://www.scopus.com/inward/record.uri?eid=2-s2.0-85114985260&doi=10.3389%2ffnins.2021.723877&partnerID=40&md5=ae663555880cddcd261ae550ec265364","Review","Final","All Open Access; Gold Open Access; Green Open Access","Scopus","2-s2.0-85114985260"
"Garcia-Argibay M.; Santed M.A.; Reales J.M.","Garcia-Argibay, Miguel (57199176508); Santed, Miguel A. (6602617577); Reales, José M. (6601996868)","57199176508; 6602617577; 6601996868","Binaural auditory beats affect long-term memory","2019","Psychological Research","83","6","","1124","1136","12","46","10.1007/s00426-017-0959-2","https://www.scopus.com/inward/record.uri?eid=2-s2.0-85037673114&doi=10.1007%2fs00426-017-0959-2&partnerID=40&md5=723e2d256d369182381a319811d050da","Article","Final","","Scopus","2-s2.0-85037673114"
"Escobar J.J.M.; Matamoros O.M.; Padilla R.T.; Reyes I.L.; Hernández L.C.; Gutiérrez A.G.R.","Escobar, Jesús Jaime Moreno (57208674931); Matamoros, Oswaldo Morales (57200210636); Padilla, Ricardo Tejeida (56763713900); Reyes, Ixchel Lina (57211158576); Hernández, Liliana Chanona (6507529268); Gutiérrez, Ana Gabriela Ramírez (57212090244)","57208674931; 57200210636; 56763713900; 57211158576; 6507529268; 57212090244","Brain-inspired healthcare smart system based on perception-action cycle","2020","Applied Sciences (Switzerland)","10","10","3532","","","","5","10.3390/app10103532","https://www.scopus.com/inward/record.uri?eid=2-s2.0-85085756201&doi=10.3390%2fapp10103532&partnerID=40&md5=da3c15cca06a6261f5ff14c06dc05370","Article","Final","All Open Access; Gold Open Access","Scopus","2-s2.0-85085756201"
"Ungan P.; Yagcioglu S.; Ayik E.","Ungan, Pekcan (6701562334); Yagcioglu, Suha (6506295611); Ayik, Ece (57208902834)","6701562334; 6506295611; 57208902834","Effects of aging on event-related potentials to single-cycle binaural beats and diotic amplitude modulation of a tone","2020","Brain Research","1740","","146849","","","","3","10.1016/j.brainres.2020.146849","https://www.scopus.com/inward/record.uri?eid=2-s2.0-85083790738&doi=10.1016%2fj.brainres.2020.146849&partnerID=40&md5=14b06c341ad5744e7e1b65be5a9fc4fa","Article","Final","","Scopus","2-s2.0-85083790738"
"Amezquita-Sanchez J.P.; Mammone N.; Morabito F.C.; Marino S.; Adeli H.","Amezquita-Sanchez, Juan P. (24490623800); Mammone, Nadia (55915193500); Morabito, Francesco C. (7103166505); Marino, Silvia (55655136500); Adeli, Hojjat (35612773100)","24490623800; 55915193500; 7103166505; 55655136500; 35612773100","A novel methodology for automated differential diagnosis of mild cognitive impairment and the Alzheimer's disease using EEG signals","2019","Journal of Neuroscience Methods","322","","","88","95","7","79","10.1016/j.jneumeth.2019.04.013","https://www.scopus.com/inward/record.uri?eid=2-s2.0-85065090548&doi=10.1016%2fj.jneumeth.2019.04.013&partnerID=40&md5=e98f9d471f240ae9d13e3654b72dcad2","Article","Final","","Scopus","2-s2.0-85065090548"
"Ungan P.; Yagcioglu S.; Ayik E.","Ungan, Pekcan (6701562334); Yagcioglu, Suha (6506295611); Ayik, Ece (57208902834)","6701562334; 6506295611; 57208902834","Event-related potentials to single-cycle binaural beats of a pure tone, a click train, and a noise","2019","Experimental Brain Research","237","11","","2811","2828","17","4","10.1007/s00221-019-05638-4","https://www.scopus.com/inward/record.uri?eid=2-s2.0-85071457551&doi=10.1007%2fs00221-019-05638-4&partnerID=40&md5=9ec27b24759acce867da984ec135cc89","Article","Final","","Scopus","2-s2.0-85071457551"
"Carrick F.R.; Pagnacco G.; Hankir A.; Abdulrahman M.; Zaman R.; Kalambaheti E.R.; Barton D.A.; Link P.E.; Oggero E.","Carrick, Frederick R. (16686269200); Pagnacco, Guido (6603709393); Hankir, Ahmed (55566404100); Abdulrahman, Mahera (16038692800); Zaman, Rashid (16835652700); Kalambaheti, Emily R. (57202874744); Barton, Derek A. (57220717230); Link, Paul E. (57202865745); Oggero, Elena (6603388565)","16686269200; 6603709393; 55566404100; 16038692800; 16835652700; 57202874744; 57220717230; 57202865745; 6603388565","The treatment of autism spectrum disorder with auditory neurofeedback: A randomized placebo controlled trial using the Mente Autism device","2018","Frontiers in Neurology","9","JUL","537","","","","10","10.3389/fneur.2018.00537","https://www.scopus.com/inward/record.uri?eid=2-s2.0-85049656910&doi=10.3389%2ffneur.2018.00537&partnerID=40&md5=593fd8b4ff4c8c170301097858953af1","Article","Final","All Open Access; Gold Open Access; Green Open Access","Scopus","2-s2.0-85049656910"
"da Silva Junior M.; de Freitas R.C.; dos Santos W.P.; da Silva W.W.A.; Rodrigues M.C.A.; Conde E.F.Q.","da Silva Junior, Maurício (57204740988); de Freitas, Rafaela Covello (57204694683); dos Santos, Wellington Pinheiro (57193746428); da Silva, Washington Wagner Azevedo (57204739178); Rodrigues, Marcelo Cairrão Araújo (7202521555); Conde, Erick Francisco Quintas (36696041900)","57204740988; 57204694683; 57193746428; 57204739178; 7202521555; 36696041900","Exploratory study of the effect of binaural beat stimulation on the EEG activity pattern in resting state using artificial neural networks","2019","Cognitive Systems Research","54","","","1","20","19","17","10.1016/j.cogsys.2018.11.002","https://www.scopus.com/inward/record.uri?eid=2-s2.0-85056931377&doi=10.1016%2fj.cogsys.2018.11.002&partnerID=40&md5=45837aa888265fde355cf59940f3f82c","Article","Final","","Scopus","2-s2.0-85056931377"
"Darbin O.; Hatanaka N.; Takara S.; Kaneko N.; Chiken S.; Naritoku D.; Martino A.; Nambu A.","Darbin, Olivier (6602675051); Hatanaka, Nobuhiko (7003685896); Takara, Sayuki (23968390700); Kaneko, Nobuya (57214826621); Chiken, Satomi (6603092883); Naritoku, Dean (7003367103); Martino, Anthony (7102757141); Nambu, Atsushi (16146090000)","6602675051; 7003685896; 23968390700; 57214826621; 6603092883; 7003367103; 7102757141; 16146090000","Parkinsonism Differently Affects the Single Neuronal Activity in the Primary and Supplementary Motor Areas in Monkeys: An Investigation in Linear and Nonlinear Domains","2020","International Journal of Neural Systems","30","2","2050010","","","","4","10.1142/S0129065720500100","https://www.scopus.com/inward/record.uri?eid=2-s2.0-85078850217&doi=10.1142%2fS0129065720500100&partnerID=40&md5=8059d06d9d0041f48e17ca619c8aa52a","Article","Final","","Scopus","2-s2.0-85078850217"
"Li H.; Yao R.; Xia X.; Yin G.; Deng H.; Yang P.","Li, Haifang (59157712100); Yao, Rong (57209716707); Xia, Xiaoluan (56559176000); Yin, Guimei (57202837069); Deng, Hongxia (52163361700); Yang, Pengfei (57710117600)","59157712100; 57209716707; 56559176000; 57202837069; 52163361700; 57710117600","Adjustment of synchronization stability of dynamic brain-networks based on feature fusion","2019","Frontiers in Human Neuroscience","13","","98","","","","3","10.3389/fnhum.2019.00098","https://www.scopus.com/inward/record.uri?eid=2-s2.0-85069541250&doi=10.3389%2ffnhum.2019.00098&partnerID=40&md5=27b469048d082466e052df6fb0ec8095","Article","Final","All Open Access; Gold Open Access","Scopus","2-s2.0-85069541250"
"Niesen M.; Ghinst M.V.; Bourguignon M.; Wens V.; Bertels J.; Goldman S.; Choufani G.; Hassid S.; De Tiège X.","Niesen, Maxime (57208412346); Ghinst, Marc Vander (55293662900); Bourguignon, Mathieu (25957947000); Wens, Vincent (22954733400); Bertels, Julie (35298558800); Goldman, Serge (7402631861); Choufani, Georges (6603889938); Hassid, Sergio (7004492171); De Tiège, Xavier (6602385892)","57208412346; 55293662900; 25957947000; 22954733400; 35298558800; 7402631861; 6603889938; 7004492171; 6602385892","Tracking the effects of top–down attention on word discrimination using frequency-tagged neuromagnetic responses","2019","Journal of Cognitive Neuroscience","32","5","","877","888","11","6","10.1162/jocn_a_01522","https://www.scopus.com/inward/record.uri?eid=2-s2.0-85082779617&doi=10.1162%2fjocn_a_01522&partnerID=40&md5=fff3f72cb14aee2e8170c53b977369fb","Article","Final","All Open Access; Bronze Open Access","Scopus","2-s2.0-85082779617"
"Bonnard D.; Schwalje A.; Gantz B.; Choi I.","Bonnard, Damien (54883331900); Schwalje, Adam (56798407600); Gantz, Bruce (7005078903); Choi, Inyong (13605293800)","54883331900; 56798407600; 7005078903; 13605293800","Electric and acoustic harmonic integration predicts speech-in-noise performance in hybrid cochlear implant users","2018","Hearing Research","367","","","223","230","7","3","10.1016/j.heares.2018.06.016","https://www.scopus.com/inward/record.uri?eid=2-s2.0-85049332089&doi=10.1016%2fj.heares.2018.06.016&partnerID=40&md5=aea48b6fcd38d0f0f351dece97433f9b","Article","Final","All Open Access; Green Open Access","Scopus","2-s2.0-85049332089"
"De Borst A.W.; De Gelder B.","De Borst, A.W. (35317540100); De Gelder, B. (55172605400)","35317540100; 55172605400","Mental imagery follows similar cortical reorganization as perception: Intra-modal and cross-modal plasticity in congenitally blind","2019","Cerebral Cortex","29","7","","2859","2875","16","11","10.1093/cercor/bhy151","https://www.scopus.com/inward/record.uri?eid=2-s2.0-85069269122&doi=10.1093%2fcercor%2fbhy151&partnerID=40&md5=7635f6c24ae3b69e9f49871d59957c30","Article","Final","All Open Access; Green Open Access","Scopus","2-s2.0-85069269122"
"Chaieb L.; Derner M.; Leszczyński M.; Fell J.","Chaieb, Leila (23567434900); Derner, Marlene (57195527187); Leszczyński, Marcin (37034492200); Fell, Juergen (7103322403)","23567434900; 57195527187; 37034492200; 7103322403","Modulation of Mind Wandering Using Auditory Beat Stimulation: a Pilot Study","2020","Journal of Cognitive Enhancement","4","1","","40","48","8","10","10.1007/s41465-019-00137-4","https://www.scopus.com/inward/record.uri?eid=2-s2.0-85130043677&doi=10.1007%2fs41465-019-00137-4&partnerID=40&md5=c9c14b3f51aa6548f52ad0465eee5772","Article","Final","","Scopus","2-s2.0-85130043677"
"Celma-Miralles A.; Toro J.M.","Celma-Miralles, Alexandre (57188569632); Toro, Juan M. (7005020671)","57188569632; 7005020671","Ternary meter from spatial sounds: Differences in neural entrainment between musicians and non-musicians","2019","Brain and Cognition","136","","103594","","","","14","10.1016/j.bandc.2019.103594","https://www.scopus.com/inward/record.uri?eid=2-s2.0-85070396789&doi=10.1016%2fj.bandc.2019.103594&partnerID=40&md5=8e80ee7908cba6f1ce705e05fa3e654c","Article","Final","","Scopus","2-s2.0-85070396789"
"Ignatious E.; Azam S.; Jonkman M.; De Boer F.","Ignatious, Eva (57221874938); Azam, Sami (54894635100); Jonkman, Mirjam (12809410500); De Boer, Friso (25649204700)","57221874938; 54894635100; 12809410500; 25649204700","Study of Correlation between EEG Electrodes for the Analysis of Cortical Responses Related to Binaural Hearing","2021","IEEE Access","9","","9420063","66282","66308","26","5","10.1109/ACCESS.2021.3076794","https://www.scopus.com/inward/record.uri?eid=2-s2.0-85105088519&doi=10.1109%2fACCESS.2021.3076794&partnerID=40&md5=64aa90f5adc56c3b6bfe4e0db03b5c35","Article","Final","All Open Access; Gold Open Access","Scopus","2-s2.0-85105088519"
"McDermott B.; Porter E.; Hughes D.; McGinley B.; Lang M.; O’Halloran M.; Jones M.","McDermott, Barry (57197771651); Porter, Emily (35090450400); Hughes, Diarmaid (57220782966); McGinley, Brian (6602606212); Lang, Mark (15822285000); O’Halloran, Martin (57217189264); Jones, Marggie (56405802600)","57197771651; 35090450400; 57220782966; 6602606212; 15822285000; 57217189264; 56405802600","Gamma Band Neural Stimulation in Humans and the Promise of a New Modality to Prevent and Treat Alzheimer’s Disease","2018","Journal of Alzheimer's Disease","65","2","","363","392","29","60","10.3233/JAD-180391","https://www.scopus.com/inward/record.uri?eid=2-s2.0-85064818412&doi=10.3233%2fJAD-180391&partnerID=40&md5=42ad7557a8c207573249e186dcfe2c53","Review","Final","All Open Access; Bronze Open Access","Scopus","2-s2.0-85064818412"
"Zuk N.J.; Delgutte B.","Zuk, Nathaniel J. (57195071593); Delgutte, Bertrand (6701766119)","57195071593; 6701766119","Neural coding and perception of auditory motion direction based on interaural time differences","2019","Journal of Neurophysiology","122","4","","1821","1842","21","6","10.1152/jn.00081.2019","https://www.scopus.com/inward/record.uri?eid=2-s2.0-85073309914&doi=10.1152%2fjn.00081.2019&partnerID=40&md5=17277633169fd9d68e0662d6790218e0","Article","Final","All Open Access; Bronze Open Access; Green Open Access","Scopus","2-s2.0-85073309914"
"Pluck G.; López-Águila M.A.","Pluck, Graham (6506948010); López-Águila, Marco Antonio (55974296000)","6506948010; 55974296000","Induction of fear but no effects on cognitive fluency by theta frequency auditory binaural beat stimulation","2019","Psychology and Neuroscience","12","1","","53","64","11","7","10.1037/pne0000166","https://www.scopus.com/inward/record.uri?eid=2-s2.0-85060927666&doi=10.1037%2fpne0000166&partnerID=40&md5=54037b6380d808dadc99454cc0625905","Article","Final","","Scopus","2-s2.0-85060927666"
"Parodi A.; Fodde P.; Pellecchia T.; Puntoni M.; Fracchia E.; Mazzella M.","Parodi, Arianna (57218170544); Fodde, Paola (57218160168); Pellecchia, Teresa (57218166324); Puntoni, Matteo (24336395100); Fracchia, Enzo (6506890247); Mazzella, Massimo (57218170875)","57218170544; 57218160168; 57218166324; 24336395100; 6506890247; 57218170875","A randomized controlled study examining a novel binaural beat technique for treatment of preoperative anxiety in a group of women undergoing elective caesarean section","2020","Journal of Psychosomatic Obstetrics and Gynecology","","","","1","5","4","9","10.1080/0167482X.2020.1751607","https://www.scopus.com/inward/record.uri?eid=2-s2.0-85088103381&doi=10.1080%2f0167482X.2020.1751607&partnerID=40&md5=a840383512b547f72241a1165a5a51a5","Article","Final","","Scopus","2-s2.0-85088103381"
"Lee S.; Kim J.; Tak S.","Lee, Seonjin (57218917506); Kim, Jooyeon (57200315136); Tak, Sungho (24071794300)","57218917506; 57200315136; 24071794300","Effects of Autonomous Sensory Meridian Response on the Functional Connectivity as Measured by Functional Magnetic Resonance Imaging","2020","Frontiers in Behavioral Neuroscience","14","","154","","","","9","10.3389/fnbeh.2020.00154","https://www.scopus.com/inward/record.uri?eid=2-s2.0-85090792804&doi=10.3389%2ffnbeh.2020.00154&partnerID=40&md5=9520a965ec2049b1bcd62be10eec023a","Article","Final","All Open Access; Gold Open Access; Green Open Access","Scopus","2-s2.0-85090792804"
"Hsieh I.-H.; Liu J.-W.; Liang Z.-J.","Hsieh, I-Hui (16642757700); Liu, Jia-Wei (55264608100); Liang, Zeng-Jie (57204481400)","16642757700; 55264608100; 57204481400","Spectrotemporal window of binaural integration in auditory object formation","2018","Hearing Research","370","","","155","167","12","0","10.1016/j.heares.2018.10.013","https://www.scopus.com/inward/record.uri?eid=2-s2.0-85055752369&doi=10.1016%2fj.heares.2018.10.013&partnerID=40&md5=32342196c1a758ad84a3d9ef1bf55e94","Article","Final","","Scopus","2-s2.0-85055752369"
"Garcia-Argibay M.; Santed M.A.; Reales J.M.","Garcia-Argibay, Miguel (57199176508); Santed, Miguel A. (6602617577); Reales, José M. (6601996868)","57199176508; 6602617577; 6601996868","Efficacy of binaural auditory beats in cognition, anxiety, and pain perception: a meta-analysis","2019","Psychological Research","83","2","","357","372","15","87","10.1007/s00426-018-1066-8","https://www.scopus.com/inward/record.uri?eid=2-s2.0-85051679743&doi=10.1007%2fs00426-018-1066-8&partnerID=40&md5=be7081219f7a840b848a41606ee4f39c","Article","Final","","Scopus","2-s2.0-85051679743"
"Górska U.; Binder M.","Górska, Urszula (55314674600); Binder, Marek (7103167415)","55314674600; 7103167415","Low- and medium-rate auditory steady-state responses in patients with prolonged disorders of consciousness correlate with Coma Recovery Scale - Revised score","2019","International Journal of Psychophysiology","144","","","56","62","6","7","10.1016/j.ijpsycho.2019.08.001","https://www.scopus.com/inward/record.uri?eid=2-s2.0-85070880368&doi=10.1016%2fj.ijpsycho.2019.08.001&partnerID=40&md5=3c7d1e505eb6c033245fe29a9ec0b4a8","Article","Final","","Scopus","2-s2.0-85070880368"
"Jacques C.; Jonas J.; Maillard L.; Colnat-Coulbois S.; Rossion B.; Koessler L.","Jacques, Corentin (56267958900); Jonas, Jacques (35114900100); Maillard, Louis (55252949000); Colnat-Coulbois, Sophie (23977523100); Rossion, Bruno (7003338090); Koessler, Laurent (16319028000)","56267958900; 35114900100; 55252949000; 23977523100; 7003338090; 16319028000","Fast periodic visual stimulation to highlight the relationship between human intracerebral recordings and scalp electroencephalography","2020","Human Brain Mapping","41","9","","2373","2388","15","6","10.1002/hbm.24952","https://www.scopus.com/inward/record.uri?eid=2-s2.0-85082598914&doi=10.1002%2fhbm.24952&partnerID=40&md5=5d6dc656e065543962e95bc0ab68dc19","Article","Final","All Open Access; Gold Open Access; Green Open Access","Scopus","2-s2.0-85082598914"
"Teng X.; Poeppel D.","Teng, Xiangbin (57196478343); Poeppel, David (7003791677)","57196478343; 7003791677","Theta and Gamma Bands Encode Acoustic Dynamics over Wide-Ranging Timescales","2020","Cerebral Cortex","30","4","","2600","2614","14","30","10.1093/cercor/bhz263","https://www.scopus.com/inward/record.uri?eid=2-s2.0-85083913949&doi=10.1093%2fcercor%2fbhz263&partnerID=40&md5=6a9d6d986df1a9fd08f5ea1993824158","Article","Final","All Open Access; Bronze Open Access; Green Open Access","Scopus","2-s2.0-85083913949"
"Ungan P.; Yagcioglu S.; Ayik E.","Ungan, Pekcan (6701562334); Yagcioglu, Suha (6506295611); Ayik, Ece (57208902834)","6701562334; 6506295611; 57208902834","Event-related potentials to single-cycle binaural beats and diotic amplitude modulation of a tone","2019","Experimental Brain Research","237","8","","1931","1945","14","6","10.1007/s00221-019-05562-7","https://www.scopus.com/inward/record.uri?eid=2-s2.0-85066086267&doi=10.1007%2fs00221-019-05562-7&partnerID=40&md5=086ba7b66a44d208ded2fe60e9326fa2","Article","Final","","Scopus","2-s2.0-85066086267"
"Raghavendra U.; Acharya U.R.; Adeli H.","Raghavendra, U. (37079412500); Acharya, U. Rajendra (7004510847); Adeli, Hojjat (35612773100)","37079412500; 7004510847; 35612773100","Artificial Intelligence Techniques for Automated Diagnosis of Neurological Disorders","2020","European Neurology","82","1-3","","41","64","23","106","10.1159/000504292","https://www.scopus.com/inward/record.uri?eid=2-s2.0-85075733586&doi=10.1159%2f000504292&partnerID=40&md5=1a0f257f31fe363bbca0c67255a2a571","Review","Final","All Open Access; Bronze Open Access","Scopus","2-s2.0-85075733586"
"Zuk N.J.; Carney L.H.; Lalor E.C.","Zuk, Nathaniel J. (57195071593); Carney, Laurel H. (7005132843); Lalor, Edmund C. (8843627500)","57195071593; 7005132843; 8843627500","Preferred tempo and low-audio-frequency bias emerge from simulated sub-cortical processing of sounds with a musical beat","2018","Frontiers in Neuroscience","12","MAY","349","","","","11","10.3389/fnins.2018.00349","https://www.scopus.com/inward/record.uri?eid=2-s2.0-85047668143&doi=10.3389%2ffnins.2018.00349&partnerID=40&md5=706643171b3bc019009d83544c2de94b","Article","Final","All Open Access; Gold Open Access; Green Open Access","Scopus","2-s2.0-85047668143"
"Weiss M.W.; Cirelli L.K.; Mcdermott J.H.; Trehub S.E.","Weiss, Michael W. (55416232800); Cirelli, Laura K. (55556339700); Mcdermott, Josh H. (7202518254); Trehub, Sandra E. (7006511891)","55416232800; 55556339700; 7202518254; 7006511891","Development of consonance preferences in western listeners","2020","Journal of Experimental Psychology: General","149","4","","634","649","15","16","10.1037/xge0000680","https://www.scopus.com/inward/record.uri?eid=2-s2.0-85072612765&doi=10.1037%2fxge0000680&partnerID=40&md5=631e65e2f5fa8bd9a2aac615facef82e","Article","Final","All Open Access; Green Open Access","Scopus","2-s2.0-85072612765"
"Jones M.; McDermott B.; Oliveira B.L.; O'Brien A.; Coogan D.; Lang M.; Moriarty N.; Dowd E.; Quinlan L.; McGinley B.; Dunne E.; Newell D.; Porter E.; Elahi M.A.; O'Halloran M.; Shahzad A.","Jones, Marggie (56405802600); McDermott, Barry (57197771651); Oliveira, Bárbara Luz (56381077900); O'Brien, Aoife (7102598495); Coogan, Declan (55211205700); Lang, Mark (15822285000); Moriarty, Niamh (57184045200); Dowd, Eilis (9744779300); Quinlan, Leo (6602354899); McGinley, Brian (6602606212); Dunne, Eoghan (57201326754); Newell, David (57209733581); Porter, Emily (35090450400); Elahi, Muhammad Adnan (34879711300); O'Halloran, Martin (15846128900); Shahzad, Atif (55991927800)","56405802600; 57197771651; 56381077900; 7102598495; 55211205700; 15822285000; 57184045200; 9744779300; 6602354899; 6602606212; 57201326754; 57209733581; 35090450400; 34879711300; 15846128900; 55991927800","Gamma Band Light Stimulation in Human Case Studies: Groundwork for Potential Alzheimer's Disease Treatment","2019","Journal of Alzheimer's Disease","70","1","","171","185","14","44","10.3233/JAD-190299","https://www.scopus.com/inward/record.uri?eid=2-s2.0-85068551114&doi=10.3233%2fJAD-190299&partnerID=40&md5=d598b0a4d00e203745bec3165c2fb2cc","Article","Final","All Open Access; Hybrid Gold Open Access","Scopus","2-s2.0-85068551114"
"Rea F.; Kothig A.; Grasse L.; Tata M.","Rea, Francesco (54386065400); Kothig, Austin (57210748983); Grasse, Lukas (57204041834); Tata, Matthew (7005632914)","54386065400; 57210748983; 57204041834; 7005632914","Speech Envelope Dynamics for Noise-Robust Auditory Scene Analysis in Robotics","2020","International Journal of Humanoid Robotics","17","6","2050023","","","","1","10.1142/S0219843620500231","https://www.scopus.com/inward/record.uri?eid=2-s2.0-85100034142&doi=10.1142%2fS0219843620500231&partnerID=40&md5=9abe8966646c049d82f1bd1de100bdb4","Article","Final","All Open Access; Hybrid Gold Open Access","Scopus","2-s2.0-85100034142"
"Intra F.S.; Cagol M.; Basso D.; Cottini M.","Intra, Francesca Sangiuliano (6603123512); Cagol, Michele (57226146128); Basso, Demis (36466011800); Cottini, Milvia (56388733000)","6603123512; 57226146128; 36466011800; 56388733000","Can binaural beat stimulation support children’s sustained attention? A feasibility study","2020","Ricerche di Psicologia","43","4","","1153","1165","12","0","10.3280/RIP2020-004010","https://www.scopus.com/inward/record.uri?eid=2-s2.0-85110652779&doi=10.3280%2fRIP2020-004010&partnerID=40&md5=6300933b85d420245dfae92c2110005f","Article","Final","","Scopus","2-s2.0-85110652779"
"Rojas-Álvarez S.A.; Valencia A.; Barrera-Valencia M.A.","Rojas-Álvarez, Sebastián Alonso (57217036381); Valencia, Ancizar (57217034838); Barrera-Valencia, Mauricio Alberto (54794764300)","57217036381; 57217034838; 54794764300","Placebo effect and binaural sound stimulation of beta wave and theta wave in a working memory task performance; [Efecto placebo y estimulación sonora binaural de ondas beta y theta en el rendimiento de una tarea de memoria de trabajo]","2020","Revista CES Psicologia","13","1","","32","51","19","1","10.21615/CESP.13.1.3","https://www.scopus.com/inward/record.uri?eid=2-s2.0-85085889397&doi=10.21615%2fCESP.13.1.3&partnerID=40&md5=67d6a843b3ddf592cea94b5ab5548fd1","Article","Final","All Open Access; Gold Open Access","Scopus","2-s2.0-85085889397"
"Ortiz A.; Martinez-Murcia F.J.; Luque J.L.; Giménez A.; Morales-Ortega R.; Ortega J.","Ortiz, Andrés (18434650900); Martinez-Murcia, Francisco J. (55062058300); Luque, Juan L. (7102403963); Giménez, Almudena (55655623500); Morales-Ortega, Roberto (57194083790); Ortega, Julio (7402623866)","18434650900; 55062058300; 7102403963; 55655623500; 57194083790; 7402623866","Dyslexia Diagnosis by EEG Temporal and Spectral Descriptors: An Anomaly Detection Approach","2020","International Journal of Neural Systems","30","7","2050029","","","","33","10.1142/S012906572050029X","https://www.scopus.com/inward/record.uri?eid=2-s2.0-85086260623&doi=10.1142%2fS012906572050029X&partnerID=40&md5=e25ad8e49d5e68ef98804557bfca0aa2","Article","Final","All Open Access; Green Open Access","Scopus","2-s2.0-85086260623"
"Lindenfeld G.; Rozelle G.; Hummer J.; Sutherland M.R.; Miller J.C.","Lindenfeld, George (57209826091); Rozelle, George (57209833824); Hummer, John (57196746868); Sutherland, Michael R. (57209821565); Miller, James C. (55700330000)","57209826091; 57209833824; 57196746868; 57209821565; 55700330000","Remediation of PTSD in a combat veteran: A case study","2019","NeuroRegulation","6","2","","102","125","23","1","10.15540/nr.6.2.102","https://www.scopus.com/inward/record.uri?eid=2-s2.0-85068871415&doi=10.15540%2fnr.6.2.102&partnerID=40&md5=fdc058bbcd2e0e146fbb42522a887e09","Article","Final","All Open Access; Gold Open Access","Scopus","2-s2.0-85068871415"
"Al-Shargie F.; Tariq U.; Babiloni F.; Al-Nashash H.","Al-Shargie, Fares (56380565900); Tariq, Usman (56685261500); Babiloni, Fabio (7006787992); Al-Nashash, Hasan (6701686599)","56380565900; 56685261500; 7006787992; 6701686599","Cognitive Vigilance Enhancement Using Audio Stimulation of Pure Tone at 250 Hz","2021","IEEE Access","9","","9335936","22955","22970","15","14","10.1109/ACCESS.2021.3054785","https://www.scopus.com/inward/record.uri?eid=2-s2.0-85100472041&doi=10.1109%2fACCESS.2021.3054785&partnerID=40&md5=f102e5b7833f18a3a1716824de13248f","Article","Final","All Open Access; Gold Open Access; Green Open Access","Scopus","2-s2.0-85100472041"
"Fang F.; Potter T.; Nguyen T.; Zhang Y.","Fang, Feng (57209173303); Potter, Thomas (57038243400); Nguyen, Thinh (57214830735); Zhang, Yingchun (36452572400)","57209173303; 57038243400; 57214830735; 36452572400","Dynamic reorganization of the cortical functional brain network in affective processing and cognitive reappraisal","2020","International Journal of Neural Systems","30","10","2050051","","","","38","10.1142/S0129065720500513","https://www.scopus.com/inward/record.uri?eid=2-s2.0-85091566610&doi=10.1142%2fS0129065720500513&partnerID=40&md5=cb9b5933ca56d19cea9cb6adabb6e4a9","Article","Final","","Scopus","2-s2.0-85091566610"
"Al-shargie F.; Tariq U.; Mir H.; Alawar H.; Babiloni F.; Al-nashash H.","Al-shargie, Fares (56380565900); Tariq, Usman (56685261500); Mir, Hasan (6602344716); Alawar, Hamad (55811173600); Babiloni, Fabio (7006787992); Al-nashash, Hasan (6701686599)","56380565900; 56685261500; 6602344716; 55811173600; 7006787992; 6701686599","Vigilance decrement and enhancement techniques: A review","2019","Brain Sciences","9","8","178","","","","53","10.3390/brainsci9080178","https://www.scopus.com/inward/record.uri?eid=2-s2.0-85070439534&doi=10.3390%2fbrainsci9080178&partnerID=40&md5=1fdd7af9a687209ae1176401a032580d","Review","Final","All Open Access; Gold Open Access","Scopus","2-s2.0-85070439534"
"Krizman J.; Kraus N.","Krizman, Jennifer (36183515300); Kraus, Nina (7102321398)","36183515300; 7102321398","Analyzing the FFR: A tutorial for decoding the richness of auditory function","2019","Hearing Research","382","","107779","","","","97","10.1016/j.heares.2019.107779","https://www.scopus.com/inward/record.uri?eid=2-s2.0-85071847354&doi=10.1016%2fj.heares.2019.107779&partnerID=40&md5=5e4380a8c15e92f9a3d6788120f81bb2","Article","Final","All Open Access; Bronze Open Access","Scopus","2-s2.0-85071847354"
"Ibarra-Zarate D.; Alonso-Valerdi L.M.","Ibarra-Zarate, David (55234023500); Alonso-Valerdi, Luz María (49962954800)","55234023500; 49962954800","Acoustic therapies for tinnitus: The basis and the electroencephalographic evaluation","2020","Biomedical Signal Processing and Control","59","","101900","","","","16","10.1016/j.bspc.2020.101900","https://www.scopus.com/inward/record.uri?eid=2-s2.0-85080049935&doi=10.1016%2fj.bspc.2020.101900&partnerID=40&md5=09b5e7625a4f6b9c4d4618a1b151f81f","Review","Final","","Scopus","2-s2.0-85080049935"
"Zulfiqar I.; Moerel M.; Formisano E.","Zulfiqar, Isma (56991156300); Moerel, Michelle (26028417400); Formisano, Elia (6701857315)","56991156300; 26028417400; 6701857315","Spectro-Temporal Processing in a Two-Stream Computational Model of Auditory Cortex","2020","Frontiers in Computational Neuroscience","13","","95","","","","15","10.3389/fncom.2019.00095","https://www.scopus.com/inward/record.uri?eid=2-s2.0-85079064658&doi=10.3389%2ffncom.2019.00095&partnerID=40&md5=8ba1b508a757f422ae5c003be9ea7674","Article","Final","All Open Access; Gold Open Access; Green Open Access","Scopus","2-s2.0-85079064658"
"Lee M.; Shin G.-H.; Lee S.-W.","Lee, Minji (57196187332); Shin, Gi-Hwan (57212660751); Lee, Seong-Whan (7601390519)","57196187332; 57212660751; 7601390519","Frontal EEG Asymmetry of Emotion for the Same Auditory Stimulus","2020","IEEE Access","8","","9110839","107200","107213","13","36","10.1109/ACCESS.2020.3000788","https://www.scopus.com/inward/record.uri?eid=2-s2.0-85086991784&doi=10.1109%2fACCESS.2020.3000788&partnerID=40&md5=26025c35b8248546eca77010b0f0587b","Article","Final","All Open Access; Gold Open Access","Scopus","2-s2.0-85086991784"
"Orozco Perez H.D.; Dumas G.; Lehmann A.","Orozco Perez, Hector D. (57195361473); Dumas, Guillaume (56865666700); Lehmann, Alexandre (55831591500)","57195361473; 56865666700; 55831591500","Binaural beats through the auditory pathway: From brainstem to connectivity patterns","2020","eNeuro","7","2","ENEURO.0232-19.2020","","","","41","10.1523/ENEURO.0232-19.2020","https://www.scopus.com/inward/record.uri?eid=2-s2.0-85082145641&doi=10.1523%2fENEURO.0232-19.2020&partnerID=40&md5=9ef93165e82404f213654860712259e8","Article","Final","All Open Access; Gold Open Access","Scopus","2-s2.0-85082145641"
"Lee H.; Müllensiefen D.","Lee, Harin (57226892883); Müllensiefen, Daniel (23019169400)","57226892883; 23019169400","The Timbre Perception Test (TPT): A new interactive musical assessment tool to measure timbre perception ability","2020","Attention, Perception, and Psychophysics","82","7","","3658","3675","17","10","10.3758/s13414-020-02058-3","https://www.scopus.com/inward/record.uri?eid=2-s2.0-85086401373&doi=10.3758%2fs13414-020-02058-3&partnerID=40&md5=9551a983c517a2ca5d9f18ce4c270626","Article","Final","All Open Access; Hybrid Gold Open Access","Scopus","2-s2.0-85086401373"
"Hanslmayr S.; Axmacher N.; Inman C.S.","Hanslmayr, Simon (6506938544); Axmacher, Nikolai (12789219500); Inman, Cory S. (48161613400)","6506938544; 12789219500; 48161613400","Modulating Human Memory via Entrainment of Brain Oscillations","2019","Trends in Neurosciences","42","7","","485","499","14","146","10.1016/j.tins.2019.04.004","https://www.scopus.com/inward/record.uri?eid=2-s2.0-85067264600&doi=10.1016%2fj.tins.2019.04.004&partnerID=40&md5=54dc4919b801f3d01298e8541877c351","Review","Final","All Open Access; Green Open Access","Scopus","2-s2.0-85067264600"
"Gálvez G.; Recuero M.; Canuet L.; Del-Pozo F.","Gálvez, Gerardo (56034043100); Recuero, Manuel (55884474700); Canuet, Leonides (24342842100); Del-Pozo, Francisco (55663615800)","56034043100; 55884474700; 24342842100; 55663615800","Short-Term Effects of Binaural Beats on EEG Power, Functional Connectivity, Cognition, Gait and Anxiety in Parkinson's Disease","2018","International Journal of Neural Systems","28","5","1750055","","","","46","10.1142/S0129065717500551","https://www.scopus.com/inward/record.uri?eid=2-s2.0-85040351799&doi=10.1142%2fS0129065717500551&partnerID=40&md5=eff9164f3f20ae772747bce3e27f365b","Article","Final","","Scopus","2-s2.0-85040351799"
"Marcomini R.S.; Frizzo A.C.F.; de Góes V.B.; Regaçone S.F.; Garner D.M.; Raimundo R.D.; Oliveira F.R.; Valenti V.E.","Marcomini, Renata S. (55894490700); Frizzo, Ana Claúdia F. (6602739293); de Góes, Viviane B. (57203952120); Regaçone, Simone F. (56166008900); Garner, David M. (56034060000); Raimundo, Rodrigo D. (55491458200); Oliveira, Fernando R. (55615211300); Valenti, Vitor E. (26041072400)","55894490700; 6602739293; 57203952120; 56166008900; 56034060000; 55491458200; 55615211300; 26041072400","Association between heart rhythm and cortical sound processing","2018","Journal of Integrative Neuroscience","17","3","","229","236","7","0","10.31083/JIN-180079","https://www.scopus.com/inward/record.uri?eid=2-s2.0-85116501854&doi=10.31083%2fJIN-180079&partnerID=40&md5=6ae9d54291840cbae962a7364454a1dd","Article","Final","All Open Access; Gold Open Access","Scopus","2-s2.0-85116501854"
"Witton C.; Swoboda K.; Shapiro L.R.; Talcott J.B.","Witton, Caroline (6701712893); Swoboda, Katy (57212767306); Shapiro, Laura R. (7402091585); Talcott, Joel B. (7006209587)","6701712893; 57212767306; 7402091585; 7006209587","Auditory frequency discrimination in developmental dyslexia: A meta-analysis","2020","Dyslexia","26","1","","36","51","15","13","10.1002/dys.1645","https://www.scopus.com/inward/record.uri?eid=2-s2.0-85077375962&doi=10.1002%2fdys.1645&partnerID=40&md5=a454349c478fb56e6d8019329ef94d56","Article","Final","All Open Access; Hybrid Gold Open Access","Scopus","2-s2.0-85077375962"
"Cruces-Solís H.; Jing Z.; Babaev O.; Rubin J.; Gür B.; Krueger-Burg D.; Strenzke N.; de Hoz L.","Cruces-Solís, Hugo (35784030100); Jing, Zhizi (55614911500); Babaev, Olga (56715936800); Rubin, Jonathan (57213784591); Gür, Burak (57201669796); Krueger-Burg, Dilja (7103338039); Strenzke, Nicola (12752910700); de Hoz, Livia (6506157664)","35784030100; 55614911500; 56715936800; 57213784591; 57201669796; 7103338039; 12752910700; 6506157664","Auditory midbrain coding of statistical learning that results from discontinuous sensory stimulation","2018","PLoS Biology","16","7","e2005114","","","","15","10.1371/journal.pbio.2005114","https://www.scopus.com/inward/record.uri?eid=2-s2.0-85051292147&doi=10.1371%2fjournal.pbio.2005114&partnerID=40&md5=d33afebb27bbd537b062194efc98998a","Article","Final","All Open Access; Gold Open Access","Scopus","2-s2.0-85051292147"
"Hertrich I.; Dietrich S.; Ackermann H.","Hertrich, Ingo (7003639605); Dietrich, Susanne (57197666018); Ackermann, Hermann (7103112825)","7003639605; 57197666018; 7103112825","Cortical phase locking to accelerated speech in blind and sighted listeners prior to and after training","2018","Brain and Language","185","","","19","29","10","3","10.1016/j.bandl.2018.07.002","https://www.scopus.com/inward/record.uri?eid=2-s2.0-85049858193&doi=10.1016%2fj.bandl.2018.07.002&partnerID=40&md5=c5272f19808ecb5a33ca84b842b3815f","Article","Final","","Scopus","2-s2.0-85049858193"
"Wade N.J.","Wade, Nicholas J. (7102078776)","7102078776","Early studies of binocular and binaural directions","2018","Vision (Switzerland)","2","1","13","","","","0","10.3390/vision2010013","https://www.scopus.com/inward/record.uri?eid=2-s2.0-85079590945&doi=10.3390%2fvision2010013&partnerID=40&md5=07df0602f30e9ed25180cf1b5e34d307","Review","Final","All Open Access; Gold Open Access; Green Open Access","Scopus","2-s2.0-85079590945"
"Martinez-Murcia F.J.; Ortiz A.; Gorriz J.M.; Ramirez J.; Lopez-Abarejo P.J.; Lopez-Zamora M.; Luque J.L.","Martinez-Murcia, Francisco J. (55062058300); Ortiz, Andres (18434650900); Gorriz, Juan Manuel (7004736801); Ramirez, Javier (57191694395); Lopez-Abarejo, Pedro Javier (57190735170); Lopez-Zamora, Miguel (36918872800); Luque, Juan Luis (7102403963)","55062058300; 18434650900; 7004736801; 57191694395; 57190735170; 36918872800; 7102403963","EEG Connectivity Analysis Using Denoising Autoencoders for the Detection of Dyslexia","2020","International Journal of Neural Systems","30","7","2050037","","","","25","10.1142/S0129065720500379","https://www.scopus.com/inward/record.uri?eid=2-s2.0-85086133572&doi=10.1142%2fS0129065720500379&partnerID=40&md5=6c5e42921f117716a1c44a9fac5ad15a","Article","Final","All Open Access; Green Open Access","Scopus","2-s2.0-85086133572"
"Kreitmair K.V.","Kreitmair, Karola V. (57188703155)","57188703155","Dimensions of Ethical Direct-to-Consumer Neurotechnologies","2019","AJOB Neuroscience","10","4","","152","166","14","52","10.1080/21507740.2019.1665120","https://www.scopus.com/inward/record.uri?eid=2-s2.0-85073756297&doi=10.1080%2f21507740.2019.1665120&partnerID=40&md5=64c79627986c91b51092d4c45e8debc6","Article","Final","","Scopus","2-s2.0-85073756297"
"Wang J.-K.; Jiang X.; Peng L.; Li X.-M.; An H.-J.; Wen B.-J.","Wang, Jing-Ke (57206675790); Jiang, Xing (55755071300); Peng, Lin (55152059000); Li, Xiao-Ming (56996376800); An, Hong-Jin (57206661338); Wen, Bao-Jian (57193617413)","57206675790; 55755071300; 55152059000; 56996376800; 57206661338; 57193617413","Detection of Neural Activity of Brain Functional Site Based on Microwave Scattering Principle","2019","IEEE Access","7","","8620988","13468","13475","7","13","10.1109/ACCESS.2019.2894128","https://www.scopus.com/inward/record.uri?eid=2-s2.0-85061828546&doi=10.1109%2fACCESS.2019.2894128&partnerID=40&md5=128ce21c01b49747ac84ed31a7070bd3","Article","Final","All Open Access; Gold Open Access","Scopus","2-s2.0-85061828546"
"Derner M.; Dehnen G.; Chaieb L.; Reber T.P.; Borger V.; Surges R.; Staresina B.P.; Mormann F.; Fell J.","Derner, M. (57195527187); Dehnen, G. (57218419601); Chaieb, L. (23567434900); Reber, T.P. (55082999000); Borger, V. (55279386300); Surges, R. (57203921777); Staresina, B.P. (8515031700); Mormann, F. (6603013446); Fell, J. (7103322403)","57195527187; 57218419601; 23567434900; 55082999000; 55279386300; 57203921777; 8515031700; 6603013446; 7103322403","Patterns of single-neuron activity during associative recognition memory in the human medial temporal lobe","2020","NeuroImage","221","","117214","","","","15","10.1016/j.neuroimage.2020.117214","https://www.scopus.com/inward/record.uri?eid=2-s2.0-85089154579&doi=10.1016%2fj.neuroimage.2020.117214&partnerID=40&md5=0169cc65f799739f887234aa52a762e8","Article","Final","All Open Access; Gold Open Access","Scopus","2-s2.0-85089154579"
"Nawaz R.; Nisar H.; Voon Y.V.","Nawaz, Rab (57220361603); Nisar, Humaira (11340183800); Voon, Yap Vooi (23394432400)","57220361603; 11340183800; 23394432400","The effect of music on human brain; Frequency domain and time series analysis using electroencephalogram","2018","IEEE Access","6","","8416667","45191","45205","14","36","10.1109/ACCESS.2018.2855194","https://www.scopus.com/inward/record.uri?eid=2-s2.0-85050407278&doi=10.1109%2fACCESS.2018.2855194&partnerID=40&md5=d54979492a4672cb058fb678dd9b0e81","Article","Final","All Open Access; Gold Open Access","Scopus","2-s2.0-85050407278"
"Dubinsky E.; Wood E.A.; Nespoli G.; Russo F.A.","Dubinsky, Ella (57212510982); Wood, Emily A. (57211932667); Nespoli, Gabriel (26428835100); Russo, Frank A. (8835880000)","57212510982; 57211932667; 26428835100; 8835880000","Short-Term Choir Singing Supports Speech-in-Noise Perception and Neural Pitch Strength in Older Adults With Age-Related Hearing Loss","2019","Frontiers in Neuroscience","13","","1153","","","","46","10.3389/fnins.2019.01153","https://www.scopus.com/inward/record.uri?eid=2-s2.0-85076901914&doi=10.3389%2ffnins.2019.01153&partnerID=40&md5=8d9ad44ddf173f419286520f8dae2644","Article","Final","All Open Access; Gold Open Access","Scopus","2-s2.0-85076901914"
"Li J.; Thakor N.; Bezerianos A.","Li, Junhua (36184673200); Thakor, Nitish (7102105011); Bezerianos, Anastasios (7005440300)","36184673200; 7102105011; 7005440300","Brain Functional Connectivity in Unconstrained Walking with and without an Exoskeleton","2020","IEEE Transactions on Neural Systems and Rehabilitation Engineering","28","3","8972473","730","739","9","13","10.1109/TNSRE.2020.2970015","https://www.scopus.com/inward/record.uri?eid=2-s2.0-85081937015&doi=10.1109%2fTNSRE.2020.2970015&partnerID=40&md5=26f61a6ec440e75ffc78c34a961ae4f6","Article","Final","All Open Access; Green Open Access","Scopus","2-s2.0-85081937015"
"Bell L.; Wagels L.; Neuschaefer-Rube C.; Fels J.; Gur R.E.; Konrad K.","Bell, Laura (57205720147); Wagels, Lisa (56845733100); Neuschaefer-Rube, Christiane (6701810879); Fels, Janina (6701375214); Gur, Raquel E. (7103065698); Konrad, Kerstin (7102334150)","57205720147; 56845733100; 6701810879; 6701375214; 7103065698; 7102334150","The Cross-Modal Effects of Sensory Deprivation on Spatial and Temporal Processes in Vision and Audition: A Systematic Review on Behavioral and Neuroimaging Research since 2000","2019","Neural Plasticity","2019","","9603469","","","","32","10.1155/2019/9603469","https://www.scopus.com/inward/record.uri?eid=2-s2.0-85076915643&doi=10.1155%2f2019%2f9603469&partnerID=40&md5=2f4bdde1f9cb833a565a8aad9edf0b96","Review","Final","All Open Access; Gold Open Access","Scopus","2-s2.0-85076915643"
"Darbin O.; Hatanaka N.; Takara S.; Kaneko M.; Chiken S.; Naritoku D.; Martino A.; Nambu A.","Darbin, Olivier (6602675051); Hatanaka, Nobuhiko (7003685896); Takara, Sayuki (23968390700); Kaneko, Masaya (57214600346); Chiken, Satomi (6603092883); Naritoku, Dean (7003367103); Martino, Anthony (7102757141); Nambu, Atsushi (16146090000)","6602675051; 7003685896; 23968390700; 57214600346; 6603092883; 7003367103; 7102757141; 16146090000","Local field potential dynamics in the primate cortex in relation to parkinsonism reveled by machine learning: A comparison between the primary motor cortex and the supplementary area","2020","Neuroscience Research","156","","","66","79","13","9","10.1016/j.neures.2020.01.012","https://www.scopus.com/inward/record.uri?eid=2-s2.0-85078843566&doi=10.1016%2fj.neures.2020.01.012&partnerID=40&md5=f7931093984e6003bfb59c06ca862ef0","Article","Final","","Scopus","2-s2.0-85078843566"
"Cai Q.; Gao Z.-K.; Yang Y.-X.; Dang W.-D.; Grebogi C.","Cai, Qing (56816256100); Gao, Zhong-Ke (24921442300); Yang, Yu-Xuan (56526035100); Dang, Wei-Dong (57102963900); Grebogi, Celso (35567145300)","56816256100; 24921442300; 56526035100; 57102963900; 35567145300","Multiplex Limited Penetrable Horizontal Visibility Graph from EEG Signals for Driver Fatigue Detection","2019","International Journal of Neural Systems","29","5","1850057","","","","48","10.1142/S0129065718500570","https://www.scopus.com/inward/record.uri?eid=2-s2.0-85061740404&doi=10.1142%2fS0129065718500570&partnerID=40&md5=ddd9c26351174ef22204ad6130bbba1b","Article","Final","All Open Access; Green Open Access","Scopus","2-s2.0-85061740404"
"Rashid U.; Niazi I.K.; Signal N.; Taylor D.","Rashid, Usman (57204359423); Niazi, Imran Khan (56658453700); Signal, Nada (56079751100); Taylor, Denise (37860944700)","57204359423; 56658453700; 56079751100; 37860944700","An EEG experimental study evaluating the performance of Texas instruments ADS1299","2018","Sensors (Switzerland)","18","11","3721","","","","50","10.3390/s18113721","https://www.scopus.com/inward/record.uri?eid=2-s2.0-85056068987&doi=10.3390%2fs18113721&partnerID=40&md5=3ccb387eccb14a820126c736e015e6c3","Article","Final","All Open Access; Gold Open Access","Scopus","2-s2.0-85056068987"
"Melynyte S.; Pipinis E.; Genyte V.; Voicikas A.; Rihs T.; Griskova-Bulanova I.","Melynyte, Sigita (57191259568); Pipinis, Evaldas (56968029100); Genyte, Vaida (57198887697); Voicikas, Aleksandras (57189071704); Rihs, Tonia (15849643000); Griskova-Bulanova, Inga (8386942500)","57191259568; 56968029100; 57198887697; 57189071704; 15849643000; 8386942500","40 Hz Auditory Steady-State Response: The Impact of Handedness and Gender","2018","Brain Topography","31","3","","419","429","10","12","10.1007/s10548-017-0611-x","https://www.scopus.com/inward/record.uri?eid=2-s2.0-85037364494&doi=10.1007%2fs10548-017-0611-x&partnerID=40&md5=4f4aefd59755d1a1e3d2614c42bb8ef5","Article","Final","","Scopus","2-s2.0-85037364494"
"Derner M.; Chaieb L.; Surges R.; Staresina B.P.; Fell J.","Derner, Marlene (57195527187); Chaieb, Leila (23567434900); Surges, Rainer (57203921777); Staresina, Bernhard P. (8515031700); Fell, Juergen (7103322403)","57195527187; 23567434900; 57203921777; 8515031700; 7103322403","Modulation of item and source memory by auditory beat stimulation: A pilot study with intracranial EEG","2018","Frontiers in Human Neuroscience","12","","500","","","","10","10.3389/fnhum.2018.00500","https://www.scopus.com/inward/record.uri?eid=2-s2.0-85059043686&doi=10.3389%2ffnhum.2018.00500&partnerID=40&md5=301f9ef792afe55f1a90dd1aba038b36","Article","Final","All Open Access; Gold Open Access","Scopus","2-s2.0-85059043686"
"Sorinas J.; Fernandez-Troyano J.C.; Ferrandez J.M.; Fernandez E.","Sorinas, Jennifer (57194548283); Fernandez-Troyano, Juan C. (57216368909); Ferrandez, Jose Manuel (56268451400); Fernandez, Eduardo (23389210100)","57194548283; 57216368909; 56268451400; 23389210100","Cortical Asymmetries and Connectivity Patterns in the Valence Dimension of the Emotional Brain","2020","International Journal of Neural Systems","30","5","2050021","","","","8","10.1142/S0129065720500215","https://www.scopus.com/inward/record.uri?eid=2-s2.0-85083315459&doi=10.1142%2fS0129065720500215&partnerID=40&md5=6562ccf5c18381f3b42355a5531771f5","Article","Final","","Scopus","2-s2.0-85083315459"
"Basu S.; Banerjee B.","Basu, Sandhya (57218375415); Banerjee, Bidisha (57195948744)","57218375415; 57195948744","Prospect of Brainwave Entrainment to Promote Well-Being in Individuals: A Brief Review","2020","Psychological Studies","65","3","","296","306","10","8","10.1007/s12646-020-00555-x","https://www.scopus.com/inward/record.uri?eid=2-s2.0-85088961690&doi=10.1007%2fs12646-020-00555-x&partnerID=40&md5=e13e47716de7f97f75cf1b05cee65e6b","Review","Final","","Scopus","2-s2.0-85088961690"
"Yin J.; Tatone D.; Csibra G.","Yin, Jun (55242885300); Tatone, Denis (56491043100); Csibra, Gergely (6701384037)","55242885300; 56491043100; 6701384037","Giving, but not taking, actions are spontaneously represented as social interactions: Evidence from modulation of lower alpha oscillations","2020","Neuropsychologia","139","","107363","","","","9","10.1016/j.neuropsychologia.2020.107363","https://www.scopus.com/inward/record.uri?eid=2-s2.0-85078955030&doi=10.1016%2fj.neuropsychologia.2020.107363&partnerID=40&md5=5b731a94aeb320f85902b69303b0c331","Article","Final","All Open Access; Hybrid Gold Open Access","Scopus","2-s2.0-85078955030"
"Sharpe R.L.S.; Mahmud M.; Kaiser M.S.; Chen J.","Sharpe, Ryan L. S. (57219315150); Mahmud, Mufti (35173453700); Kaiser, M. Shamim (56446362000); Chen, Jianhui (36623396600)","57219315150; 35173453700; 56446362000; 36623396600","Gamma entrainment frequency affects mood, memory and cognition: an exploratory pilot study","2020","Brain Informatics","7","1","17","","","","13","10.1186/s40708-020-00119-9","https://www.scopus.com/inward/record.uri?eid=2-s2.0-85096423588&doi=10.1186%2fs40708-020-00119-9&partnerID=40&md5=f9537d418a2004750bf898ca5aab6599","Article","Final","All Open Access; Gold Open Access; Green Open Access","Scopus","2-s2.0-85096423588"
"Varella T.T.; Reyes M.B.; Caetano M.S.; de Camargo R.Y.","Varella, Thiago T. (57193384427); Reyes, Marcelo Bussotti (7202844409); Caetano, Marcelo S. (16229309600); de Camargo, Raphael Y. (13105073800)","57193384427; 7202844409; 16229309600; 13105073800","A model for the peak-interval task based on neural oscillation-delimited states","2019","Behavioural Processes","168","","103941","","","","2","10.1016/j.beproc.2019.103941","https://www.scopus.com/inward/record.uri?eid=2-s2.0-85072321076&doi=10.1016%2fj.beproc.2019.103941&partnerID=40&md5=d00d4d75709aa7ac35aee5e72ba94be3","Article","Final","All Open Access; Green Open Access","Scopus","2-s2.0-85072321076"
"Eddins A.C.; Ozmeral E.J.; Eddins D.A.","Eddins, Ann Clock (55663912500); Ozmeral, Erol J. (10142296600); Eddins, David A. (6701739273)","55663912500; 10142296600; 6701739273","How aging impacts the encoding of binaural cues and the perception of auditory space","2018","Hearing Research","369","","","79","89","10","34","10.1016/j.heares.2018.05.001","https://www.scopus.com/inward/record.uri?eid=2-s2.0-85047059699&doi=10.1016%2fj.heares.2018.05.001&partnerID=40&md5=b619cd85382220e9be4e4751a39adf0a","Review","Final","All Open Access; Bronze Open Access; Green Open Access","Scopus","2-s2.0-85047059699"
"Petrazzuoli F.; Vestberg S.; Midlöv P.; Thulesius H.; Stomrud E.; Palmqvist S.","Petrazzuoli, Ferdinando (7801418891); Vestberg, Susanna (22939556600); Midlöv, Patrik (8567207000); Thulesius, Hans (55961219600); Stomrud, Erik (17343064300); Palmqvist, Sebastian (25422587800)","7801418891; 22939556600; 8567207000; 55961219600; 17343064300; 25422587800","Brief Cognitive Tests Used in Primary Care Cannot Accurately Differentiate Mild Cognitive Impairment from Subjective Cognitive Decline","2020","Journal of Alzheimer's Disease","75","4","","1073","1082","9","35","10.3233/JAD-191191","https://www.scopus.com/inward/record.uri?eid=2-s2.0-85090484358&doi=10.3233%2fJAD-191191&partnerID=40&md5=4b075358082b689b02821a3e37e7ae99","Review","Final","All Open Access; Bronze Open Access; Green Open Access","Scopus","2-s2.0-85090484358"
"Marrufo-Pérez M.I.; Eustaquio-Martín A.; López-Bascuas L.E.; Lopez-Poveda E.A.","Marrufo-Pérez, Miriam I. (57201441974); Eustaquio-Martín, Almudena (14063080000); López-Bascuas, Luis E. (7801519337); Lopez-Poveda, Enrique A. (6602929881)","57201441974; 14063080000; 7801519337; 6602929881","Temporal Effects on Monaural Amplitude-Modulation Sensitivity in Ipsilateral, Contralateral and Bilateral Noise","2018","JARO - Journal of the Association for Research in Otolaryngology","19","2","","147","161","14","11","10.1007/s10162-018-0656-x","https://www.scopus.com/inward/record.uri?eid=2-s2.0-85044831652&doi=10.1007%2fs10162-018-0656-x&partnerID=40&md5=4c2d3e21e25dd4b7ca09245c7b28761f","Article","Final","All Open Access; Green Open Access","Scopus","2-s2.0-85044831652"
"Jaeger M.; Mirkovic B.; Bleichner M.G.; Debener S.","Jaeger, Manuela (56624024900); Mirkovic, Bojana (56728376300); Bleichner, Martin G. (36089082100); Debener, Stefan (6601953065)","56624024900; 56728376300; 36089082100; 6601953065","Decoding the Attended Speaker From EEG Using Adaptive Evaluation Intervals Captures Fluctuations in Attentional Listening","2020","Frontiers in Neuroscience","14","","603","","","","17","10.3389/fnins.2020.00603","https://www.scopus.com/inward/record.uri?eid=2-s2.0-85087129484&doi=10.3389%2ffnins.2020.00603&partnerID=40&md5=b834cab74aa28572b02e1982892c0882","Article","Final","All Open Access; Gold Open Access; Green Open Access","Scopus","2-s2.0-85087129484"
"Guggisberg A.G.; Koch P.J.; Hummel F.C.; Buetefisch C.M.","Guggisberg, Adrian G. (6701834846); Koch, Philipp J. (57550054100); Hummel, Friedhelm C. (7003673127); Buetefisch, Cathrin M. (6602885942)","6701834846; 57550054100; 7003673127; 6602885942","Brain networks and their relevance for stroke rehabilitation","2019","Clinical Neurophysiology","130","7","","1098","1124","26","134","10.1016/j.clinph.2019.04.004","https://www.scopus.com/inward/record.uri?eid=2-s2.0-85065398256&doi=10.1016%2fj.clinph.2019.04.004&partnerID=40&md5=d57323f4b3a5b92c1969ae0150272dd8","Review","Final","All Open Access; Green Open Access","Scopus","2-s2.0-85065398256"
"Yurgil K.A.; Velasquez M.A.; Winston J.L.; Reichman N.B.; Colombo P.J.","Yurgil, Kate A. (36144791000); Velasquez, Miguel A. (57215689983); Winston, Jenna L. (57197810338); Reichman, Noah B. (57215690502); Colombo, Paul J. (7202984568)","36144791000; 57215689983; 57197810338; 57215690502; 7202984568","Music Training, Working Memory, and Neural Oscillations: A Review","2020","Frontiers in Psychology","11","","266","","","","24","10.3389/fpsyg.2020.00266","https://www.scopus.com/inward/record.uri?eid=2-s2.0-85081660353&doi=10.3389%2ffpsyg.2020.00266&partnerID=40&md5=282b19883b210c5fd69ee8f6c91012d0","Review","Final","All Open Access; Gold Open Access; Green Open Access","Scopus","2-s2.0-85081660353"
"Hommel B.","Hommel, Bernhard (7005738313)","7005738313","Dual-task performance: Theoretical analysis and an event-coding account","2020","Journal of Cognition","3","1","29","","","","24","10.5334/joc.114","https://www.scopus.com/inward/record.uri?eid=2-s2.0-85098709392&doi=10.5334%2fjoc.114&partnerID=40&md5=8d7108215f2d35acabed4145abc6084a","Article","Final","All Open Access; Gold Open Access","Scopus","2-s2.0-85098709392"
"Miller J.; Tang J.L.","Miller, Jeff (55497741400); Tang, Jia Li (57219229274)","55497741400; 57219229274","Effects of task probability on prioritized processing: Modulating the efficiency of parallel response selection","2021","Attention, Perception, and Psychophysics","83","1","","356","388","32","8","10.3758/s13414-020-02143-7","https://www.scopus.com/inward/record.uri?eid=2-s2.0-85091802768&doi=10.3758%2fs13414-020-02143-7&partnerID=40&md5=22a8d7cd38586ae0aa4e057e23c24fd5","Article","Final","All Open Access; Bronze Open Access","Scopus","2-s2.0-85091802768"
"Ortiz M.; Iáñez E.; Gaxiola-Tirado J.A.; Gutiérrez D.; Azorín J.M.","Ortiz, Mario (57196350462); Iáñez, Eduardo (35113197400); Gaxiola-Tirado, Jorge A. (57197869703); Gutiérrez, David (57197616657); Azorín, José M. (7101727293)","57196350462; 35113197400; 57197869703; 57197616657; 7101727293","Study of the Functional Brain Connectivity and Lower-Limb Motor Imagery Performance after Transcranial Direct Current Stimulation","2020","International Journal of Neural Systems","30","8","2050038","","","","23","10.1142/S0129065720500380","https://www.scopus.com/inward/record.uri?eid=2-s2.0-85088881541&doi=10.1142%2fS0129065720500380&partnerID=40&md5=8e9815273007e3e6e61e1cfdc8766cc7","Article","Final","All Open Access; Green Open Access","Scopus","2-s2.0-85088881541"
"Lee M.; Song C.-B.; Shin G.-H.; Lee S.-W.","Lee, Minji (57196187332); Song, Chae-Bin (57209638740); Shin, Gi-Hwan (57212660751); Lee, Seong-Whan (7601390519)","57196187332; 57209638740; 57212660751; 7601390519","Possible Effect of Binaural Beat Combined With Autonomous Sensory Meridian Response for Inducing Sleep","2019","Frontiers in Human Neuroscience","13","","425","","","","70","10.3389/fnhum.2019.00425","https://www.scopus.com/inward/record.uri?eid=2-s2.0-85077288289&doi=10.3389%2ffnhum.2019.00425&partnerID=40&md5=78686aa94f7795e3325e35076157ffc7","Article","Final","All Open Access; Gold Open Access; Green Open Access","Scopus","2-s2.0-85077288289"
"Whiteford K.L.; Kreft H.A.; Oxenham A.J.","Whiteford, Kelly L. (56719649200); Kreft, Heather A. (6701812158); Oxenham, Andrew J. (7003326429)","56719649200; 6701812158; 7003326429","The role of cochlear place coding in the perception of frequency modulation","2020","eLife","9","","e58468","1","64","63","21","10.7554/ELIFE.58468","https://www.scopus.com/inward/record.uri?eid=2-s2.0-85092153913&doi=10.7554%2fELIFE.58468&partnerID=40&md5=1a2b0f11ee1b668d6f4bf65b2c3b03ec","Article","Final","All Open Access; Gold Open Access; Green Open Access","Scopus","2-s2.0-85092153913"
"Wang D.; Li T.; Afzal N.; Zhang J.; Zhang Y.","Wang, Dangxiao (23399237500); Li, Teng (56959604900); Afzal, Naqash (57222617455); Zhang, Jicong (57209654187); Zhang, Yuru (55922442200)","23399237500; 56959604900; 57222617455; 57209654187; 55922442200","Haptics-mediated approaches for enhancing sustained attention: framework and challenges","2019","Science China Information Sciences","62","11","211101","","","","3","10.1007/s11432-018-9931-1","https://www.scopus.com/inward/record.uri?eid=2-s2.0-85073506680&doi=10.1007%2fs11432-018-9931-1&partnerID=40&md5=a9fd9b878b0c92ce3a07f701f6bfdcf8","Review","Final","","Scopus","2-s2.0-85073506680"
"Baroni F.; Morillon B.; Trébuchon A.; Liégeois-Chauvel C.; Olasagasti I.; Giraud A.-L.","Baroni, Fabiano (55895024900); Morillon, Benjamin (36923097400); Trébuchon, Agnès (6506381465); Liégeois-Chauvel, Catherine (57326904600); Olasagasti, Itsaso (36952488500); Giraud, Anne-Lise (8453688700)","55895024900; 36923097400; 6506381465; 57326904600; 36952488500; 8453688700","Converging intracortical signatures of two separated processing timescales in human early auditory cortex","2020","NeuroImage","218","","116882","","","","2","10.1016/j.neuroimage.2020.116882","https://www.scopus.com/inward/record.uri?eid=2-s2.0-85085235925&doi=10.1016%2fj.neuroimage.2020.116882&partnerID=40&md5=52594bbb55f7c03a5201c361a423a792","Article","Final","All Open Access; Gold Open Access","Scopus","2-s2.0-85085235925"
"Laffere A.; Dick F.; Holt L.L.; Tierney A.","Laffere, Aeron (57202818925); Dick, Fred (14522185400); Holt, Lori L (26643252300); Tierney, Adam (15053610400)","57202818925; 14522185400; 26643252300; 15053610400","Attentional modulation of neural entrainment to sound streams in children with and without ADHD","2021","NeuroImage","224","","117396","","","","13","10.1016/j.neuroimage.2020.117396","https://www.scopus.com/inward/record.uri?eid=2-s2.0-85091628667&doi=10.1016%2fj.neuroimage.2020.117396&partnerID=40&md5=8b9681da1a31cbacd78c0652eeecd119","Article","Final","All Open Access; Gold Open Access","Scopus","2-s2.0-85091628667"
"De Groote E.; De Keyser K.; Bockstael A.; Botteldooren D.; Santens P.; De Letter M.","De Groote, Evelien (57194015102); De Keyser, Kim (57191825808); Bockstael, Annelies (23767099900); Botteldooren, Dick (6701666696); Santens, Patrick (7006128792); De Letter, Miet (6602734656)","57194015102; 57191825808; 23767099900; 6701666696; 7006128792; 6602734656","Central auditory processing in parkinsonian disorders: A systematic review","2020","Neuroscience and Biobehavioral Reviews","113","","","111","132","21","13","10.1016/j.neubiorev.2020.03.001","https://www.scopus.com/inward/record.uri?eid=2-s2.0-85081675651&doi=10.1016%2fj.neubiorev.2020.03.001&partnerID=40&md5=864508f7a728ea5241416b6bf8941c6d","Review","Final","All Open Access; Green Open Access","Scopus","2-s2.0-85081675651"
"Jirakittayakorn N.; Wongsawat Y.","Jirakittayakorn, Nantawachara (56520319500); Wongsawat, Yodchanan (17436183800)","56520319500; 17436183800","A Novel Insight of Effects of a 3-Hz Binaural Beat on Sleep Stages During Sleep","2018","Frontiers in Human Neuroscience","12","","387","","","","27","10.3389/fnhum.2018.00387","https://www.scopus.com/inward/record.uri?eid=2-s2.0-85054839402&doi=10.3389%2ffnhum.2018.00387&partnerID=40&md5=7b469bb4ee2a1ba3b30dcf80e8d2c0c8","Article","Final","All Open Access; Gold Open Access; Green Open Access","Scopus","2-s2.0-85054839402"
"Jaeger M.; Bleichner M.G.; Bauer A.-K.R.; Mirkovic B.; Debener S.","Jaeger, Manuela (56624024900); Bleichner, Martin G. (36089082100); Bauer, Anna-Katharina R. (56403975700); Mirkovic, Bojana (56728376300); Debener, Stefan (6601953065)","56624024900; 36089082100; 56403975700; 56728376300; 6601953065","Did You Listen to the Beat? Auditory Steady-State Responses in the Human Electroencephalogram at 4 and 7 Hz Modulation Rates Reflect Selective Attention","2018","Brain Topography","31","5","","811","826","15","15","10.1007/s10548-018-0637-8","https://www.scopus.com/inward/record.uri?eid=2-s2.0-85042606042&doi=10.1007%2fs10548-018-0637-8&partnerID=40&md5=27b9fcd5892c3ffb1e23c00f4ebb9ba3","Article","Final","","Scopus","2-s2.0-85042606042"
"Kirk U.; Wieghorst A.; Nielsen C.M.; Staiano W.","Kirk, Ulrich (24765108300); Wieghorst, Anders (57912503100); Nielsen, Christian Møller (58554910600); Staiano, Walter (26432857900)","24765108300; 57912503100; 58554910600; 26432857900","On-the-Spot Binaural Beats and Mindfulness Reduces Behavioral Markers of Mind Wandering","2019","Journal of Cognitive Enhancement","3","2","","186","192","6","19","10.1007/s41465-018-0114-z","https://www.scopus.com/inward/record.uri?eid=2-s2.0-85116593789&doi=10.1007%2fs41465-018-0114-z&partnerID=40&md5=e4e94a11e46cad6e20765b01dd421861","Article","Final","","Scopus","2-s2.0-85116593789"
"Seifi Ala T.; Ahmadi-Pajouh M.A.; Nasrabadi A.M.","Seifi Ala, Tirdad (57208256844); Ahmadi-Pajouh, Mohammad Ali (16174477500); Nasrabadi, Ali Motie (57207832192)","57208256844; 16174477500; 57207832192","Cumulative effects of theta binaural beats on brain power and functional connectivity","2018","Biomedical Signal Processing and Control","42","","","242","252","10","32","10.1016/j.bspc.2018.01.022","https://www.scopus.com/inward/record.uri?eid=2-s2.0-85041910270&doi=10.1016%2fj.bspc.2018.01.022&partnerID=40&md5=6b67d1c150f4357859ed5161f3f5140c","Article","Final","","Scopus","2-s2.0-85041910270"
"Engelbregt H.; Meijburg N.; Schulten M.; Pogarell O.; Deijen J.B.","Engelbregt, Hessel (57160321700); Meijburg, Nora (57211112637); Schulten, Marjolein (57211111565); Pogarell, Oliver (7003444412); Deijen, Jan Berend (7003376939)","57160321700; 57211112637; 57211111565; 7003444412; 7003376939","The effects of binaural and monoaural beat stimulation on cognitive functioning in subjects with different levels of emotionality","2019","Advances in Cognitive Psychology","15","3","","199","207","8","21","10.5709/acp-0268-8","https://www.scopus.com/inward/record.uri?eid=2-s2.0-85072664979&doi=10.5709%2facp-0268-8&partnerID=40&md5=2b6e98c22e03f30c4d8645e306c303d6","Article","Final","All Open Access; Gold Open Access","Scopus","2-s2.0-85072664979"
"Perales F.J.; Riera L.; Ramis S.; Guerrero A.","Perales, Francisco J. (35845246500); Riera, Laia (57226483898); Ramis, Silvia (57006625200); Guerrero, Alejandro (57219693178)","35845246500; 57226483898; 57006625200; 57219693178","Evaluation of a VR system for Pain Management using binaural acoustic stimulation","2019","Multimedia Tools and Applications","78","23","","32869","32890","21","14","10.1007/s11042-019-07953-y","https://www.scopus.com/inward/record.uri?eid=2-s2.0-85069441420&doi=10.1007%2fs11042-019-07953-y&partnerID=40&md5=9467fabe35e2095964a66aadd8c6e529","Article","Final","","Scopus","2-s2.0-85069441420"
"Dresler M.; Sandberg A.; Bublitz C.; Ohla K.; Trenado C.; Mroczko-Wasowicz A.; Kühn S.; Repantis D.","Dresler, Martin (14821864900); Sandberg, Anders (16067540200); Bublitz, Christoph (55323056200); Ohla, Kathrin (8638940500); Trenado, Carlos (16176586700); Mroczko-Wasowicz, Aleksandra (55322654800); Kühn, Simone (57203215366); Repantis, Dimitris (25652107200)","14821864900; 16067540200; 55323056200; 8638940500; 16176586700; 55322654800; 57203215366; 25652107200","Hacking the Brain: Dimensions of Cognitive Enhancement","2019","ACS Chemical Neuroscience","10","3","","1137","1148","11","77","10.1021/acschemneuro.8b00571","https://www.scopus.com/inward/record.uri?eid=2-s2.0-85059644269&doi=10.1021%2facschemneuro.8b00571&partnerID=40&md5=45fe770e85b3c0cf522d75e6c4ce8001","Review","Final","All Open Access; Hybrid Gold Open Access","Scopus","2-s2.0-85059644269"
"Chaieb L.; Antal A.; Derner M.; Leszczyński M.; Fell J.","Chaieb, Leila (23567434900); Antal, Andrea (7006301099); Derner, Marlene (57195527187); Leszczyński, Marcin (37034492200); Fell, Juergen (7103322403)","23567434900; 7006301099; 57195527187; 37034492200; 7103322403","New perspectives for the modulation of mind-wandering using transcranial electric brain stimulation","2019","Neuroscience","409","","","69","80","11","14","10.1016/j.neuroscience.2019.04.032","https://www.scopus.com/inward/record.uri?eid=2-s2.0-85065338537&doi=10.1016%2fj.neuroscience.2019.04.032&partnerID=40&md5=ec134d6c02ec340c3df554fd72caec51","Review","Final","","Scopus","2-s2.0-85065338537"
"Hwang J.H.; Nam K.W.; Jang D.P.; Kim I.Y.","Hwang, Jong Ho (56645391700); Nam, Kyoung Won (23005178600); Jang, Dong Pyo (7102794378); Kim, In Young (57204183586)","56645391700; 23005178600; 7102794378; 57204183586","Effects of degree and symmetricity of bilateral spectral smearing, carrier frequency, and subject sex on amplitude of evoked auditory steady-state response signal","2019","Cognitive Neurodynamics","13","2","","151","160","9","5","10.1007/s11571-018-9512-2","https://www.scopus.com/inward/record.uri?eid=2-s2.0-85056630066&doi=10.1007%2fs11571-018-9512-2&partnerID=40&md5=5a0b19c32c1ce22208ce79605f0430b2","Article","Final","All Open Access; Green Open Access","Scopus","2-s2.0-85056630066"
"Valenzuela J.; Díaz-Andreu M.; Escera C.","Valenzuela, Jose (57205746007); Díaz-Andreu, Margarita (7801535879); Escera, Carles (7004399275)","57205746007; 7801535879; 7004399275","Psychology Meets Archaeology: Psychoarchaeoacoustics for Understanding Ancient Minds and Their Relationship to the Sacred","2020","Frontiers in Psychology","11","","550794","","","","10","10.3389/fpsyg.2020.550794","https://www.scopus.com/inward/record.uri?eid=2-s2.0-85098713387&doi=10.3389%2ffpsyg.2020.550794&partnerID=40&md5=4213d26308dd24735bc769bde51db17f","Review","Final","All Open Access; Gold Open Access","Scopus","2-s2.0-85098713387"
"Wang Q.; Meng L.; Pang J.; Zhu X.; Ming D.","Wang, Qing (57220071588); Meng, Lin (57926666300); Pang, Jun (57220067582); Zhu, Xiaodong (57142920100); Ming, Dong (9745824400)","57220071588; 57926666300; 57220067582; 57142920100; 9745824400","Characterization of EEG Data Revealing Relationships With Cognitive and Motor Symptoms in Parkinson's Disease: A Systematic Review","2020","Frontiers in Aging Neuroscience","12","","587396","","","","38","10.3389/fnagi.2020.587396","https://www.scopus.com/inward/record.uri?eid=2-s2.0-85096765248&doi=10.3389%2ffnagi.2020.587396&partnerID=40&md5=9e156b84ab369ece9fce71bfd4a5361a","Review","Final","All Open Access; Gold Open Access; Green Open Access","Scopus","2-s2.0-85096765248"
"Rankin J.; Rinzel J.","Rankin, James (7201651682); Rinzel, John (7005383140)","7201651682; 7005383140","Computational models of auditory perception from feature extraction to stream segregation and behavior","2019","Current Opinion in Neurobiology","58","","","46","53","7","9","10.1016/j.conb.2019.06.009","https://www.scopus.com/inward/record.uri?eid=2-s2.0-85069587285&doi=10.1016%2fj.conb.2019.06.009&partnerID=40&md5=cbc43274600ca5be065b68c1d0496c3f","Review","Final","All Open Access; Green Open Access; Hybrid Gold Open Access","Scopus","2-s2.0-85069587285"
"Makov S.; Zion Golumbic E.","Makov, Shiri (55831148300); Zion Golumbic, Elana (18435708300)","55831148300; 18435708300","Irrelevant Predictions: Distractor Rhythmicity Modulates Neural Encoding in Auditory Cortex","2020","Cerebral Cortex","30","11","","5792","5805","13","7","10.1093/cercor/bhaa153","https://www.scopus.com/inward/record.uri?eid=2-s2.0-85092680616&doi=10.1093%2fcercor%2fbhaa153&partnerID=40&md5=7e23e23f67658777d5d03fedc7d0c2dc","Article","Final","All Open Access; Bronze Open Access; Green Open Access","Scopus","2-s2.0-85092680616"
"Mursic R.A.; Palmisano S.","Mursic, Rebecca A. (57191911108); Palmisano, Stephen (6701694405)","57191911108; 6701694405","The Shepard-Risset Glissando: Identifying the Origins of Metaphorical Auditory Vection and Motion Sickness","2020","Multisensory Research","33","1","","61","86","25","10","10.1163/22134808-20191450","https://www.scopus.com/inward/record.uri?eid=2-s2.0-85077510291&doi=10.1163%2f22134808-20191450&partnerID=40&md5=bd09f5f1bf9e02e83ddc4ea61e22f3f2","Article","Final","","Scopus","2-s2.0-85077510291"
"Strüber D.; Herrmann C.S.","Strüber, Daniel (6602212577); Herrmann, Christoph S. (7103237283)","6602212577; 7103237283","Modulation of gamma oscillations as a possible therapeutic tool for neuropsychiatric diseases: A review and perspective","2020","International Journal of Psychophysiology","152","","","15","25","10","33","10.1016/j.ijpsycho.2020.03.003","https://www.scopus.com/inward/record.uri?eid=2-s2.0-85083019503&doi=10.1016%2fj.ijpsycho.2020.03.003&partnerID=40&md5=a32f9448fd272340c64f02b69060f8c6","Article","Final","","Scopus","2-s2.0-85083019503"
"McKay J.H.; Tatum W.O.","McKay, Jake H. (57201324931); Tatum, William O. (57210784240)","57201324931; 57210784240","Knitting induced fronto-central theta rhythm","2019","Epilepsy and Behavior Reports","12","","100335","","","","0","10.1016/j.ebr.2019.100335","https://www.scopus.com/inward/record.uri?eid=2-s2.0-85081047378&doi=10.1016%2fj.ebr.2019.100335&partnerID=40&md5=e7c692ca8ef6a6b864056e3ae9b4e79d","Article","Final","All Open Access; Gold Open Access","Scopus","2-s2.0-85081047378"
"Kraus N.; Slater J.; Thompson E.C.; Hornickel J.; Strait D.L.; Nicol T.; White-Schwoch T.","Kraus, Nina (7102321398); Slater, Jessica (55880152800); Thompson, Elaine C. (56348944300); Hornickel, Jane (25724446500); Strait, Dana L. (24344985000); Nicol, Trent (7005853908); White-Schwoch, Travis (55383714800)","7102321398; 55880152800; 56348944300; 25724446500; 24344985000; 7005853908; 55383714800","Auditory learning through active engagement with sound: Biological impact of community music lessons in at-risk children","2014","Frontiers in Neuroscience","8","OCT","351","","","","28","10.3389/fnins.2014.00351","https://www.scopus.com/inward/record.uri?eid=2-s2.0-84910089554&doi=10.3389%2ffnins.2014.00351&partnerID=40&md5=4aeeaa62d5863ea254de234f66e7c3f5","Article","Final","All Open Access; Gold Open Access; Green Open Access","Scopus","2-s2.0-84910089554"
"Lazzouni L.; Lepore F.","Lazzouni, Latifa (36106201400); Lepore, Franco (24763291200)","36106201400; 24763291200","Compensatory plasticity: Time matters","2014","Frontiers in Human Neuroscience","8","JUNE","340","","","","46","10.3389/fnhum.2014.00340","https://www.scopus.com/inward/record.uri?eid=2-s2.0-84902601460&doi=10.3389%2ffnhum.2014.00340&partnerID=40&md5=73c67b88c113dfa4b531a4d17aa69573","Article","Final","All Open Access; Gold Open Access; Green Open Access","Scopus","2-s2.0-84902601460"
"Hsieh I.-H.; Petrosyan A.; Gonçalves Ó.F.; Hickok G.; Saberi K.","Hsieh, I.-Hui (16642757700); Petrosyan, Agavni (7006797913); Gonçalves, Óscar F. (8668771500); Hickok, Gregory (7004718457); Saberi, Kourosh (7004232931)","16642757700; 7006797913; 8668771500; 7004718457; 7004232931","Observer weighting of interaural cues in positive and negative envelope slopes of amplitude-modulated waveforms","2011","Hearing Research","277","1-2","","143","151","8","5","10.1016/j.heares.2011.01.008","https://www.scopus.com/inward/record.uri?eid=2-s2.0-79960282597&doi=10.1016%2fj.heares.2011.01.008&partnerID=40&md5=9bc2438f7ec89f8e2f90d3bc3a844bab","Article","Final","All Open Access; Green Open Access","Scopus","2-s2.0-79960282597"
"Willems C.; Martens S.","Willems, Charlotte (55757253000); Martens, Sander (14828134300)","55757253000; 14828134300","Time to see the bigger picture: Individual differences in the attentional blink","2016","Psychonomic Bulletin and Review","23","5","","1289","1299","10","34","10.3758/s13423-015-0977-2","https://www.scopus.com/inward/record.uri?eid=2-s2.0-84947437303&doi=10.3758%2fs13423-015-0977-2&partnerID=40&md5=7b22e72522ec17c980ca21fc7530430e","Review","Final","All Open Access; Hybrid Gold Open Access","Scopus","2-s2.0-84947437303"
"Schamber G.; Meinicke E.; Schäfer T.","Schamber, Georg (57034058400); Meinicke, Eva (57034031800); Schäfer, Thomas (30567658500)","57034058400; 57034031800; 30567658500","Stress reduction through binaural beats? The effect of an alpha-stimulation treatment on the psycho-physiological relaxation response; [Stressreduktion durch binaurale stimulation? Eine experimentelle untersuchung zum effekt einer alpha-stimulation auf die psychophysiologische entspannungsreaktion]","2015","Zeitschrift fur Neuropsychologie","26","4","","239","248","9","1","10.1024/1016-264X/a000155","https://www.scopus.com/inward/record.uri?eid=2-s2.0-84952795703&doi=10.1024%2f1016-264X%2fa000155&partnerID=40&md5=b9ab120785de904cfa493d70821d75de","Article","Final","","Scopus","2-s2.0-84952795703"
"Bonnard D.; Micheyl C.; Semal C.; Dauman R.; Demany L.","Bonnard, Damien (54883331900); Micheyl, Christophe (7003276084); Semal, Catherine (6603001202); Dauman, René (7004908336); Demany, Laurent (7003863102)","54883331900; 7003276084; 6603001202; 7004908336; 7003863102","Auditory discrimination of frequency ratios: The octave singularity","2013","Journal of Experimental Psychology: Human Perception and Performance","39","3","","788","801","13","9","10.1037/a0030095","https://www.scopus.com/inward/record.uri?eid=2-s2.0-84881118437&doi=10.1037%2fa0030095&partnerID=40&md5=ca1b311f3ea280405bf0a000dd5e72ed","Article","Final","All Open Access; Green Open Access","Scopus","2-s2.0-84881118437"
"Poelmans H.; Luts H.; Vandermosten M.; Boets B.; Ghesquière P.; Wouters J.","Poelmans, Hanne (9632404100); Luts, Heleen (6602895606); Vandermosten, Maaike (36133982600); Boets, Bart (10043925700); Ghesquière, Pol (6701336765); Wouters, Jan (7102732105)","9632404100; 6602895606; 36133982600; 10043925700; 6701336765; 7102732105","Reduced sensitivity to slow-rate dynamic auditory information in children with dyslexia","2011","Research in Developmental Disabilities","32","6","","2810","2819","9","55","10.1016/j.ridd.2011.05.025","https://www.scopus.com/inward/record.uri?eid=2-s2.0-80053631366&doi=10.1016%2fj.ridd.2011.05.025&partnerID=40&md5=15a6a8418c0358930bfeb7f5371ee160","Article","Final","All Open Access; Green Open Access","Scopus","2-s2.0-80053631366"
"Mottaz A.; Corbet T.; Doganci N.; Magnin C.; Nicolo P.; Schnider A.; Guggisberg A.G.","Mottaz, Anaïs (36015613700); Corbet, Tiffany (56458676500); Doganci, Naz (57195660918); Magnin, Cécile (56458388200); Nicolo, Pierre (56520148400); Schnider, Armin (7006135292); Guggisberg, Adrian G. (6701834846)","36015613700; 56458676500; 57195660918; 56458388200; 56520148400; 7006135292; 6701834846","Modulating functional connectivity after stroke with neurofeedback: Effect on motor deficits in a controlled cross-over study","2018","NeuroImage: Clinical","20","","","336","346","10","48","10.1016/j.nicl.2018.07.029","https://www.scopus.com/inward/record.uri?eid=2-s2.0-85051103060&doi=10.1016%2fj.nicl.2018.07.029&partnerID=40&md5=a9fce9e2e0ce0b8ab3db40d5a0776343","Article","Final","All Open Access; Gold Open Access","Scopus","2-s2.0-85051103060"
"Vigil J.; Tataryn L.","Vigil, Javier (57201763485); Tataryn, Lisa (57201763809)","57201763485; 57201763809","Neurotherapies and Alzheimer's: A protocol-oriented review","2017","NeuroRegulation","4","2","","79","94","15","4","10.15540/nr.4.2.79","https://www.scopus.com/inward/record.uri?eid=2-s2.0-85046056167&doi=10.15540%2fnr.4.2.79&partnerID=40&md5=61173f74c1ff01cfce64c35451714189","Article","Final","All Open Access; Gold Open Access","Scopus","2-s2.0-85046056167"
"Mikicin M.; Kowalczyk M.","Mikicin, Mirosław (55256185900); Kowalczyk, Marek (59266696800)","55256185900; 59266696800","Audio-Visual and Autogenic Relaxation Alter Amplitude of Alpha EEG Band, Causing Improvements in Mental Work Performance in Athletes","2015","Applied Psychophysiology Biofeedback","40","3","","219","227","8","25","10.1007/s10484-015-9290-0","https://www.scopus.com/inward/record.uri?eid=2-s2.0-84938966784&doi=10.1007%2fs10484-015-9290-0&partnerID=40&md5=df2a023f5b2947b78b8e4c2ef539655e","Article","Final","","Scopus","2-s2.0-84938966784"
"Tomaschek F.; Truckenbrodt H.; Hertrich I.","Tomaschek, Fabian (55550670300); Truckenbrodt, Hubert (7005293107); Hertrich, Ingo (7003639605)","55550670300; 7005293107; 7003639605","Neural processing of acoustic duration and phonological German vowel length: Time courses of evoked fields in response to speech and nonspeech signals","2013","Brain and Language","124","1","","117","131","14","4","10.1016/j.bandl.2012.11.011","https://www.scopus.com/inward/record.uri?eid=2-s2.0-84872098837&doi=10.1016%2fj.bandl.2012.11.011&partnerID=40&md5=9ca0c2111a04885b07f92b9b1d780c4b","Article","Final","","Scopus","2-s2.0-84872098837"
"Noda T.; Amemiya T.; Shiramatsu T.I.; Takahashi H.","Noda, Takahiro (35761385300); Amemiya, Tomoki (56814408100); Shiramatsu, Tomoyo I. (55839494200); Takahashi, Hirokazu (55711761700)","35761385300; 56814408100; 55839494200; 55711761700","Stimulus phase locking of cortical oscillations for rhythmic tone sequences in rats","2017","Frontiers in Neural Circuits","11","","2","","","","15","10.3389/fncir.2017.00002","https://www.scopus.com/inward/record.uri?eid=2-s2.0-85014003721&doi=10.3389%2ffncir.2017.00002&partnerID=40&md5=4d92bb78c5b4ad0f267900eb2f16779e","Article","Final","All Open Access; Gold Open Access","Scopus","2-s2.0-85014003721"
"Gao X.; Cao H.; Ming D.; Qi H.; Wang X.; Wang X.; Chen R.; Zhou P.","Gao, Xiang (55686405900); Cao, Hongbao (15842907600); Ming, Dong (9745824400); Qi, Hongzhi (7202348852); Wang, Xuemin (55736807800); Wang, Xiaolu (55981070800); Chen, Runge (56412255500); Zhou, Peng (35345895800)","55686405900; 15842907600; 9745824400; 7202348852; 55736807800; 55981070800; 56412255500; 35345895800","Analysis of EEG activity in response to binaural beats with different frequencies","2014","International Journal of Psychophysiology","94","3","","399","406","7","108","10.1016/j.ijpsycho.2014.10.010","https://www.scopus.com/inward/record.uri?eid=2-s2.0-84909997541&doi=10.1016%2fj.ijpsycho.2014.10.010&partnerID=40&md5=d3b0183259fbb727c89ed54f7e14fa6e","Article","Final","","Scopus","2-s2.0-84909997541"
"Heil P.; Peterson A.J.","Heil, Peter (7004708539); Peterson, Adam J. (56402547500)","7004708539; 56402547500","Spike timing in auditory-nerve fibers during spontaneous activity and phase locking","2017","Synapse","71","1","","5","36","31","31","10.1002/syn.21925","https://www.scopus.com/inward/record.uri?eid=2-s2.0-84981725081&doi=10.1002%2fsyn.21925&partnerID=40&md5=b123e2ed7add1b26e20d349423729f0d","Review","Final","","Scopus","2-s2.0-84981725081"
"Grube M.; Cooper F.E.; Kumar S.; Kelly T.; Griffiths T.D.","Grube, Manon (23979920500); Cooper, Freya E. (36185150400); Kumar, Sukhbinder (7405772355); Kelly, Tom (7403230643); Griffiths, Timothy D. (7102183421)","23979920500; 36185150400; 7405772355; 7403230643; 7102183421","Exploring the role of auditory analysis in atypical compared to typical language development","2014","Hearing Research","308","","","129","140","11","13","10.1016/j.heares.2013.09.015","https://www.scopus.com/inward/record.uri?eid=2-s2.0-84892373201&doi=10.1016%2fj.heares.2013.09.015&partnerID=40&md5=d4782f8d0a6d032f04c497526864cfc6","Article","Final","All Open Access; Green Open Access; Hybrid Gold Open Access","Scopus","2-s2.0-84892373201"
"Rosen M.J.; Semple M.N.; Sanes D.H.","Rosen, Merri J. (7401478107); Semple, Malcolm N. (7006478140); Sanes, Dan H. (7005743550)","7401478107; 7006478140; 7005743550","Exploiting development to evaluate auditory encoding of amplitude modulation","2010","Journal of Neuroscience","30","46","","15509","15520","11","30","10.1523/JNEUROSCI.3340-10.2010","https://www.scopus.com/inward/record.uri?eid=2-s2.0-78449250792&doi=10.1523%2fJNEUROSCI.3340-10.2010&partnerID=40&md5=2fc27e9c806234f1f586e399bfef363c","Article","Final","All Open Access; Green Open Access; Hybrid Gold Open Access","Scopus","2-s2.0-78449250792"
"Winkler I.","Winkler, István (7005181666)","7005181666","Complex first, simple later: Higher-order auditory capabilities in preverbal infants; [Elobb az összetett, késobb az egyszeru: Csecsemok magasabb szintu hangfeldolgozási képességei a beszédértés elotti idoszakban]","2015","Magyar Pszichologiai Szemle","70","4","","675","721","46","0","10.1556/0016.2015.70.4.1","https://www.scopus.com/inward/record.uri?eid=2-s2.0-84955061333&doi=10.1556%2f0016.2015.70.4.1&partnerID=40&md5=2725618d4b66821ec502e9c8070e6bab","Review","Final","","Scopus","2-s2.0-84955061333"
"Kraus J.; Porubanová M.","Kraus, Jakub (57201692434); Porubanová, Michaela (36718265800)","57201692434; 36718265800","The effect of binaural beats on working memory capacity","2015","Studia Psychologica","57","2","","135","145","10","33","10.21909/sp.2015.02.689","https://www.scopus.com/inward/record.uri?eid=2-s2.0-85020484841&doi=10.21909%2fsp.2015.02.689&partnerID=40&md5=9adf71a17cdeb6bc08ad589003a21a65","Article","Final","All Open Access; Bronze Open Access; Green Open Access","Scopus","2-s2.0-85020484841"
"Malone B.J.; Scott B.H.; Semple M.N.","Malone, Brian J. (7006388400); Scott, Brian H. (7403293433); Semple, Malcolm N. (7006478140)","7006388400; 7403293433; 7006478140","Temporal codes for amplitude contrast in auditory cortex","2010","Journal of Neuroscience","30","2","","767","784","17","45","10.1523/JNEUROSCI.4170-09.2010","https://www.scopus.com/inward/record.uri?eid=2-s2.0-74949135745&doi=10.1523%2fJNEUROSCI.4170-09.2010&partnerID=40&md5=f8064a7eb5ea8f5807b081c826b414d6","Article","Final","All Open Access; Green Open Access; Hybrid Gold Open Access","Scopus","2-s2.0-74949135745"
"Carey D.; Rosen S.; Krishnan S.; Pearce M.T.; Shepherd A.; Aydelott J.; Dick F.","Carey, Daniel (56414248300); Rosen, Stuart (7401609413); Krishnan, Saloni (55630793700); Pearce, Marcus T. (8674558800); Shepherd, Alex (57214816709); Aydelott, Jennifer (6701434686); Dick, Frederic (14522185400)","56414248300; 7401609413; 55630793700; 8674558800; 57214816709; 6701434686; 14522185400","Generality and specificity in the effects of musical expertise on perception and cognition","2015","Cognition","137","","","81","105","24","49","10.1016/j.cognition.2014.12.005","https://www.scopus.com/inward/record.uri?eid=2-s2.0-84921448611&doi=10.1016%2fj.cognition.2014.12.005&partnerID=40&md5=d1029866d9e6ff85f88e4419a3db5909","Article","Final","All Open Access; Green Open Access","Scopus","2-s2.0-84921448611"
"Bidelman G.M.; Villafuerte J.W.; Moreno S.; Alain C.","Bidelman, Gavin M. (26325449700); Villafuerte, Joshua W. (56190291500); Moreno, Sylvain (14020064700); Alain, Claude (7006562076)","26325449700; 56190291500; 14020064700; 7006562076","Age-related changes in the subcortical-cortical encoding and categorical perception of speech","2014","Neurobiology of Aging","35","11","","2526","2540","14","149","10.1016/j.neurobiolaging.2014.05.006","https://www.scopus.com/inward/record.uri?eid=2-s2.0-84922927866&doi=10.1016%2fj.neurobiolaging.2014.05.006&partnerID=40&md5=23f2bba31bcd39e694dd960d422860c1","Article","Final","","Scopus","2-s2.0-84922927866"
"Schulz A.; Reichert C.F.; Richter S.; Lass-Hennemann J.; Blumenthal T.D.; Schächinger H.","Schulz, André (36190061000); Reichert, Carolin F. (58709069500); Richter, Steffen (24176344500); Lass-Hennemann, Johanna (24175633200); Blumenthal, Terry D. (7004852473); Schächinger, Hartmut (7005251337)","36190061000; 58709069500; 24176344500; 24175633200; 7004852473; 7005251337","Cardiac modulation of startle: Effects on eye blink and higher cognitive processing","2009","Brain and Cognition","71","3","","265","271","6","34","10.1016/j.bandc.2009.08.002","https://www.scopus.com/inward/record.uri?eid=2-s2.0-70350341511&doi=10.1016%2fj.bandc.2009.08.002&partnerID=40&md5=99b98776653bc1dfd9a3c71f51731818","Article","Final","","Scopus","2-s2.0-70350341511"
"Caras M.L.","Caras, Melissa L. (24176616200)","24176616200","Estrogenic modulation of auditory processing: A vertebrate comparison","2013","Frontiers in Neuroendocrinology","34","4","","285","299","14","69","10.1016/j.yfrne.2013.07.006","https://www.scopus.com/inward/record.uri?eid=2-s2.0-84884590518&doi=10.1016%2fj.yfrne.2013.07.006&partnerID=40&md5=c891c3392b34140020d8520fad838478","Review","Final","All Open Access; Green Open Access","Scopus","2-s2.0-84884590518"
"Paraouty N.; Lorenzi C.","Paraouty, Nihaad (57190187643); Lorenzi, Christian (57204297040)","57190187643; 57204297040","Using individual differences to assess modulation-processing mechanisms and age effects","2017","Hearing Research","344","","","38","49","11","15","10.1016/j.heares.2016.10.024","https://www.scopus.com/inward/record.uri?eid=2-s2.0-85013995347&doi=10.1016%2fj.heares.2016.10.024&partnerID=40&md5=c766938edad1a4766c347395460d6e54","Article","Final","","Scopus","2-s2.0-85013995347"
"Vernon D.; Peryer G.; Louch J.; Shaw M.","Vernon, D. (55762913500); Peryer, G. (8944272600); Louch, J. (55443786700); Shaw, M. (57199934499)","55762913500; 8944272600; 55443786700; 57199934499","Tracking EEG changes in response to alpha and beta binaural beats","2014","International Journal of Psychophysiology","93","1","","134","139","5","67","10.1016/j.ijpsycho.2012.10.008","https://www.scopus.com/inward/record.uri?eid=2-s2.0-84904723547&doi=10.1016%2fj.ijpsycho.2012.10.008&partnerID=40&md5=8eb2a449e3ee9e1785d3c9154968ad48","Article","Final","","Scopus","2-s2.0-84904723547"
"Weisz J.R.; Kuppens S.; Ng M.Y.; Eckshtain D.; Ugueto A.M.; Vaughn-Coaxum R.; Jensen-Doss A.; Hawley K.M.; Krumholz Marchette L.S.; Chu B.C.; Robin Weersing V.; Fordwood S.R.","Weisz, John R. (7103307781); Kuppens, Sofie (12345362800); Ng, Mei Yi (42061987900); Eckshtain, Dikla (35172886400); Ugueto, Ana M. (21735665600); Vaughn-Coaxum, Rachel (56741486300); Jensen-Doss, Amanda (8782873000); Hawley, Kristin M. (6701710319); Krumholz Marchette, Lauren S. (57193386930); Chu, Brian C. (7202962717); Robin Weersing, V. (6602909290); Fordwood, Samantha R. (21734295000)","7103307781; 12345362800; 42061987900; 35172886400; 21735665600; 56741486300; 8782873000; 6701710319; 57193386930; 7202962717; 6602909290; 21734295000","What five decades of research tells us about the effects of youth psychological therapy: A multilevel meta-analysis and implications for science and practice","2017","American Psychologist","72","2","","79","117","38","517","10.1037/a0040360","https://www.scopus.com/inward/record.uri?eid=2-s2.0-85013418986&doi=10.1037%2fa0040360&partnerID=40&md5=288049e3cc2e1a50e623ce2d72adb9b0","Article","Final","All Open Access; Hybrid Gold Open Access","Scopus","2-s2.0-85013418986"
"Winkler I.; Schröger E.","Winkler, István (7005181666); Schröger, Erich (7005187198)","7005181666; 7005187198","Auditory perceptual objects as generative models: Setting the stage for communication by sound","2015","Brain and Language","148","","","1","22","21","65","10.1016/j.bandl.2015.05.003","https://www.scopus.com/inward/record.uri?eid=2-s2.0-84937050069&doi=10.1016%2fj.bandl.2015.05.003&partnerID=40&md5=a8add6ec2bb89ed258fe8189366804e7","Article","Final","All Open Access; Hybrid Gold Open Access","Scopus","2-s2.0-84937050069"
"Goldwyn J.H.; Mc Laughlin M.; Verschooten E.; Joris P.X.; Rinzel J.","Goldwyn, Joshua H. (35602965100); Mc Laughlin, Myles (23005133500); Verschooten, Eric (36545493100); Joris, Philip X. (6603871964); Rinzel, John (7005383140)","35602965100; 23005133500; 36545493100; 6603871964; 7005383140","A model of the medial superior olive explains spatiotemporal features of local field potentials","2014","Journal of Neuroscience","34","35","","11705","11722","17","13","10.1523/JNEUROSCI.0175-14.2014","https://www.scopus.com/inward/record.uri?eid=2-s2.0-84906537162&doi=10.1523%2fJNEUROSCI.0175-14.2014&partnerID=40&md5=bd86f87083954df0fae07fb8a84253e5","Article","Final","All Open Access; Hybrid Gold Open Access","Scopus","2-s2.0-84906537162"
"Palanca-Castan N.; Köppl C.","Palanca-Castan, Nicolas (56734536400); Köppl, Christine (7004671795)","56734536400; 7004671795","Change in the coding of interaural time difference along the tonotopic axis of the chicken nucleus laminaris","2015","Frontiers in Neural Circuits","9","AUGUST","43","","","14","13","10.3389/fncir.2015.00043","https://www.scopus.com/inward/record.uri?eid=2-s2.0-84940994392&doi=10.3389%2ffncir.2015.00043&partnerID=40&md5=d1caff0387bd1b786b12fe3e049c90d4","Article","Final","All Open Access; Gold Open Access; Green Open Access","Scopus","2-s2.0-84940994392"
"Marcomini R.S.; Frizzo A.C.F.; De Góes V.B.; Regaçone S.F.; Garner D.M.; Raimundo R.D.; Oliveira F.R.; Valenti V.E.","Marcomini, Renata S. (55894490700); Frizzo, Ana Claúdia F. (6602739293); De Góes, Viviane B. (57203952120); Regaçone, Simone F. (56166008900); Garner, David M. (56034060000); Raimundo, Rodrigo D. (55491458200); Oliveira, Fernando R. (55615211300); Valenti, Vitor E. (26041072400)","55894490700; 6602739293; 57203952120; 56166008900; 56034060000; 55491458200; 55615211300; 26041072400","Association between heart rhythm and cortical sound processing","2018","Journal of Integrative Neuroscience","17","3-4","","425","438","13","3","10.3233/JIN-180079","https://www.scopus.com/inward/record.uri?eid=2-s2.0-85053733251&doi=10.3233%2fJIN-180079&partnerID=40&md5=95e3e2809974d9bc1fbdbe078954a049","Article","Final","All Open Access; Gold Open Access","Scopus","2-s2.0-85053733251"
"Houot B.; Burkland R.; Tripathy S.; Daly K.C.","Houot, Benjamin (8557667500); Burkland, Rex (56208843800); Tripathy, Shreejoy (37035281000); Daly, Kevin C. (54790586500)","8557667500; 56208843800; 37035281000; 54790586500","Antennal lobe representations are optimized when olfactory stimuli are periodically structured to simulate natural wing beat effects","2014","Frontiers in Cellular Neuroscience","8","JUN","159","","","","9","10.3389/fncel.2014.00159","https://www.scopus.com/inward/record.uri?eid=2-s2.0-84902584080&doi=10.3389%2ffncel.2014.00159&partnerID=40&md5=7bd37665fd12d7ffbcf1330811b1ea3b","Article","Final","All Open Access; Gold Open Access","Scopus","2-s2.0-84902584080"
"Miller C.; Ying L.; Yuanyuan L.; Jinhui Z.; Bingbing W.; Ying Z.","Miller, Clint (56100160600); Ying, Li (35742574800); Yuanyuan, Liang (57212456179); Jinhui, Zhang (59311954100); Bingbing, Wu (59264966300); Ying, Zhang (57205846096)","56100160600; 35742574800; 57212456179; 59311954100; 59264966300; 57205846096","Group wisdom and omnaural perception: Discovering frequency differences by averaging the retrospective time estimates of listeners","2014","International Journal of Bio-Science and Bio-Technology","6","1","","145","154","9","0","10.14257/ijbsbt.2014.6.1.16","https://www.scopus.com/inward/record.uri?eid=2-s2.0-84897649383&doi=10.14257%2fijbsbt.2014.6.1.16&partnerID=40&md5=d0c7e091af692dd5b843b6e72ea25e8e","Article","Final","All Open Access; Bronze Open Access","Scopus","2-s2.0-84897649383"
"Clinard C.G.; Cotter C.M.","Clinard, Christopher G. (35222952800); Cotter, Caitlin M. (56548488400)","35222952800; 56548488400","Neural representation of dynamic frequency is degraded in older adults","2015","Hearing Research","323","","","91","98","7","36","10.1016/j.heares.2015.02.002","https://www.scopus.com/inward/record.uri?eid=2-s2.0-84924658122&doi=10.1016%2fj.heares.2015.02.002&partnerID=40&md5=2f8959cf0edf8c9a45cf2efb65126672","Article","Final","","Scopus","2-s2.0-84924658122"
"Zuk N.; Delgutte B.","Zuk, Nathaniel (57195071593); Delgutte, Bertrand (6701766119)","57195071593; 6701766119","Neural coding of time-varying interaural time differences and time-varying amplitude in the inferior colliculus","2017","Journal of Neurophysiology","118","1","","544","563","19","5","10.1152/jn.00797.2016","https://www.scopus.com/inward/record.uri?eid=2-s2.0-85025122763&doi=10.1152%2fjn.00797.2016&partnerID=40&md5=57d66f1b0379b97334045d1ee44b8696","Article","Final","All Open Access; Bronze Open Access","Scopus","2-s2.0-85025122763"
"Chaieb L.; Wilpert E.C.; Hoppe C.; Axmacher N.; Fell J.","Chaieb, Leila (23567434900); Wilpert, Elke C. (56674777300); Hoppe, Christian (35554218700); Axmacher, Nikolai (12789219500); Fell, Juergen (7103322403)","23567434900; 56674777300; 35554218700; 12789219500; 7103322403","The impact of monaural beat stimulation on anxiety and cognition","2017","Frontiers in Human Neuroscience","11","","251","","","","21","10.3389/fnhum.2017.00251","https://www.scopus.com/inward/record.uri?eid=2-s2.0-85022214239&doi=10.3389%2ffnhum.2017.00251&partnerID=40&md5=9c9dcc9861f882716a3e35faf0386b2f","Article","Final","All Open Access; Gold Open Access; Green Open Access","Scopus","2-s2.0-85022214239"
"Poikonen H.; Alluri V.; Brattico E.; Lartillot O.; Tervaniemi M.; Huotilainen M.","Poikonen, H. (55497880800); Alluri, V. (35408730400); Brattico, E. (6603399835); Lartillot, O. (6507137446); Tervaniemi, M. (7004406517); Huotilainen, M. (56187714600)","55497880800; 35408730400; 6603399835; 6507137446; 7004406517; 56187714600","Event-related brain responses while listening to entire pieces of music","2016","Neuroscience","312","","","58","73","15","45","10.1016/j.neuroscience.2015.10.061","https://www.scopus.com/inward/record.uri?eid=2-s2.0-84947780296&doi=10.1016%2fj.neuroscience.2015.10.061&partnerID=40&md5=5562ecb622586806432e6ef0f06962c8","Article","Final","","Scopus","2-s2.0-84947780296"
"Otsuka S.; Furukawa S.; Yamagishi S.; Hirota K.; Kashino M.","Otsuka, Sho (57057124600); Furukawa, Shigeto (7401638726); Yamagishi, Shimpei (56018661200); Hirota, Koich (56020956400); Kashino, Makio (6603785760)","57057124600; 7401638726; 56018661200; 56020956400; 6603785760","Relation Between Cochlear Mechanics and Performance of Temporal Fine Structure-Based Tasks","2016","JARO - Journal of the Association for Research in Otolaryngology","17","6","","541","557","16","7","10.1007/s10162-016-0581-9","https://www.scopus.com/inward/record.uri?eid=2-s2.0-84986270368&doi=10.1007%2fs10162-016-0581-9&partnerID=40&md5=96f64dfd892134c413bd797de5499e16","Article","Final","All Open Access; Green Open Access","Scopus","2-s2.0-84986270368"
"Ronconi L.; Pincham H.L.; Szűcs D.; Facoetti A.","Ronconi, Luca (55734348233); Pincham, Hannah L. (35311759600); Szűcs, Dénes (57204253088); Facoetti, Andrea (7003318447)","55734348233; 35311759600; 57204253088; 7003318447","Inducing attention not to blink: auditory entrainment improves conscious visual processing","2016","Psychological Research","80","5","","774","784","10","19","10.1007/s00426-015-0691-8","https://www.scopus.com/inward/record.uri?eid=2-s2.0-84937825569&doi=10.1007%2fs00426-015-0691-8&partnerID=40&md5=cabeed25fc1f6a092947d63d4e5dc729","Article","Final","","Scopus","2-s2.0-84937825569"
"Szabó G.; Drótos G.; Szabó C.","Szabó, Gergely (58121236100); Drótos, Gergely (54795160400); Szabó, Csaba (35987654400)","58121236100; 54795160400; 35987654400","The effects of the expectation and sound stimuli on the subjective experiences of binaural beat listening; [Az elvárások és a hanginger szerepe a binaurális ütemek hallgatása során átélt szubjektív élményekre]","2015","Magyar Pszichologiai Szemle","70","4","","769","785","16","1","10.1556/0016.2015.70.4.4","https://www.scopus.com/inward/record.uri?eid=2-s2.0-84955124242&doi=10.1556%2f0016.2015.70.4.4&partnerID=40&md5=7c024878c66ced7dd0af810c6ff05a5d","Review","Final","All Open Access; Green Open Access","Scopus","2-s2.0-84955124242"
"Neff P.; Michels J.; Meyer M.; Schecklmann M.; Langguth B.; Schlee W.","Neff, Patrick (57215041697); Michels, Jakob (57194415659); Meyer, Martin (7403185338); Schecklmann, Martin (22935795700); Langguth, Berthold (6602352583); Schlee, Winfried (22836015100)","57215041697; 57194415659; 7403185338; 22935795700; 6602352583; 22836015100","10 Hz amplitude modulated sounds induce short-term tinnitus suppression","2017","Frontiers in Aging Neuroscience","9","MAY","130","","","","23","10.3389/fnagi.2017.00130","https://www.scopus.com/inward/record.uri?eid=2-s2.0-85019998555&doi=10.3389%2ffnagi.2017.00130&partnerID=40&md5=620026762c5f0f8134fb149f59feb09a","Article","Final","All Open Access; Gold Open Access; Green Open Access","Scopus","2-s2.0-85019998555"
"Fujioka T.; Zendel B.R.; Ross B.","Fujioka, Takako (7201953206); Zendel, Benjamin Rich (6506586820); Ross, Bernhard (35547457600)","7201953206; 6506586820; 35547457600","Endogenous neuromagnetic activity for mental hierarchy of timing","2010","Journal of Neuroscience","30","9","","3458","3466","8","72","10.1523/JNEUROSCI.3086-09.2010","https://www.scopus.com/inward/record.uri?eid=2-s2.0-77749336672&doi=10.1523%2fJNEUROSCI.3086-09.2010&partnerID=40&md5=d14c05388d913a3c9cd463685f42d77a","Article","Final","All Open Access; Hybrid Gold Open Access","Scopus","2-s2.0-77749336672"
"Stone M.A.; Moore B.C.J.","Stone, Michael A. (7402472908); Moore, Brian C.J. (57203291320)","7402472908; 57203291320","Amplitude-modulation detection by recreational-noise-exposed humans with near-normal hearing thresholds and its medium-term progression","2014","Hearing Research","317","","","50","62","12","20","10.1016/j.heares.2014.09.005","https://www.scopus.com/inward/record.uri?eid=2-s2.0-84908349471&doi=10.1016%2fj.heares.2014.09.005&partnerID=40&md5=9394376bff13f3b7983545ac980fdc48","Article","Final","All Open Access; Green Open Access; Hybrid Gold Open Access","Scopus","2-s2.0-84908349471"
"Teng X.; Tian X.; Rowland J.; Poeppel D.","Teng, Xiangbin (57196478343); Tian, Xing (36932831000); Rowland, Jess (56443583900); Poeppel, David (7003791677)","57196478343; 36932831000; 56443583900; 7003791677","Concurrent temporal channels for auditory processing: Oscillatory neural entrainment reveals segregation of function at different scales","2017","PLoS Biology","15","11","e2000812","","","","66","10.1371/journal.pbio.2000812","https://www.scopus.com/inward/record.uri?eid=2-s2.0-85033583444&doi=10.1371%2fjournal.pbio.2000812&partnerID=40&md5=b270432bfb9346ffa5ace8286cf74e48","Article","Final","All Open Access; Gold Open Access; Green Open Access","Scopus","2-s2.0-85033583444"
"Chakalov I.; Paraskevopoulos E.; Wollbrink A.; Pantev C.","Chakalov, Ivan (25221116900); Paraskevopoulos, Evangelos (36008936800); Wollbrink, Andreas (8422445800); Pantev, Christo (7006686791)","25221116900; 36008936800; 8422445800; 7006686791","Mismatch negativity to acoustical illusion of beat: How and where the change detection takes place?","2014","NeuroImage","100","","","337","346","9","10","10.1016/j.neuroimage.2014.06.026","https://www.scopus.com/inward/record.uri?eid=2-s2.0-84904041600&doi=10.1016%2fj.neuroimage.2014.06.026&partnerID=40&md5=06bb80d6d84167013efefe8a1cd8cf8c","Article","Final","","Scopus","2-s2.0-84904041600"
"Moss C.F.; Surlykke A.","Moss, Cynthia F. (7202192715); Surlykke, Annemarie (6701555597)","7202192715; 6701555597","Probing the natural scene by echolocation in bats","2010","Frontiers in Behavioral Neuroscience","4","AUG","33","","","","142","10.3389/fnbeh.2010.00033","https://www.scopus.com/inward/record.uri?eid=2-s2.0-84878988934&doi=10.3389%2ffnbeh.2010.00033&partnerID=40&md5=66463525895201e8ee6b722b834f3a32","Review","Final","All Open Access; Gold Open Access; Green Open Access","Scopus","2-s2.0-84878988934"
"Hulusic V.; Harvey C.; Debattista K.; Tsingos N.; Walker S.; Howard D.; Chalmers A.","Hulusic, Vedad (36091134400); Harvey, Carlo (48761392600); Debattista, Kurt (10240295400); Tsingos, Nicolas (6603135889); Walker, Steve (55758688700); Howard, David (7202304897); Chalmers, Alan (7102938771)","36091134400; 48761392600; 10240295400; 6603135889; 55758688700; 7202304897; 7102938771","Acoustic rendering and auditory-visual cross-modal perception and interaction","2012","Computer Graphics Forum","31","1","","102","131","29","47","10.1111/j.1467-8659.2011.02086.x","https://www.scopus.com/inward/record.uri?eid=2-s2.0-84872310476&doi=10.1111%2fj.1467-8659.2011.02086.x&partnerID=40&md5=80e9c5e17ac6e3fb5e6e8702579bc1f5","Article","Final","All Open Access; Bronze Open Access; Green Open Access","Scopus","2-s2.0-84872310476"
"Jongkees B.J.; Colzato L.S.","Jongkees, Bryant J. (55973132600); Colzato, Lorenza S. (6507926993)","55973132600; 6507926993","Spontaneous eye blink rate as predictor of dopamine-related cognitive function—A review","2016","Neuroscience and Biobehavioral Reviews","71","","","58","82","24","203","10.1016/j.neubiorev.2016.08.020","https://www.scopus.com/inward/record.uri?eid=2-s2.0-84984820310&doi=10.1016%2fj.neubiorev.2016.08.020&partnerID=40&md5=29fb35fd50554263203cad3f9f2343a8","Review","Final","","Scopus","2-s2.0-84984820310"
"Briggs L.; Stroud P.C.","Briggs, Lyndall (57213881460); Stroud, Peter C. (57195313476)","57213881460; 57195313476","Mental messages: The bridge between hypnotherapy, counselling and neuro-technology","2015","Australian Journal of Clinical Hypnotherapy and Hypnosis","37","1","","3","21","18","0","","https://www.scopus.com/inward/record.uri?eid=2-s2.0-85027069784&partnerID=40&md5=9e84646c68486e7595daf4c1d05da1a9","Article","Final","","Scopus","2-s2.0-85027069784"
"Canbeyli R.","Canbeyli, Resit (6602860509)","6602860509","Sensorimotor modulation of mood and depression: In search of an optimal mode of stimulation","2013","Frontiers in Human Neuroscience","","JUL","","","","","34","10.3389/fnhum.2013.00428","https://www.scopus.com/inward/record.uri?eid=2-s2.0-84933675804&doi=10.3389%2ffnhum.2013.00428&partnerID=40&md5=0627038a304a6ad490056ede67ae453f","Review","Final","All Open Access; Gold Open Access; Green Open Access","Scopus","2-s2.0-84933675804"
"Demany L.; Erviti M.; Semal C.","Demany, Laurent (7003863102); Erviti, Mayalen (41261327900); Semal, Catherine (6603001202)","7003863102; 41261327900; 6603001202","Auditory attention is divisible: Segregated tone streams can be tracked simultaneously","2015","Journal of Experimental Psychology: Human Perception and Performance","41","2","","356","363","7","8","10.1037/a0038932","https://www.scopus.com/inward/record.uri?eid=2-s2.0-84926409830&doi=10.1037%2fa0038932&partnerID=40&md5=0fd477d5cf3a7ed61095a2c56907f619","Article","Final","","Scopus","2-s2.0-84926409830"
"Schultz B.G.; Stevens C.J.; Keller P.E.; Tillmann B.","Schultz, Benjamin G. (55575373700); Stevens, Catherine J. (7402089327); Keller, Peter E. (58008087300); Tillmann, Barbara (7005560313)","55575373700; 7402089327; 58008087300; 7005560313","The implicit learning of metrical and nonmetrical temporal patterns","2013","Quarterly Journal of Experimental Psychology","66","2","","360","380","20","28","10.1080/17470218.2012.712146","https://www.scopus.com/inward/record.uri?eid=2-s2.0-84873166550&doi=10.1080%2f17470218.2012.712146&partnerID=40&md5=ed75b444641fff94542f93f62b2c8b9a","Article","Final","","Scopus","2-s2.0-84873166550"
"Wade N.J.","Wade, Nicholas J. (7102078776)","7102078776","The disparate histories of binocular vision and binaural hearing","2018","Journal of the History of the Neurosciences","27","1","","10","35","25","3","10.1080/0964704X.2017.1347389","https://www.scopus.com/inward/record.uri?eid=2-s2.0-85026741142&doi=10.1080%2f0964704X.2017.1347389&partnerID=40&md5=e4ac1c2520d4d0025e9727550fe93542","Article","Final","All Open Access; Green Open Access","Scopus","2-s2.0-85026741142"
"Füllgrabe C.; Moore B.C.J.; Stone M.A.","Füllgrabe, Christian (7801361811); Moore, Brian C. J. (57203291320); Stone, Michael A. (7402472908)","7801361811; 57203291320; 7402472908","Age-group differences in speech identification despite matched audiometrically normal hearing: Contributions from auditory temporal processing and cognition","2015","Frontiers in Aging Neuroscience","7","JAN","347","","","","364","10.3389/fnagi.2014.00347","https://www.scopus.com/inward/record.uri?eid=2-s2.0-84922477008&doi=10.3389%2ffnagi.2014.00347&partnerID=40&md5=0699696b1708e5f4c463031e7b5331d0","Article","Final","All Open Access; Gold Open Access; Green Open Access","Scopus","2-s2.0-84922477008"
"Sas C.; Chopra R.","Sas, Corina (9636939200); Chopra, Rohit (56814445100)","9636939200; 56814445100","MeditAid: a wearable adaptive neurofeedback-based system for training mindfulness state","2015","Personal and Ubiquitous Computing","19","7","","1169","1182","13","70","10.1007/s00779-015-0870-z","https://www.scopus.com/inward/record.uri?eid=2-s2.0-84942366348&doi=10.1007%2fs00779-015-0870-z&partnerID=40&md5=43d3c184eb04aa6bfe1226fe4e32d84f","Article","Final","","Scopus","2-s2.0-84942366348"
"Jirakittayakorn N.; Wongsawat Y.","Jirakittayakorn, Nantawachara (56520319500); Wongsawat, Yodchanan (17436183800)","56520319500; 17436183800","Brain responses to 40-Hz binaural beat and effects on emotion and memory","2017","International Journal of Psychophysiology","120","","","96","107","11","39","10.1016/j.ijpsycho.2017.07.010","https://www.scopus.com/inward/record.uri?eid=2-s2.0-85025834298&doi=10.1016%2fj.ijpsycho.2017.07.010&partnerID=40&md5=9d27f5b25d2dd8e8920dcb934d705f83","Article","Final","","Scopus","2-s2.0-85025834298"
"Holmes S.D.; Roberts B.","Holmes, Stephen D. (24306042700); Roberts, Brian (35312025800)","24306042700; 35312025800","The Influence of Adaptation and Inhibition on the Effects of Onset Asynchrony on Auditory Grouping","2011","Journal of Experimental Psychology: Human Perception and Performance","37","6","","1988","2000","12","1","10.1037/a0025642","https://www.scopus.com/inward/record.uri?eid=2-s2.0-83055188653&doi=10.1037%2fa0025642&partnerID=40&md5=995f4e7f0bcd01670009e2db9e68db7c","Article","Final","","Scopus","2-s2.0-83055188653"
"Suter S.E.; Huggenberger H.J.; Richter S.; Blumenthal T.D.; Schachinger H.","Suter, Susanne E. (16048583200); Huggenberger, Harriet J. (16047650200); Richter, Steffen (24176344500); Blumenthal, Terry D. (7004852473); Schachinger, Hartmut (7005251337)","16048583200; 16047650200; 24176344500; 7004852473; 7005251337","Left side cradling of an appetitive doll is associated with higher heart rate variability and attenuated startle in nulliparous females","2009","International Journal of Psychophysiology","74","1","","53","57","4","4","10.1016/j.ijpsycho.2009.07.002","https://www.scopus.com/inward/record.uri?eid=2-s2.0-69949086506&doi=10.1016%2fj.ijpsycho.2009.07.002&partnerID=40&md5=f34434111ec249bfc56878f2a325b195","Article","Final","","Scopus","2-s2.0-69949086506"
"Cowley B.; Filetti M.; Lukander K.; Torniainen J.; Henelius A.; Ahonen L.; Barral O.; Kosunen I.; Valtonen T.; Huotilainen M.; Ravaja N.; Jacucci G.","Cowley, Benjamin (14041084300); Filetti, Marco (55567622400); Lukander, Kristian (34976891300); Torniainen, Jari (55830606400); Henelius, Andreas (35774068800); Ahonen, Lauri (57170248700); Barral, Oswald (56159861600); Kosunen, Ilkka (34880239500); Valtonen, Teppo (56422047300); Huotilainen, Minna (56187714600); Ravaja, Niklas (6701727327); Jacucci, Giulio (56216682200)","14041084300; 55567622400; 34976891300; 55830606400; 35774068800; 57170248700; 56159861600; 34880239500; 56422047300; 56187714600; 6701727327; 56216682200","The psychophysiology primer: A guide to methods and a broad review with a focus on human-computer interaction","2016","Foundations and Trends in Human-Computer Interaction","9","3-4","","151","308","157","87","10.1561/1100000065","https://www.scopus.com/inward/record.uri?eid=2-s2.0-84994504552&doi=10.1561%2f1100000065&partnerID=40&md5=5199db08f93e990e2f7ca056090e99fe","Review","Final","","Scopus","2-s2.0-84994504552"
"Becher A.-K.; Höhne M.; Axmacher N.; Chaieb L.; Elger C.E.; Fell J.","Becher, Ann-Katrin (56888003400); Höhne, Marlene (56482949400); Axmacher, Nikolai (12789219500); Chaieb, Leila (23567434900); Elger, Christian E. (55945760400); Fell, Juergen (7103322403)","56888003400; 56482949400; 12789219500; 23567434900; 55945760400; 7103322403","Intracranial electroencephalography power and phase synchronization changes during monaural and binaural beat stimulation","2015","European Journal of Neuroscience","41","2","","254","263","9","61","10.1111/ejn.12760","https://www.scopus.com/inward/record.uri?eid=2-s2.0-84921022629&doi=10.1111%2fejn.12760&partnerID=40&md5=acfae2d4ff1449670c340fcd94a9033b","Article","Final","","Scopus","2-s2.0-84921022629"
"Korostenskaja M.; Ruksenas O.; Pipinis E.; Griskova-Bulanova I.","Korostenskaja, Milena (8584945700); Ruksenas, Osvaldas (6507424516); Pipinis, Evaldas (56968029100); Griskova-Bulanova, Inga (8386942500)","8584945700; 6507424516; 56968029100; 8386942500","Phase-locking index and power of 40-Hz auditory steady-state response are not related to major personality trait dimensions","2016","Experimental Brain Research","234","3","","711","719","8","8","10.1007/s00221-015-4494-3","https://www.scopus.com/inward/record.uri?eid=2-s2.0-84958059315&doi=10.1007%2fs00221-015-4494-3&partnerID=40&md5=76f22f3cb04681a97a00b4e66092f233","Article","Final","","Scopus","2-s2.0-84958059315"
"Cruceanu V.D.; Rotarescu V.S.","Cruceanu, Victor D. (55964910000); Rotarescu, Violeta S. (55965018900)","55964910000; 55965018900","Alpha brainwave entrainment as a cognitive performance activator","2013","Cognition, Brain, Behavior","17","3","","249","261","12","13","","https://www.scopus.com/inward/record.uri?eid=2-s2.0-84890371709&partnerID=40&md5=9de32dffa49160d567037642efd37896","Article","Final","","Scopus","2-s2.0-84890371709"
"Hsieh I.-H.; Saberi K.","Hsieh, I.-Hui (16642757700); Saberi, Kourosh (7004232931)","16642757700; 7004232931","Detection of spatial cues in linear and logarithmic frequency-modulated sweeps","2009","Attention, Perception, and Psychophysics","71","8","","1876","1889","13","6","10.3758/APP.71.8.1876","https://www.scopus.com/inward/record.uri?eid=2-s2.0-75549089694&doi=10.3758%2fAPP.71.8.1876&partnerID=40&md5=8f93864ab1134b7064d6500cce2b3421","Article","Final","All Open Access; Bronze Open Access","Scopus","2-s2.0-75549089694"
"López-Caballero F.; Escera C.","López-Caballero, Fran (57190737708); Escera, Carles (7004399275)","57190737708; 7004399275","Binaural beat: A failure to enhance EEG power and emotional arousal","2017","Frontiers in Human Neuroscience","11","","557","","","","41","10.3389/fnhum.2017.00557","https://www.scopus.com/inward/record.uri?eid=2-s2.0-85041003142&doi=10.3389%2ffnhum.2017.00557&partnerID=40&md5=007d6723eda0eb35ffe065884bbac389","Article","Final","All Open Access; Gold Open Access; Green Open Access","Scopus","2-s2.0-85041003142"
"Baghdadi G.; Nasrabadi A.M.","Baghdadi, Golnaz (23388674100); Nasrabadi, Ali Motie (57207832192)","23388674100; 57207832192","Comparison of different EEG features in estimation of hypnosis susceptibility level","2012","Computers in Biology and Medicine","42","5","","590","597","7","18","10.1016/j.compbiomed.2012.02.003","https://www.scopus.com/inward/record.uri?eid=2-s2.0-84859216518&doi=10.1016%2fj.compbiomed.2012.02.003&partnerID=40&md5=50d80957956cb08b82b04e3ab7f66d38","Article","Final","","Scopus","2-s2.0-84859216518"
"Coffey E.B.J.; Mogilever N.B.; Zatorre R.J.","Coffey, Emily B.J. (35781639300); Mogilever, Nicolette B. (57193425446); Zatorre, Robert J. (7006534581)","35781639300; 57193425446; 7006534581","Speech-in-noise perception in musicians: A review","2017","Hearing Research","352","","","49","69","20","101","10.1016/j.heares.2017.02.006","https://www.scopus.com/inward/record.uri?eid=2-s2.0-85013856213&doi=10.1016%2fj.heares.2017.02.006&partnerID=40&md5=697313f53f70e84e78dfee83d03203ba","Review","Final","","Scopus","2-s2.0-85013856213"
"O’Rourke P.; Haarmann H.J.; George T.; Smaliy A.; Grunewald K.; Dien J.","O’Rourke, Polly (57214279413); Haarmann, Henk J. (6701853424); George, Tim (57191375826); Smaliy, Alexei (55869669700); Grunewald, Kristin (55869733300); Dien, Joseph (6701797590)","57214279413; 6701853424; 57191375826; 55869669700; 55869733300; 6701797590","Hemispheric alpha asymmetry and self-rated originality of ideas","2015","Laterality","20","6","","685","698","13","1","10.1080/1357650X.2015.1037309","https://www.scopus.com/inward/record.uri?eid=2-s2.0-84940459280&doi=10.1080%2f1357650X.2015.1037309&partnerID=40&md5=782d02eaadc4152b350a2973c16e549a","Article","Final","","Scopus","2-s2.0-84940459280"
"Francart T.; Lenssen A.; Wouters J.","Francart, Tom (23388744300); Lenssen, Anneke (36967545600); Wouters, Jan (7102732105)","23388744300; 36967545600; 7102732105","Sensitivity of bimodal listeners to interaural time differences with modulated single- and multiple-channel stimuli","2011","Audiology and Neurotology","16","2","","82","92","10","18","10.1159/000313329","https://www.scopus.com/inward/record.uri?eid=2-s2.0-79151484283&doi=10.1159%2f000313329&partnerID=40&md5=a7319d64a13410193d693570eabc9b5c","Article","Final","","Scopus","2-s2.0-79151484283"
"Ono K.; Yamasaki D.; Altmann C.F.; Mima T.","Ono, Kentaro (55182673000); Yamasaki, Daiki (57221631023); Altmann, Christian F. (7005442015); Mima, Tatsuya (7006327417)","55182673000; 57221631023; 7005442015; 7006327417","The effect of illusionary perception on mismatch negativity (MMN): An electroencephalography study","2017","Hearing Research","356","","","87","92","5","3","10.1016/j.heares.2017.10.006","https://www.scopus.com/inward/record.uri?eid=2-s2.0-85031929851&doi=10.1016%2fj.heares.2017.10.006&partnerID=40&md5=0d15e24fb25e5d0469c5aadc97599c98","Article","Final","","Scopus","2-s2.0-85031929851"
"Reedijk S.A.; Bolders A.; Hommel B.","Reedijk, Susan A. (55935648100); Bolders, Anne (55377148900); Hommel, Bernhard (7005738313)","55935648100; 55377148900; 7005738313","The impact of binaural beats on creativity","2013","Frontiers in Human Neuroscience","","NOV","786","","","","75","10.3389/fnhum.2013.00786","https://www.scopus.com/inward/record.uri?eid=2-s2.0-84888100888&doi=10.3389%2ffnhum.2013.00786&partnerID=40&md5=584946492b6658e5f0a8198996648efb","Article","Final","All Open Access; Gold Open Access","Scopus","2-s2.0-84888100888"
"Malone B.J.; Beitel R.E.; Vollmer M.; Heiser M.A.; Schreiner C.E.","Malone, Brian J. (7006388400); Beitel, Ralph E. (6701331833); Vollmer, Maike (56261340600); Heiser, Marc A. (6603811682); Schreiner, Christoph E. (7006315409)","7006388400; 6701331833; 56261340600; 6603811682; 7006315409","Modulation-frequency-specific adaptation in awake auditory cortex","2015","Journal of Neuroscience","35","15","","5904","5916","12","21","10.1523/JNEUROSCI.4833-14.2015","https://www.scopus.com/inward/record.uri?eid=2-s2.0-84929258600&doi=10.1523%2fJNEUROSCI.4833-14.2015&partnerID=40&md5=60c4f2fec5503a670f414b0f389bdc8b","Article","Final","All Open Access; Hybrid Gold Open Access","Scopus","2-s2.0-84929258600"
"Ofori E.; Loucks T.M.J.; Sosnoff J.J.","Ofori, Edward (26635620100); Loucks, Torrey M.J. (6602591089); Sosnoff, Jacob J. (6506857510)","26635620100; 6602591089; 6506857510","Visuomotor and audiomotor processing in continuous force production of oral and manual effectors","2012","Journal of Motor Behavior","44","2","","87","96","9","10","10.1080/00222895.2012.654523","https://www.scopus.com/inward/record.uri?eid=2-s2.0-84859173413&doi=10.1080%2f00222895.2012.654523&partnerID=40&md5=d2534d8f1fcb3101f15805a8a786494d","Article","Final","","Scopus","2-s2.0-84859173413"
"Bogost M.D.; Burgos P.I.; Little C.E.; Woollacott M.H.; Dalton B.H.","Bogost, Mark D. (55869220500); Burgos, Pablo I. (57191444549); Little, C. Elaine (56375804600); Woollacott, Marjorie H. (7004600179); Dalton, Brian H. (24775419200)","55869220500; 57191444549; 56375804600; 7004600179; 24775419200","Electrocortical sources related to whole-body surface translations during a single- and dual-task paradigm","2016","Frontiers in Human Neuroscience","10","OCT2016","524","","","","18","10.3389/fnhum.2016.00524","https://www.scopus.com/inward/record.uri?eid=2-s2.0-84992660369&doi=10.3389%2ffnhum.2016.00524&partnerID=40&md5=7edd9d4159767f12628a5682b580a3ae","Article","Final","All Open Access; Gold Open Access; Green Open Access","Scopus","2-s2.0-84992660369"
"Cantor D.S.; Stevens E.","Cantor, David S. (7006059380); Stevens, Emily (35225485300)","7006059380; 35225485300","QEEG correlates of auditory-visual entrainment treatment efficacy of refractory depression","2009","Journal of Neurotherapy","13","2","","100","108","8","15","10.1080/10874200902887130","https://www.scopus.com/inward/record.uri?eid=2-s2.0-70350786801&doi=10.1080%2f10874200902887130&partnerID=40&md5=6bb3513dd5c0a500e99fedd242cb0a9d","Article","Final","All Open Access; Bronze Open Access","Scopus","2-s2.0-70350786801"
"Edwards E.; Chang E.F.","Edwards, Erik (35263545300); Chang, Edward F. (7401837635)","35263545300; 7401837635","Syllabic (~2-5Hz) and fluctuation (~1-10Hz) ranges in speech andauditory processing","2013","Hearing Research","305","1","","113","134","21","52","10.1016/j.heares.2013.08.017","https://www.scopus.com/inward/record.uri?eid=2-s2.0-84887018043&doi=10.1016%2fj.heares.2013.08.017&partnerID=40&md5=215a92a198b77727ff1eb895d91cff12","Review","Final","All Open Access; Green Open Access","Scopus","2-s2.0-84887018043"
"Moseley R.","Moseley, Ralph (56410562200)","56410562200","Immersive brain entrainment in virtual worlds: Actualizing meditative states","2016","Studies in Computational Intelligence","647","","","315","346","31","4","10.1007/978-3-319-33353-3_17","https://www.scopus.com/inward/record.uri?eid=2-s2.0-84991832910&doi=10.1007%2f978-3-319-33353-3_17&partnerID=40&md5=2c1ff841e671ec895c0177daa1731af6","Article","Final","","Scopus","2-s2.0-84991832910"
"Hommel B.; Sellaro R.; Fischer R.; Borg S.; Colzato L.S.","Hommel, Bernhard (7005738313); Sellaro, Roberta (55032724300); Fischer, Rico (7403086851); Borg, Saskia (57191260245); Colzato, Lorenza S. (6507926993)","7005738313; 55032724300; 7403086851; 57191260245; 6507926993","High-frequency binaural beats increase cognitive flexibility: Evidence from dual-task crosstalk","2016","Frontiers in Psychology","7","AUG","01287","","","","35","10.3389/fpsyg.2016.01287","https://www.scopus.com/inward/record.uri?eid=2-s2.0-84988410984&doi=10.3389%2ffpsyg.2016.01287&partnerID=40&md5=ace41f0de7d0ac09e6c03614d17923d3","Article","Final","All Open Access; Gold Open Access","Scopus","2-s2.0-84988410984"
"Ross B.; Miyazaki T.; Thompson J.; Jamali S.; Fujioka T.","Ross, Bernhard (35547457600); Miyazaki, Takahiro (57201464769); Thompson, Jessica (57198873998); Jamali, Shahab (46062079100); Fujioka, Takako (7201953206)","35547457600; 57201464769; 57198873998; 46062079100; 7201953206","Human cortical responses to slow and fast binaural beats reveal multiple mechanisms of binaural hearing","2014","Journal of Neurophysiology","112","8","","1871","1884","13","42","10.1152/jn.00224.2014","https://www.scopus.com/inward/record.uri?eid=2-s2.0-84908065717&doi=10.1152%2fjn.00224.2014&partnerID=40&md5=e411700a69664ec3380eedfa6cae2dfc","Article","Final","","Scopus","2-s2.0-84908065717"
"Canbeyli R.","Canbeyli, R. (6602860509)","6602860509","Sensorimotor modulation of mood and depression: An integrative review","2010","Behavioural Brain Research","207","2","","249","264","15","73","10.1016/j.bbr.2009.11.002","https://www.scopus.com/inward/record.uri?eid=2-s2.0-74449087117&doi=10.1016%2fj.bbr.2009.11.002&partnerID=40&md5=fb11392c111acab2c881856f653c5772","Review","Final","","Scopus","2-s2.0-74449087117"
"Wallert J.; Madison G.","Wallert, John (56363091600); Madison, Guy (6602540007)","56363091600; 6602540007","Recovery after aerobic exercise is manipulated by tempo change in a rhythmic sound pattern, As indicated by autonomic reaction on heart functioning","2014","Frontiers in Human Neuroscience","8","","738","","","13","6","10.3389/fnhum.2014.00738","https://www.scopus.com/inward/record.uri?eid=2-s2.0-84933670274&doi=10.3389%2ffnhum.2014.00738&partnerID=40&md5=58f54bd79406474fead1eb023104d937","Article","Final","All Open Access; Gold Open Access","Scopus","2-s2.0-84933670274"
"Koh K.; Kwon H.J.; Park Y.S.; Kiemel T.; Miller R.H.; Kim Y.H.; Shin J.-H.; Shim J.K.","Koh, Kyung (54401354200); Kwon, Hyun Joon (36606436500); Park, Yang Sun (57189323935); Kiemel, Tim (6701411281); Miller, Ross H. (7501587885); Kim, Yoon Hyuk (16240607000); Shin, Joon-Ho (55917573900); Shim, Jae Kun (7201856145)","54401354200; 36606436500; 57189323935; 6701411281; 7501587885; 16240607000; 55917573900; 7201856145","Intra-auditory integration improves motor performance and synergy in an accurate multi-finger pressing task","2016","Frontiers in Human Neuroscience","10","","260","","","","6","10.3389/fnhum.2016.00260","https://www.scopus.com/inward/record.uri?eid=2-s2.0-84973343751&doi=10.3389%2ffnhum.2016.00260&partnerID=40&md5=47bfeb078171c7c038231d0ea67ec96b","Article","Final","All Open Access; Gold Open Access","Scopus","2-s2.0-84973343751"
"Nozaradan S.; Schönwiesner M.; Caron-Desrochers L.; Lehmann A.","Nozaradan, Sylvie (16239070300); Schönwiesner, Marc (15758073100); Caron-Desrochers, Laura (57190345864); Lehmann, Alexandre (55831591500)","16239070300; 15758073100; 57190345864; 55831591500","Enhanced brainstem and cortical encoding of sound during synchronized movement","2016","NeuroImage","142","","","231","240","9","29","10.1016/j.neuroimage.2016.07.015","https://www.scopus.com/inward/record.uri?eid=2-s2.0-84979231077&doi=10.1016%2fj.neuroimage.2016.07.015&partnerID=40&md5=27892f73ccaec4869a1d29c8d2c47131","Article","Final","","Scopus","2-s2.0-84979231077"
"Kuokkanen P.T.; Wagner H.; Ashida G.; Carr C.E.; Kempter R.","Kuokkanen, Paula T. (36618941600); Wagner, Hermann (7404366995); Ashida, Go (16041454100); Carr, Catherine E. (7202450013); Kempter, Richard (6603719059)","36618941600; 7404366995; 16041454100; 7202450013; 6603719059","On the origin of the extracellular field potential in the nucleus laminaris of the barn owl (Tyto alba)","2010","Journal of Neurophysiology","104","4","","2274","2290","16","29","10.1152/jn.00395.2010","https://www.scopus.com/inward/record.uri?eid=2-s2.0-77957845129&doi=10.1152%2fjn.00395.2010&partnerID=40&md5=29f9236a4e2d410bde7223dc945318af","Article","Final","All Open Access; Green Open Access","Scopus","2-s2.0-77957845129"
"Jirakittayakorn N.; Wongsawat Y.","Jirakittayakorn, Nantawachara (56520319500); Wongsawat, Yodchanan (17436183800)","56520319500; 17436183800","Brain responses to a 6-Hz binaural beat: Effects on general theta rhythm and frontal midline theta activity","2017","Frontiers in Neuroscience","11","JUN","365","","","","54","10.3389/fnins.2017.00365","https://www.scopus.com/inward/record.uri?eid=2-s2.0-85021740073&doi=10.3389%2ffnins.2017.00365&partnerID=40&md5=f7b1dbfd1200da8e91d82267d4a9159f","Article","Final","All Open Access; Gold Open Access; Green Open Access","Scopus","2-s2.0-85021740073"
"Fitzpatrick D.C.; Roberts J.M.; Kuwada S.; Kim D.O.; Filipovic B.","Fitzpatrick, Douglas C. (7102639310); Roberts, Jason M. (24366948900); Kuwada, Shigeyuki (57207514179); Kim, Duck O. (8114956600); Filipovic, Blagoje (7006004328)","7102639310; 24366948900; 57207514179; 8114956600; 7006004328","Processing temporal modulations in binaural and monaural auditory stimuli by neurons in the inferior colliculus and auditory cortex","2009","JARO - Journal of the Association for Research in Otolaryngology","10","4","","579","593","14","32","10.1007/s10162-009-0177-8","https://www.scopus.com/inward/record.uri?eid=2-s2.0-72249114903&doi=10.1007%2fs10162-009-0177-8&partnerID=40&md5=1feaa8d392dfd734e073cd141b2b08f3","Article","Final","All Open Access; Bronze Open Access","Scopus","2-s2.0-72249114903"
"Solcà M.; Mottaz A.; Guggisberg A.G.","Solcà, Marco (56019133600); Mottaz, Anaïs (36015613700); Guggisberg, Adrian G. (6701834846)","56019133600; 36015613700; 6701834846","Binaural beats increase interhemispheric alpha-band coherence between auditory cortices","2016","Hearing Research","332","","","233","237","4","38","10.1016/j.heares.2015.09.011","https://www.scopus.com/inward/record.uri?eid=2-s2.0-84959175803&doi=10.1016%2fj.heares.2015.09.011&partnerID=40&md5=26e998a52a246e84eb05e8c63203e94d","Article","Final","All Open Access; Bronze Open Access","Scopus","2-s2.0-84959175803"
"Zhang S.; Wang D.; Afzal N.; Zhang Y.; Wu R.","Zhang, Shusheng (56959617200); Wang, Dangxiao (23399237500); Afzal, Naqash (57222617455); Zhang, Yuru (55922442200); Wu, Ruilin (56591148000)","56959617200; 23399237500; 57222617455; 55922442200; 56591148000","Rhythmic Haptic Stimuli Improve Short-Term Attention","2016","IEEE Transactions on Haptics","9","3","7412776","437","442","5","18","10.1109/TOH.2016.2531662","https://www.scopus.com/inward/record.uri?eid=2-s2.0-84988851025&doi=10.1109%2fTOH.2016.2531662&partnerID=40&md5=50db6429d75ebe4a8d271e71312881c8","Article","Final","","Scopus","2-s2.0-84988851025"
"Hartmann W.M.; Macaulay E.J.","Hartmann, William M. (23000892000); Macaulay, Eric J. (36151068800)","23000892000; 36151068800","Anatomical limits on interaural time differences: An ecological perspective","2014","Frontiers in Neuroscience","","8 FEB","34","","","","22","10.3389/fnins.2014.00034","https://www.scopus.com/inward/record.uri?eid=2-s2.0-84898044589&doi=10.3389%2ffnins.2014.00034&partnerID=40&md5=aba62e553f78b22309a42f22f7b86844","Article","Final","All Open Access; Gold Open Access; Green Open Access","Scopus","2-s2.0-84898044589"
"Li Y.-H.; Tseng C.-Y.; Tsai A.C.-H.; Huang A.C.-W.; Lin W.-L.","Li, Ying-Han (57131594800); Tseng, Chao-Yuan (57131932200); Tsai, Arthur Chih-Hsin (11142117700); Huang, Andrew Chih-Wei (26024758600); Lin, Wei-Lun (55503214300)","57131594800; 57131932200; 11142117700; 26024758600; 55503214300","Different Brain Wave Patterns and Cortical Control Abilities in Relation to Different Creative Potentials","2016","Creativity Research Journal","28","1","","89","98","9","10","10.1080/10400419.2016.1125255","https://www.scopus.com/inward/record.uri?eid=2-s2.0-84958959238&doi=10.1080%2f10400419.2016.1125255&partnerID=40&md5=6984d3bb103aae7e9348320684071148","Article","Final","","Scopus","2-s2.0-84958959238"
"Pratt H.; Starr A.; Michalewski H.J.; Dimitrijevic A.; Bleich N.; Mittelman N.","Pratt, Hillel (7103354088); Starr, Arnold (55661291400); Michalewski, Henry J. (6701557009); Dimitrijevic, Andrew (57204253466); Bleich, Naomi (6603046924); Mittelman, Nomi (8858443200)","7103354088; 55661291400; 6701557009; 57204253466; 6603046924; 8858443200","Cortical evoked potentials to an auditory illusion: Binaural beats","2009","Clinical Neurophysiology","120","8","","1514","1524","10","45","10.1016/j.clinph.2009.06.014","https://www.scopus.com/inward/record.uri?eid=2-s2.0-68249091640&doi=10.1016%2fj.clinph.2009.06.014&partnerID=40&md5=dc373343204ced2613328e2d177e70b1","Article","Final","All Open Access; Green Open Access","Scopus","2-s2.0-68249091640"
"Cai Y.; Zhang D.; Liang B.; Wang Z.; Li J.; Gao Z.; Gao M.; Chang S.; Jiao B.; Huang R.; Liu M.","Cai, Yuxuan (57192646708); Zhang, Delong (55569491500); Liang, Bishan (56159344500); Wang, Zengjian (56523641600); Li, Junchao (57192644292); Gao, Zhenni (57192640428); Gao, Mengxia (57192647548); Chang, Song (55979631500); Jiao, Bingqing (57192639992); Huang, Ruiwang (7402950344); Liu, Ming (56994197800)","57192646708; 55569491500; 56159344500; 56523641600; 57192644292; 57192640428; 57192647548; 55979631500; 57192639992; 7402950344; 56994197800","Relation of visual creative imagery manipulation to resting-state brain oscillations","2018","Brain Imaging and Behavior","12","1","","258","273","15","12","10.1007/s11682-017-9689-8","https://www.scopus.com/inward/record.uri?eid=2-s2.0-85014558823&doi=10.1007%2fs11682-017-9689-8&partnerID=40&md5=3ca8985278514356533863f8de66a8ca","Article","Final","","Scopus","2-s2.0-85014558823"
"Magezi D.A.; Buetler K.A.; Chouiter L.; Annoni J.-M.; Spierer L.","Magezi, David A. (25655000800); Buetler, Karin A. (55557490300); Chouiter, Leila (55557198800); Annoni, Jean-Marie (7004285983); Spierer, Lucas (14016723400)","25655000800; 55557490300; 55557198800; 7004285983; 14016723400","Electrical neuroimaging during auditory motion aftereffects reveals that auditory motion processing is motion sensitive but not direction selective","2013","Journal of Neurophysiology","109","2","","321","331","10","13","10.1152/jn.00625.2012","https://www.scopus.com/inward/record.uri?eid=2-s2.0-84872373623&doi=10.1152%2fjn.00625.2012&partnerID=40&md5=42d504fddc73ac449e7e417bb278a70a","Article","Final","All Open Access; Green Open Access","Scopus","2-s2.0-84872373623"
"Beauchene C.; Abaid N.; Moran R.; Diana R.A.; Leonessa A.","Beauchene, Christine (55827621600); Abaid, Nicole (36503674100); Moran, Rosalyn (12345357400); Diana, Rachel A. (8680147700); Leonessa, Alexander (7003758699)","55827621600; 36503674100; 12345357400; 8680147700; 7003758699","The effect of binaural beats on verbal working memory and cortical connectivity","2017","Journal of Neural Engineering","14","2","026014","","","","44","10.1088/1741-2552/aa5d67","https://www.scopus.com/inward/record.uri?eid=2-s2.0-85015795393&doi=10.1088%2f1741-2552%2faa5d67&partnerID=40&md5=3bc476aacd63eb5aaa53ae42f9124c19","Article","Final","All Open Access; Green Open Access","Scopus","2-s2.0-85015795393"
"McConnell P.A.; Froeliger B.; Garland E.L.; Ives J.C.; Sforzo G.A.","McConnell, Patrick A. (56526550700); Froeliger, Brett (16039246700); Garland, Eric L. (35764524000); Ives, Jeffrey C. (7005387302); Sforzo, Gary A. (6603611846)","56526550700; 16039246700; 35764524000; 7005387302; 6603611846","Auditory driving of the autonomic nervous system: Listening to theta-frequency binaural beats post-exercise increases parasympathetic activation and sympathetic withdrawal","2014","Frontiers in Psychology","5","NOV","1248","","","","61","10.3389/fpsyg.2014.01248","https://www.scopus.com/inward/record.uri?eid=2-s2.0-84923381670&doi=10.3389%2ffpsyg.2014.01248&partnerID=40&md5=8f4598f49592a04b9d467af99af6f50b","Article","Final","All Open Access; Gold Open Access; Green Open Access","Scopus","2-s2.0-84923381670"
"Skoe E.; Chandrasekaran B.","Skoe, Erika (16069695200); Chandrasekaran, Bharath (15756978600)","16069695200; 15756978600","The layering of auditory experiences in driving experience-dependent subcortical plasticity","2014","Hearing Research","311","","","36","48","12","21","10.1016/j.heares.2014.01.002","https://www.scopus.com/inward/record.uri?eid=2-s2.0-84906939657&doi=10.1016%2fj.heares.2014.01.002&partnerID=40&md5=2767764ce0f3ef16128b4abd2621630c","Review","Final","","Scopus","2-s2.0-84906939657"
"Colzato L.S.; Barone H.; Sellaro R.; Hommel B.","Colzato, Lorenza S. (6507926993); Barone, Hayley (56979217500); Sellaro, Roberta (55032724300); Hommel, Bernhard (7005738313)","6507926993; 56979217500; 55032724300; 7005738313","More attentional focusing through binaural beats: evidence from the global–local task","2017","Psychological Research","81","1","","271","277","6","49","10.1007/s00426-015-0727-0","https://www.scopus.com/inward/record.uri?eid=2-s2.0-84948398909&doi=10.1007%2fs00426-015-0727-0&partnerID=40&md5=8aaa19babf14ed90cf4911b82f572bc1","Article","Final","All Open Access; Hybrid Gold Open Access","Scopus","2-s2.0-84948398909"
"Miyazaki T.; Thompson J.; Fujioka T.; Ross B.","Miyazaki, Takahiro (57201464769); Thompson, Jessica (57198873998); Fujioka, Takako (7201953206); Ross, Bernhard (35547457600)","57201464769; 57198873998; 7201953206; 35547457600","Sound envelope encoding in the auditory cortex revealed by neuromagnetic responses in the theta to gamma frequency bands","2013","Brain Research","1506","","","64","75","11","17","10.1016/j.brainres.2013.01.047","https://www.scopus.com/inward/record.uri?eid=2-s2.0-84875755037&doi=10.1016%2fj.brainres.2013.01.047&partnerID=40&md5=42248f3cf8113979b04fd265cf578c56","Article","Final","","Scopus","2-s2.0-84875755037"
"Yamakoshi T.; Matsumura K.; Rolfe P.","Yamakoshi, Takehiro (16176898000); Matsumura, Kenta (7202524029); Rolfe, Peter (55249565000)","16176898000; 7202524029; 55249565000","Controlled mechanical vibration applied to driver's right heel to sustain alertness: Effects on cardiovascular behavior","2014","Transportation Research Part C: Emerging Technologies","38","","","101","109","8","3","10.1016/j.trc.2013.10.009","https://www.scopus.com/inward/record.uri?eid=2-s2.0-84888414105&doi=10.1016%2fj.trc.2013.10.009&partnerID=40&md5=e80f7a0e134c7d279bbb35b5aa644648","Article","Final","All Open Access; Green Open Access","Scopus","2-s2.0-84888414105"
"Hill D.R.; Saroka K.S.","Hill, Donald R. (36682135000); Saroka, Kevin S. (36553164500)","36682135000; 36553164500","Sonic patterns, spirituality and brain function: The sound component of neurotheology","2010","NeuroQuantology","8","4","","509","516","7","4","10.14704/nq.2010.8.4.358","https://www.scopus.com/inward/record.uri?eid=2-s2.0-78650369322&doi=10.14704%2fnq.2010.8.4.358&partnerID=40&md5=7208a15f7e62a2d546e69e231d4114b0","Article","Final","","Scopus","2-s2.0-78650369322"
"Hudgens-Haney M.E.; Hamm J.P.; Goodie A.S.; Krusemark E.A.; McDowell J.E.; Clementz B.A.","Hudgens-Haney, Matthew E. (55535533200); Hamm, Jordan P. (36143113400); Goodie, Adam S. (6603784211); Krusemark, Elizabeth A. (22834899900); McDowell, Jennifer E. (7102993536); Clementz, Brett A. (7005914708)","55535533200; 36143113400; 6603784211; 22834899900; 7102993536; 7005914708","Neural correlates of the impact of control on decision making in pathological gambling","2013","Biological Psychology","92","2","","365","372","7","13","10.1016/j.biopsycho.2012.11.015","https://www.scopus.com/inward/record.uri?eid=2-s2.0-84871490698&doi=10.1016%2fj.biopsycho.2012.11.015&partnerID=40&md5=aab66a71acecb669922ea0a7a3a95830","Article","Final","","Scopus","2-s2.0-84871490698"
"Wasmuht D.F.; Pena J.L.; Gutfreund Y.","Wasmuht, Dante F. (57193180727); Pena, Jose L. (55434111500); Gutfreund, Yoram (6602716764)","57193180727; 55434111500; 6602716764","Stimulus-specific adaptation to visual but not auditory motion direction in the barn owl's optic tectum","2017","European Journal of Neuroscience","45","4","","610","621","11","5","10.1111/ejn.13505","https://www.scopus.com/inward/record.uri?eid=2-s2.0-85010505596&doi=10.1111%2fejn.13505&partnerID=40&md5=c646f4a9f1a132639c7a8a75f590aa56","Article","Final","All Open Access; Green Open Access","Scopus","2-s2.0-85010505596"
"Bennet A.; Bennet D.","Bennet, Alex (15062340600); Bennet, David (15062207500)","15062340600; 15062207500","The human knowledge system: Music and brain coherence","2008","VINE","38","3","","277","295","18","14","10.1108/03055720810904817","https://www.scopus.com/inward/record.uri?eid=2-s2.0-52249089099&doi=10.1108%2f03055720810904817&partnerID=40&md5=bdd90681485650a10bbe4a31e7031686","Review","Final","","Scopus","2-s2.0-52249089099"
"Casseday J.H.; Covey E.","Casseday, J.H. (7003981438); Covey, E. (7003710032)","7003981438; 7003710032","A neuroethological theory of the operation of the inferior colliculus; pp. 323—336","1996","Brain, Behavior and Evolution","47","6","","323","336","13","9","10.1159/000113250","https://www.scopus.com/inward/record.uri?eid=2-s2.0-84900817917&doi=10.1159%2f000113250&partnerID=40&md5=79db665be9f8d5bdbbec8a70836e4a28","Article","Final","","Scopus","2-s2.0-84900817917"
"Stracke H.; Okamoto H.; Pantev C.","Stracke, Henning (23467731100); Okamoto, Hidehiko (9740224400); Pantev, Christo (7006686791)","23467731100; 9740224400; 7006686791","Interhemispheric support during demanding auditory signal-in-noise processing","2009","Cerebral Cortex","19","6","","1440","1447","7","16","10.1093/cercor/bhn183","https://www.scopus.com/inward/record.uri?eid=2-s2.0-66549098377&doi=10.1093%2fcercor%2fbhn183&partnerID=40&md5=81a3439fa5a8a4445e6fb7e102f11314","Article","Final","All Open Access; Bronze Open Access","Scopus","2-s2.0-66549098377"
"Bogdan V.A.; Balázsi R.; Lupu V.","Bogdan, Vasile Alexander (35204647900); Balázsi, Róbert (26535437500); Lupu, Viorel (24435912800)","35204647900; 26535437500; 24435912800","Treating primary insomnia: A comparative study of self-help methods and progressive muscle relaxation","2009","Journal of Cognitive and Behavioral Psychotherapies","9","1","","67","82","15","11","","https://www.scopus.com/inward/record.uri?eid=2-s2.0-65549167541&partnerID=40&md5=9a6336af2e479d8d78f17cd8e7ef8430","Article","Final","","Scopus","2-s2.0-65549167541"
"Ainslie P.; Boston J.","Ainslie, P.J (6701483936); Boston, J.R (7005474355)","6701483936; 7005474355","Comparison of brain stem auditory evoked potentials for monaural and binaural stimuli; [Comparaison du potentiel évoqué auditif du tronc cérébral obtenu par stimulation monaurale et binaurale]","1980","Electroencephalography and Clinical Neurophysiology","49","3-4","","291","302","11","77","10.1016/0013-4694(80)90223-0","https://www.scopus.com/inward/record.uri?eid=2-s2.0-0018954729&doi=10.1016%2f0013-4694%2880%2990223-0&partnerID=40&md5=48561c2a863e1dab0150984a5f49e997","Article","Final","","Scopus","2-s2.0-0018954729"
"Wade N.J.; Ono H.","Wade, Nicholas J. (7102078776); Ono, Hiroshi (11641067300)","7102078776; 11641067300","From dichoptic to dichotic: Historical contrasts between binocular vision and binaural hearing","2005","Perception","34","6","","645","668","23","10","10.1068/p5327","https://www.scopus.com/inward/record.uri?eid=2-s2.0-22544477865&doi=10.1068%2fp5327&partnerID=40&md5=8175b6f092d9ab8d3fcc6379ef4fb268","Article","Final","","Scopus","2-s2.0-22544477865"
"Hämäläinen J.A.; Leppänen P.H.T.; Guttorm T.K.; Lyytinen H.","Hämäläinen, J.A. (8376244200); Leppänen, P.H.T. (10041161500); Guttorm, T.K. (6506352657); Lyytinen, H. (7003383505)","8376244200; 10041161500; 6506352657; 7003383505","Event-related potentials to pitch and rise time change in children with reading disabilities and typically reading children","2008","Clinical Neurophysiology","119","1","","100","115","15","63","10.1016/j.clinph.2007.09.064","https://www.scopus.com/inward/record.uri?eid=2-s2.0-37649009941&doi=10.1016%2fj.clinph.2007.09.064&partnerID=40&md5=42d36c296d601cf0f7ed105d5ae8927d","Article","Final","","Scopus","2-s2.0-37649009941"
"Lu Z.; Xu Z.; Buchser W.J.","Lu, Z. (7404769187); Xu, Z. (56173431100); Buchser, W.J. (16177129000)","7404769187; 56173431100; 16177129000","Acoustic response properties of lagenar nerve fibers in the sleeper goby, Dormitator latifrons","2003","Journal of Comparative Physiology A: Neuroethology, Sensory, Neural, and Behavioral Physiology","189","12","","889","905","16","45","10.1007/s00359-003-0462-7","https://www.scopus.com/inward/record.uri?eid=2-s2.0-0347664208&doi=10.1007%2fs00359-003-0462-7&partnerID=40&md5=5c61bcd4b63c1f5fc48100bb5f119a9d","Article","Final","","Scopus","2-s2.0-0347664208"
"Anninos P.A.; Anogianakis G.; Lehnertz K.; Pantev C.; Hoke M.","Anninos, P.A. (7004318788); Anogianakis, G. (55917525000); Lehnertz, K. (7003308707); Pantev, Ch (7006686791); Hoke, M. (7006764888)","7004318788; 55917525000; 7003308707; 7006686791; 7006764888","Biomagnetic measurements using squids","1987","International Journal of Neuroscience","37","3-4","","149","168","19","41","10.3109/00207458708987144","https://www.scopus.com/inward/record.uri?eid=2-s2.0-0023489015&doi=10.3109%2f00207458708987144&partnerID=40&md5=91b97854be1cf1546375393e92616493","Article","Final","","Scopus","2-s2.0-0023489015"
"Soeta Y.; Nakagawa S.","Soeta, Yoshiharu (6602742343); Nakagawa, Seiji (7402703070)","6602742343; 7402703070","Effects of the frequency of interaural time difference in the human brain","2006","NeuroReport","17","5","","505","509","4","8","10.1097/01.wnr.0000208998.31072.e4","https://www.scopus.com/inward/record.uri?eid=2-s2.0-33645119578&doi=10.1097%2f01.wnr.0000208998.31072.e4&partnerID=40&md5=dc8d916a725de92186530fdfb5221c6c","Article","Final","","Scopus","2-s2.0-33645119578"
"Saberi K.","Saberi, Kourosh (7004232931)","7004232931","An Auditory Illusion Predicted from a Weighted Cross-Correlation Model of Binaural Interaction","1996","Psychological Review","103","1","","137","142","5","13","10.1037/0033-295X.103.1.137","https://www.scopus.com/inward/record.uri?eid=2-s2.0-0029687967&doi=10.1037%2f0033-295X.103.1.137&partnerID=40&md5=72c9dbddfc31e6b05fc9fc4b36aef1e9","Article","Final","","Scopus","2-s2.0-0029687967"
"Griffin S.J.; Bernstein L.R.; Ingham N.J.; McAlpine D.","Griffin, Sarah J. (8501841800); Bernstein, Leslie R. (57213544432); Ingham, Neil J. (6603459395); McAlpine, David (7005917811)","8501841800; 57213544432; 6603459395; 7005917811","Neural sensitivity to interaural envelope delays in the inferior colliculus of the guinea pig","2005","Journal of Neurophysiology","93","6","","3463","3478","15","57","10.1152/jn.00794.2004","https://www.scopus.com/inward/record.uri?eid=2-s2.0-19344378118&doi=10.1152%2fjn.00794.2004&partnerID=40&md5=072fdb536a60d5daacf2e573846d8c67","Article","Final","","Scopus","2-s2.0-19344378118"
"Coffey C.S.; Ebert Jr. C.S.; Marshall A.F.; Skaggs J.D.; Falk S.E.; Crocker W.D.; Pearson J.M.; Fitzpatrick D.C.","Coffey, Charles S. (9336931900); Ebert Jr., Charles S. (7005493008); Marshall, Allen F. (8108294200); Skaggs, John D. (14825534900); Falk, Stephanie E. (14824816400); Crocker, William D. (14824513900); Pearson, James M. (57199319078); Fitzpatrick, Douglas C. (7102639310)","9336931900; 7005493008; 8108294200; 14825534900; 14824816400; 14824513900; 57199319078; 7102639310","Detection of interaural correlation by neurons in the superior olivary complex, inferior colliculus and auditory cortex of the unanesthetized rabbit","2006","Hearing Research","221","1-2","","1","16","15","33","10.1016/j.heares.2006.06.005","https://www.scopus.com/inward/record.uri?eid=2-s2.0-33749367908&doi=10.1016%2fj.heares.2006.06.005&partnerID=40&md5=969855f0208423016165d059130cf23a","Article","Final","","Scopus","2-s2.0-33749367908"
"Odom J.V.; Chao G.-M.","Odom, J. Vernon (7103115382); Chao, Gung-Meichao (36847287200)","7103115382; 36847287200","Models of binocular luminance interaction evaluated using visually evoked potential and psychophysical measures: A tribute to M. Russell harter","1995","International Journal of Neuroscience","80","1-4","","255","280","25","10","10.3109/00207459508986104","https://www.scopus.com/inward/record.uri?eid=2-s2.0-0029184265&doi=10.3109%2f00207459508986104&partnerID=40&md5=9d7d7d7cfa9d62cda55cda86da1d0661","Article","Final","","Scopus","2-s2.0-0029184265"
"McKibben J.R.; Bass A.H.","McKibben, Jessica R. (7003837340); Bass, Andrew H. (7101904989)","7003837340; 7101904989","Peripheral encoding of behaviorally relevant acoustic signals in a vocal fish: Harmonic and beat stimuli","2001","Journal of Comparative Physiology - A Sensory, Neural, and Behavioral Physiology","187","4","","271","285","14","32","10.1007/s003590100199","https://www.scopus.com/inward/record.uri?eid=2-s2.0-0034947068&doi=10.1007%2fs003590100199&partnerID=40&md5=340de9ace2c54ec2d71441cf82963539","Article","Final","","Scopus","2-s2.0-0034947068"
"McFadden D.","McFadden, Dennis (7102057119)","7102057119","Failure of a missing-fundamental complex to interact with masked and unmasked pure tones at its fundamental frequency","1988","Hearing Research","32","1","","23","39","16","10","10.1016/0378-5955(88)90144-X","https://www.scopus.com/inward/record.uri?eid=2-s2.0-0023848570&doi=10.1016%2f0378-5955%2888%2990144-X&partnerID=40&md5=1662b9ad707ac76a52c79c8454e69253","Article","Final","","Scopus","2-s2.0-0023848570"
"Jiang D.; McAlpine D.; Palmer A.R.","Jiang, Dan (34769560000); McAlpine, David (7005917811); Palmer, Alan R. (7401780993)","34769560000; 7005917811; 7401780993","Responses of neurons in the inferior colliculus to binaural masking level difference stimuli measured by rate-versus-level functions","1997","Journal of Neurophysiology","77","6","","3085","3106","21","54","10.1152/jn.1997.77.6.3085","https://www.scopus.com/inward/record.uri?eid=2-s2.0-0030747327&doi=10.1152%2fjn.1997.77.6.3085&partnerID=40&md5=f7860f5874f56f00bef4ff444080810a","Article","Final","","Scopus","2-s2.0-0030747327"
"Karino S.; Yumoto M.; Itoh K.; Uno A.; Yamakawa K.; Sekimoto S.; Kaga K.","Karino, Shotaro (8837047300); Yumoto, Masato (7006156210); Itoh, Kenji (35355094500); Uno, Akira (7006806956); Yamakawa, Keiko (8502117400); Sekimoto, Sotaro (14038076600); Kaga, Kimitaka (56263588600)","8837047300; 7006156210; 35355094500; 7006806956; 8502117400; 14038076600; 56263588600","Neuromagnetic responses to binaural beat in human cerebral cortex","2006","Journal of Neurophysiology","96","4","","1927","1938","11","70","10.1152/jn.00859.2005","https://www.scopus.com/inward/record.uri?eid=2-s2.0-33749533070&doi=10.1152%2fjn.00859.2005&partnerID=40&md5=752a16b0590496eb3749ac6c3be3c698","Article","Final","","Scopus","2-s2.0-33749533070"
"Wagner H.; Kautz D.; Poganiatz I.","Wagner, Hermann (7404366995); Kautz, Dirk (6603325600); Poganiatz, Iris (6506873916)","7404366995; 6603325600; 6506873916","Principles of acoustic motion detection in animals and man","1997","Trends in Neurosciences","20","12","","583","588","5","21","10.1016/S0166-2236(97)01110-7","https://www.scopus.com/inward/record.uri?eid=2-s2.0-0030683966&doi=10.1016%2fS0166-2236%2897%2901110-7&partnerID=40&md5=73eb89cf55f6e649fd77fd0cc190333c","Review","Final","","Scopus","2-s2.0-0030683966"
"Ungan P.; Yaǧcioǧlu S.; Özmen B.","Ungan, Pekcan (6701562334); Yaǧcioǧlu, Süha (6506295611); Özmen, Bülent (6701552456)","6701562334; 6506295611; 6701552456","Interaural delay-dependent changes in the binaural difference potential in cat auditory brainstem response: Implications about the origin of the binaural interaction component","1997","Hearing Research","106","1-2","","66","82","16","42","10.1016/S0378-5955(97)00003-8","https://www.scopus.com/inward/record.uri?eid=2-s2.0-0343036216&doi=10.1016%2fS0378-5955%2897%2900003-8&partnerID=40&md5=6415f7b45f5dc2915223872505aba318","Article","Final","","Scopus","2-s2.0-0343036216"
"Moore D.R.; Semple M.N.; Addison P.D.; Aitkin L.M.","Moore, David R. (35580993300); Semple, Malcolm N. (7006478140); Addison, Paul D. (7006372600); Aitkin, Lindsay M. (7005169640)","35580993300; 7006478140; 7006372600; 7005169640","Properties of spatial receptive fields in the central nucleus of the cat inferior colliculus. I. Responses to tones of low intensity","1984","Hearing Research","13","2","","159","174","15","37","10.1016/0378-5955(84)90106-0","https://www.scopus.com/inward/record.uri?eid=2-s2.0-0021327752&doi=10.1016%2f0378-5955%2884%2990106-0&partnerID=40&md5=c2901f1a900b951bb5d00cb74b45ce08","Article","Final","","Scopus","2-s2.0-0021327752"
"Scott B.H.; Malone B.J.; Semple M.N.","Scott, Brian H. (7403293433); Malone, Brian J. (7006388400); Semple, Malcolm N. (7006478140)","7403293433; 7006388400; 7006478140","Representation of dynamic interaural phase difference in auditory cortex of awake rhesus macaques","2009","Journal of Neurophysiology","101","4","","1781","1799","18","25","10.1152/jn.00678.2007","https://www.scopus.com/inward/record.uri?eid=2-s2.0-65949096298&doi=10.1152%2fjn.00678.2007&partnerID=40&md5=ac1c45c28ad8a9033699b390d83e7239","Article","Final","All Open Access; Green Open Access","Scopus","2-s2.0-65949096298"
"Grose J.H.; Hall III J.W.; Buss E.","Grose, John H. (7006369286); Hall III, Joseph W. (7407377343); Buss, Emily (7005052011)","7006369286; 7407377343; 7005052011","Across-Channel Spectral Processing","2005","International Review of Neurobiology","70","","","87","119","32","11","10.1016/S0074-7742(05)70003-9","https://www.scopus.com/inward/record.uri?eid=2-s2.0-33645749101&doi=10.1016%2fS0074-7742%2805%2970003-9&partnerID=40&md5=4d3a9748c3aff54198961aec468d10f4","Review","Final","","Scopus","2-s2.0-33645749101"
"Hanekom J.J.; Krüger J.J.","Hanekom, Johan J. (6603619826); Krüger, Johann J. (57214553016)","6603619826; 57214553016","A model of frequency discrimination with optimal processing of auditory nerve spike intervals","2001","Hearing Research","151","1-2","","188","204","16","5","10.1016/S0378-5955(00)00227-6","https://www.scopus.com/inward/record.uri?eid=2-s2.0-0035214932&doi=10.1016%2fS0378-5955%2800%2900227-6&partnerID=40&md5=e923b8632c12e331a0e1dbe68e0ad059","Article","Final","","Scopus","2-s2.0-0035214932"
"Blanks D.A.; Roberts J.M.; Buss E.; Hall J.W.; Fitzpatrick D.C.","Blanks, Deidra A. (16836269800); Roberts, Jason M. (24366948900); Buss, Emily (7005052011); Hall, Joseph W. (7407377343); Fitzpatrick, Douglas C. (7102639310)","16836269800; 24366948900; 7005052011; 7407377343; 7102639310","Neural and behavioral sensitivity to interaural time differences using amplitude modulated tones with mismatched carrier frequencies","2007","JARO - Journal of the Association for Research in Otolaryngology","8","3","","393","408","15","23","10.1007/s10162-007-0088-5","https://www.scopus.com/inward/record.uri?eid=2-s2.0-34547655635&doi=10.1007%2fs10162-007-0088-5&partnerID=40&md5=0c3db62c025331f782747141914cc9a5","Article","Final","All Open Access; Bronze Open Access","Scopus","2-s2.0-34547655635"
"Fitzpatrick D.C.; Kuwada S.; Batra R.","Fitzpatrick, Douglas C. (7102639310); Kuwada, Shigeyuki (57207514179); Batra, Ranjan (7201905936)","7102639310; 57207514179; 7201905936","Neural sensitivity to interaural time differences: Beyond the Jeffress model","2000","Journal of Neuroscience","20","4","","1605","1615","10","74","10.1523/jneurosci.20-04-01605.2000","https://www.scopus.com/inward/record.uri?eid=2-s2.0-0034652198&doi=10.1523%2fjneurosci.20-04-01605.2000&partnerID=40&md5=1e115d1bda28e9daf81b6bfb34f7f4d4","Article","Final","All Open Access; Green Open Access; Hybrid Gold Open Access","Scopus","2-s2.0-0034652198"
"Joris P.X.; Van De Sande B.; Recio-Spinoso A.; Van Der Heijden M.","Joris, Philip X. (6603871964); Van De Sande, Bram (8251502500); Recio-Spinoso, Alberto (8954884300); Van Der Heijden, Marcel (57197527914)","6603871964; 8251502500; 8954884300; 57197527914","Auditory midbrain and nerve responses to sinusoidal variations in interaural correlation","2006","Journal of Neuroscience","26","1","","279","289","10","41","10.1523/JNEUROSCI.2285-05.2006","https://www.scopus.com/inward/record.uri?eid=2-s2.0-30644473246&doi=10.1523%2fJNEUROSCI.2285-05.2006&partnerID=40&md5=41d6434fbc49dd5d87b39340ab1cf74a","Article","Final","All Open Access; Green Open Access; Hybrid Gold Open Access","Scopus","2-s2.0-30644473246"
"Bodnar D.A.; Bass A.H.","Bodnar, Deana A. (7005729274); Bass, Andrew H. (7101904989)","7005729274; 7101904989","Temporal coding of concurrent acoustic signals in auditory midbrain","1997","Journal of Neuroscience","17","19","","7553","7564","11","56","10.1523/jneurosci.17-19-07553.1997","https://www.scopus.com/inward/record.uri?eid=2-s2.0-0030804273&doi=10.1523%2fjneurosci.17-19-07553.1997&partnerID=40&md5=4635d55d244f854eb49921af1214fe19","Article","Final","All Open Access; Hybrid Gold Open Access","Scopus","2-s2.0-0030804273"
"Large E.W.; Jones M.R.","Large, Edward W. (6604072204); Jones, Mari Riess (7501850497)","6604072204; 7501850497","The dynamics of attending: How people track time-varying events","1999","Psychological Review","106","1","","119","159","40","1052","10.1037/0033-295X.106.1.119","https://www.scopus.com/inward/record.uri?eid=2-s2.0-0009298580&doi=10.1037%2f0033-295X.106.1.119&partnerID=40&md5=7ce465167ae7ea1fea56eb401e52e70a","Article","Final","","Scopus","2-s2.0-0009298580"
"Litovsky R.Y.; Delgutte B.","Litovsky, R.Y. (6701642611); Delgutte, B. (6701766119)","6701642611; 6701766119","Neural correlates of the precedence effect in the inferior colliculus: Effect of localization cues","2002","Journal of Neurophysiology","87","2","","976","994","18","36","10.1152/jn.00568.2001","https://www.scopus.com/inward/record.uri?eid=2-s2.0-0036095865&doi=10.1152%2fjn.00568.2001&partnerID=40&md5=02eee147e280412a84630929cc5b801a","Article","Final","","Scopus","2-s2.0-0036095865"
"Nelson P.C.; Carney L.H.","Nelson, Paul C. (7402247044); Carney, Laurel H. (7005132843)","7402247044; 7005132843","Neural rate and timing cues for detection and discrimination of amplitude-modulated tones in the awake rabbit inferior colliculus","2007","Journal of Neurophysiology","97","1","","522","539","17","89","10.1152/jn.00776.2006","https://www.scopus.com/inward/record.uri?eid=2-s2.0-33846407636&doi=10.1152%2fjn.00776.2006&partnerID=40&md5=9ab77c58cd29c0508242640190abec53","Article","Final","All Open Access; Green Open Access","Scopus","2-s2.0-33846407636"
"Tagliacozzo R.","Tagliacozzo, Renata (6602934022)","6602934022","Levels of technicality in scientific communication","1976","Information Processing and Management","12","2","","95","110","15","9","10.1016/0306-4573(76)90040-6","https://www.scopus.com/inward/record.uri?eid=2-s2.0-5244270242&doi=10.1016%2f0306-4573%2876%2990040-6&partnerID=40&md5=303b5c87743e578b9775b24bb1d962fa","Article","Final","All Open Access; Green Open Access","Scopus","2-s2.0-5244270242"
"Middlebrooks J.C.; Snyder R.L.","Middlebrooks, John C. (7003476687); Snyder, Russell L. (57207897133)","7003476687; 57207897133","Auditory prosthesis with a penetrating nerve array","2007","JARO - Journal of the Association for Research in Otolaryngology","8","2","","258","279","21","129","10.1007/s10162-007-0070-2","https://www.scopus.com/inward/record.uri?eid=2-s2.0-34247467378&doi=10.1007%2fs10162-007-0070-2&partnerID=40&md5=a21c1add7945405abb2bc41df77045e1","Article","Final","All Open Access; Bronze Open Access; Green Open Access","Scopus","2-s2.0-34247467378"
"Jiang D.; McAlpine D.; Palmer A.R.","Jiang, Dan (34769560000); McAlpine, David (7005917811); Palmer, Alan R. (7401780993)","34769560000; 7005917811; 7401780993","Detectability index measures of binaural masking level difference across populations of inferior colliculus neurons","1997","Journal of Neuroscience","17","23","","9331","9339","8","50","10.1523/jneurosci.17-23-09331.1997","https://www.scopus.com/inward/record.uri?eid=2-s2.0-0030724779&doi=10.1523%2fjneurosci.17-23-09331.1997&partnerID=40&md5=5ecaf6bb2fb848a22bcb4a4694b171ac","Article","Final","All Open Access; Green Open Access; Hybrid Gold Open Access","Scopus","2-s2.0-0030724779"
"Butler R.A.","Butler, Robert A. (7401524345)","7401524345","The monaural localization of tonal stimuli","1971","Perception & Psychophysics","9","1","","99","101","2","19","10.3758/BF03213038","https://www.scopus.com/inward/record.uri?eid=2-s2.0-0002860565&doi=10.3758%2fBF03213038&partnerID=40&md5=802fe6568e72fc913d5b27edd5c5c715","Article","Final","All Open Access; Bronze Open Access","Scopus","2-s2.0-0002860565"
"Babkoff H.; Algom D.","Babkoff, Harvey (7004226353); Algom, Daniel (7003820965)","7004226353; 7003820965","Temporal sequence discrimination of dichotic tones: The effect of frequency","1980","International Journal of Neuroscience","10","4","","211","216","5","1","10.3109/00207458009162046","https://www.scopus.com/inward/record.uri?eid=2-s2.0-0018844699&doi=10.3109%2f00207458009162046&partnerID=40&md5=4f38849abc0c04ace71b93c1743c1372","Article","Final","","Scopus","2-s2.0-0018844699"
"Smith Z.M.; Delgutte B.","Smith, Zachary M. (7006495920); Delgutte, Bertrand (6701766119)","7006495920; 6701766119","Sensitivity to interaural time differences in the inferior colliculus with bilateral cochlear implants","2007","Journal of Neuroscience","27","25","","6740","6750","10","45","10.1523/JNEUROSCI.0052-07.2007","https://www.scopus.com/inward/record.uri?eid=2-s2.0-34250862626&doi=10.1523%2fJNEUROSCI.0052-07.2007&partnerID=40&md5=3e07cd59755b47b663933ec448637126","Article","Final","All Open Access; Bronze Open Access; Green Open Access","Scopus","2-s2.0-34250862626"
"Zeng F.-G.; Kong Y.-Y.; Michalewski H.J.; Starr A.","Zeng, Fan-Gang (7202911218); Kong, Ying-Yee (55413643600); Michalewski, Henry J. (6701557009); Starr, Arnold (55661291400)","7202911218; 55413643600; 6701557009; 55661291400","Perceptual consequences of disrupted auditory nerve activity","2005","Journal of Neurophysiology","93","6","","3050","3063","13","257","10.1152/jn.00985.2004","https://www.scopus.com/inward/record.uri?eid=2-s2.0-19344362785&doi=10.1152%2fjn.00985.2004&partnerID=40&md5=4b2d587a530c1fbd9e98ec8f2d1d7e4d","Article","Final","All Open Access; Green Open Access","Scopus","2-s2.0-19344362785"
"Saberi K.; Tirtabudi P.; Petrosyan A.; Perrott D.R.; Strybel T.Z.","Saberi, Kourosh (7004232931); Tirtabudi, Prisilia (6506279353); Petrosyan, Agavni (7006797913); Perrott, David R (7006087832); Strybel, Thomas Z (6701499451)","7004232931; 6506279353; 7006797913; 7006087832; 6701499451","Concurrent motion detection based on dynamic changes in interaural delay","2002","Hearing Research","174","1-2","","149","157","8","11","10.1016/S0378-5955(02)00652-4","https://www.scopus.com/inward/record.uri?eid=2-s2.0-0036888696&doi=10.1016%2fS0378-5955%2802%2900652-4&partnerID=40&md5=5aea077dd210310ecd2a3c022ecf24a4","Article","Final","","Scopus","2-s2.0-0036888696"
"Casseday J.H.; Covey E.","Casseday, J.H. (7003981438); Covey, E. (7003710032)","7003981438; 7003710032","A Neuroethological Theory of the Operation of the Inferior Colliculus","1996","Brain, Behavior and Evolution","47","6","","311","336","25","139","10.1159/000113249","https://www.scopus.com/inward/record.uri?eid=2-s2.0-0029692051&doi=10.1159%2f000113249&partnerID=40&md5=66fb803e57ced2bead402bb918a64502","Article","Final","","Scopus","2-s2.0-0029692051"
"Langner G.","Langner, Gerald (40161688400)","40161688400","Periodicity coding in the auditory system","1992","Hearing Research","60","2","","115","142","27","373","10.1016/0378-5955(92)90015-F","https://www.scopus.com/inward/record.uri?eid=2-s2.0-0026703998&doi=10.1016%2f0378-5955%2892%2990015-F&partnerID=40&md5=050b130b38f629efec2e47cd52c1bbde","Review","Final","","Scopus","2-s2.0-0026703998"
"Brancucci A.; Della Penna S.; Babiloni C.; Vecchio F.; Capotosto P.; Rossi D.; Franciotti R.; Torquati K.; Pizzella V.; Rossini P.M.; Romani G.L.","Brancucci, Alfredo (6602326908); Della Penna, Stefania (6602677707); Babiloni, Claudio (7006669615); Vecchio, Fabrizio (8068004300); Capotosto, Paolo (8669579700); Rossi, Davide (57190110680); Franciotti, Raffaella (6602219539); Torquati, Kathya (56631113200); Pizzella, Vittorio (7004573628); Rossini, Paolo M. (36040393500); Romani, Gian Luca (7006874032)","6602326908; 6602677707; 7006669615; 8068004300; 8669579700; 57190110680; 6602219539; 56631113200; 7004573628; 36040393500; 7006874032","Neuromagnetic functional coupling during dichotic listening of speech sounds","2008","Human Brain Mapping","29","3","","253","264","11","30","10.1002/hbm.20385","https://www.scopus.com/inward/record.uri?eid=2-s2.0-40649102226&doi=10.1002%2fhbm.20385&partnerID=40&md5=a9a550b0df31b11d368317c2c99b2a64","Article","Final","All Open Access; Green Open Access","Scopus","2-s2.0-40649102226"
"Ungan P.; Yagcioglu S.","Ungan, Pekcan (6701562334); Yagcioglu, Süha (6506295611)","6701562334; 6506295611","Origin of the binaural interaction component in wave P4 of the short-latency auditory evoked potentials in the cat: Evaluation of serial depth recordings from the brainstem","2002","Hearing Research","167","1-2","","81","101","20","26","10.1016/S0378-5955(02)00351-9","https://www.scopus.com/inward/record.uri?eid=2-s2.0-0036020098&doi=10.1016%2fS0378-5955%2802%2900351-9&partnerID=40&md5=fa643e1016e0260f7175383da75252e3","Article","Final","","Scopus","2-s2.0-0036020098"
"Braun M.","Braun, Martin (16941361100)","16941361100","Auditory midbrain laminar structure appears adapted to f0 extraction: Further evidence and implications of the double critical bandwidth","1999","Hearing Research","129","1-2","","71","82","11","18","10.1016/S0378-5955(98)00223-8","https://www.scopus.com/inward/record.uri?eid=2-s2.0-0032989989&doi=10.1016%2fS0378-5955%2898%2900223-8&partnerID=40&md5=38958c0b568a721736aff7bd63215351","Article","Final","","Scopus","2-s2.0-0032989989"
"Poirier P.; Jiang H.; Lepore F.; Guillemot J.-P.","Poirier, Pierre (21135738300); Jiang, Huai (57226014477); Lepore, Franco (24763291200); Guillemot, Jean-Paul (7005329095)","21135738300; 57226014477; 24763291200; 7005329095","Positional, directional and speed selectivities in the primary auditory cortex of the cat","1997","Hearing Research","113","1-2","","1","13","12","25","10.1016/S0378-5955(97)00126-3","https://www.scopus.com/inward/record.uri?eid=2-s2.0-0030783608&doi=10.1016%2fS0378-5955%2897%2900126-3&partnerID=40&md5=0b1edf5e8148c56d6f31505d3cebdde0","Article","Final","","Scopus","2-s2.0-0030783608"
"White S.; Milne E.; Rosen S.; Hansen P.; Swettenham J.; Frith U.; Ramus F.","White, Sarah (56623762200); Milne, Elizabeth (8309207700); Rosen, Stuart (7401609413); Hansen, Peter (7403236241); Swettenham, John (6603685472); Frith, Uta (56046313500); Ramus, Franck (57209033697)","56623762200; 8309207700; 7401609413; 7403236241; 6603685472; 56046313500; 57209033697","Target article with commentaries and response: The role of sensorimotor impairments in dyslexia: A multiple case study of dyslexic children","2006","Developmental Science","9","3","","237","255","18","221","10.1111/j.1467-7687.2006.00483.x","https://www.scopus.com/inward/record.uri?eid=2-s2.0-33645821922&doi=10.1111%2fj.1467-7687.2006.00483.x&partnerID=40&md5=a9ac841ecfa1ce5441bb51cdf69794fe","Article","Final","","Scopus","2-s2.0-33645821922"
"Saberi K.","Saberi, Kourosh (7004232931)","7004232931","Fast fourier-based DSP algorithm for auditory motion experiments","2004","Behavior Research Methods, Instruments, and Computers","36","4","","585","589","4","6","10.3758/BF03206538","https://www.scopus.com/inward/record.uri?eid=2-s2.0-13844271356&doi=10.3758%2fBF03206538&partnerID=40&md5=b153ca3ae29036ce8cb9d9dc3e796272","Article","Final","All Open Access; Bronze Open Access","Scopus","2-s2.0-13844271356"
"Feng Y.; Yin S.; Wang J.","Feng, Yanmei (15924998600); Yin, Shankai (57203371062); Wang, Jian (56374868100)","15924998600; 57203371062; 56374868100","Cortical responses to amplitude modulation in guinea pigs and the effects of general anesthesia by pentobarbital","2009","Hearing Research","247","1","","40","46","6","4","10.1016/j.heares.2008.10.004","https://www.scopus.com/inward/record.uri?eid=2-s2.0-57749092747&doi=10.1016%2fj.heares.2008.10.004&partnerID=40&md5=1855734830229c5bae3162c2265327a0","Article","Final","","Scopus","2-s2.0-57749092747"
"Yost W.A.","Yost, William A. (7005721334)","7005721334","Frequency selectivity using tonal-temporal masking: Diotic vs. dichotic masking","1975","Perception & Psychophysics","18","6","","423","427","4","8","10.3758/BF03204115","https://www.scopus.com/inward/record.uri?eid=2-s2.0-0016790972&doi=10.3758%2fBF03204115&partnerID=40&md5=76576d077105810e0063de33cbeaa364","Article","Final","All Open Access; Bronze Open Access","Scopus","2-s2.0-0016790972"
"Cvetkovic D.; Cosic I.","Cvetkovic, Dean (16174108100); Cosic, Irena (7003729630)","16174108100; 7003729630","EEG inter/intra-hemispheric coherence and asymmetric responses to visual stimulations","2009","Medical and Biological Engineering and Computing","47","10","","1023","1034","11","14","10.1007/s11517-009-0499-z","https://www.scopus.com/inward/record.uri?eid=2-s2.0-70350257696&doi=10.1007%2fs11517-009-0499-z&partnerID=40&md5=1f28e34f2bc6b51ccb8148612fce23e9","Article","Final","","Scopus","2-s2.0-70350257696"
"Dietz M.; Ewert S.D.; Hohmann V.; Kollmeier B.","Dietz, Mathias (56346876200); Ewert, Stephan D. (7004363887); Hohmann, Volker (6602836905); Kollmeier, Birger (7006746726)","56346876200; 7004363887; 6602836905; 7006746726","Coding of temporally fluctuating interaural timing disparities in a binaural processing model based on phase differences","2008","Brain Research","1220","","","234","245","11","29","10.1016/j.brainres.2007.09.026","https://www.scopus.com/inward/record.uri?eid=2-s2.0-48949119357&doi=10.1016%2fj.brainres.2007.09.026&partnerID=40&md5=57fe12d6225902913311f5d96334da23","Article","Final","","Scopus","2-s2.0-48949119357"
"Sisneros J.A.; Bass A.H.","Sisneros, Joseph A. (6602551801); Bass, Andrew H. (7101904989)","6602551801; 7101904989","Seasonal plasticity of peripheral auditory frequency sensitivity","2003","Journal of Neuroscience","23","3","","1049","1058","9","126","10.1523/jneurosci.23-03-01049.2003","https://www.scopus.com/inward/record.uri?eid=2-s2.0-0037319220&doi=10.1523%2fjneurosci.23-03-01049.2003&partnerID=40&md5=69873ed1b1d56a08f3a5abf2dfaea527","Article","Final","All Open Access; Bronze Open Access; Green Open Access","Scopus","2-s2.0-0037319220"
"Bodnar D.A.; Bass A.H.","Bodnar, D.A. (7005729274); Bass, A.H. (7101904989)","7005729274; 7101904989","Midbrain combinatorial code for temporal and spectral information in concurrent acoustic signals","1999","Journal of Neurophysiology","81","2","","552","563","11","36","10.1152/jn.1999.81.2.552","https://www.scopus.com/inward/record.uri?eid=2-s2.0-0033029996&doi=10.1152%2fjn.1999.81.2.552&partnerID=40&md5=44c15fc0ce334aab670e33064ba3889e","Article","Final","","Scopus","2-s2.0-0033029996"
"Schwarz D.W.F.; Taylor P.","Schwarz, D.W.F. (7102731234); Taylor, P. (57212954123)","7102731234; 57212954123","Human auditory steady state responses to binaural and monaural beats","2005","Clinical Neurophysiology","116","3","","658","668","10","121","10.1016/j.clinph.2004.09.014","https://www.scopus.com/inward/record.uri?eid=2-s2.0-13844281495&doi=10.1016%2fj.clinph.2004.09.014&partnerID=40&md5=ac0d9fef09d9a01c567940205d5cf319","Article","Final","","Scopus","2-s2.0-13844281495"
"Pastor M.A.; Valencia M.; Artieda J.; Alegre M.; Masdeu J.C.","Pastor, M.A. (56962720000); Valencia, M. (7101646864); Artieda, J. (7006708505); Alegre, M. (7006326579); Masdeu, J.C. (35405452500)","56962720000; 7101646864; 7006708505; 7006326579; 35405452500","Topography of cortical activation differs for fundamental and harmonic frequencies of the steady-state visual-evoked responses. An EEG and PET H 215O study","2007","Cerebral Cortex","17","8","","1899","1905","6","53","10.1093/cercor/bhl098","https://www.scopus.com/inward/record.uri?eid=2-s2.0-34547652501&doi=10.1093%2fcercor%2fbhl098&partnerID=40&md5=1a97748a779868087a30d279929889cb","Article","Final","All Open Access; Bronze Open Access","Scopus","2-s2.0-34547652501"
"Füllgrabe C.; Berthommier F.; Lorenzi C.","Füllgrabe, Christian (7801361811); Berthommier, Frédéric (6602680011); Lorenzi, Christian (57204297040)","7801361811; 6602680011; 57204297040","Masking release for consonant features in temporally fluctuating background noise","2006","Hearing Research","211","1-2","","74","84","10","106","10.1016/j.heares.2005.09.001","https://www.scopus.com/inward/record.uri?eid=2-s2.0-30944447457&doi=10.1016%2fj.heares.2005.09.001&partnerID=40&md5=ae185e229c1531bc1192105f6b051e15","Article","Final","","Scopus","2-s2.0-30944447457"
"Lane J.D; Kasian S.J.; Owens J.E.; Marsh G.R.","Lane, James D. (7401532639); Kasian, Stefan J. (6602122045); Owens, Justine E. (7401460207); Marsh, Gail R. (7202868156)","7401532639; 6602122045; 7401460207; 7202868156","Binaural auditory beats affect vigilance performance and mood","1998","Physiology and Behavior","63","2","","249","252","3","167","10.1016/S0031-9384(97)00436-8","https://www.scopus.com/inward/record.uri?eid=2-s2.0-0031983493&doi=10.1016%2fS0031-9384%2897%2900436-8&partnerID=40&md5=a6c8561360e62558914617f168ecb9e7","Article","Final","","Scopus","2-s2.0-0031983493"
"Petralia S.M.; Gallup Jr. G.G.","Petralia, Sandra M. (7004681201); Gallup Jr., Gordon G. (7005377058)","7004681201; 7005377058","Effects of a sexual assault scenario on handgrip strength across the menstrual cycle","2002","Evolution and Human Behavior","23","1","","3","10","7","50","10.1016/S1090-5138(01)00085-X","https://www.scopus.com/inward/record.uri?eid=2-s2.0-0036149287&doi=10.1016%2fS1090-5138%2801%2900085-X&partnerID=40&md5=36a305b18893c186188c13613c4a5078","Article","Final","","Scopus","2-s2.0-0036149287"
"McAlpine D.","McAlpine, David (7005917811)","7005917811","Neural sensitivity to periodicity in the inferior colliculus: Evidence for the role of cochlear distortions","2004","Journal of Neurophysiology","92","3","","1295","1311","16","45","10.1152/jn.00034.2004","https://www.scopus.com/inward/record.uri?eid=2-s2.0-4143131228&doi=10.1152%2fjn.00034.2004&partnerID=40&md5=40676b37bbefb8f7226c79266dd133ed","Article","Final","","Scopus","2-s2.0-4143131228"
"Ungan P.; Şahinoǧlu B.; Utkuçal R.","Ungan, Pekcan (6701562334); Şahinoǧlu, Babür (56628274300); Utkuçal, Rezzan (6506916733)","6701562334; 56628274300; 6506916733","Human laterality reversal auditory evoked potentials: stimulation by reversing the interaural delay of dichotically presented continuous click trains","1989","Electroencephalography and Clinical Neurophysiology","73","4","","306","321","15","33","10.1016/0013-4694(89)90109-0","https://www.scopus.com/inward/record.uri?eid=2-s2.0-0024417913&doi=10.1016%2f0013-4694%2889%2990109-0&partnerID=40&md5=bbdedcdd87239f3a1f7b1529f028d68e","Article","Final","","Scopus","2-s2.0-0024417913"
"McFadden D.","McFadden, Dennis (7102057119)","7102057119","Sex differences in the auditory system","1998","Developmental Neuropsychology","14","2-3","","261","298","37","140","10.1080/87565649809540712","https://www.scopus.com/inward/record.uri?eid=2-s2.0-0031823222&doi=10.1080%2f87565649809540712&partnerID=40&md5=b33fbd27255d7698873ffc53ba527d1c","Review","Final","","Scopus","2-s2.0-0031823222"
"Joris P.X.","Joris, Philip X. (6603871964)","6603871964","Envelope coding in the lateral superior olive. II. Characteristic delays and comparison with responses in the medial superior olive","1996","Journal of Neurophysiology","76","4","","2137","2156","19","108","10.1152/jn.1996.76.4.2137","https://www.scopus.com/inward/record.uri?eid=2-s2.0-0029858546&doi=10.1152%2fjn.1996.76.4.2137&partnerID=40&md5=786b1af214ed506a9e0d6521bb1e0422","Article","Final","","Scopus","2-s2.0-0029858546"
"Kashino M.; Warren R.M.","Kashino, Makio (6603785760); Warren, Richard M. (7401711772)","6603785760; 7401711772","Binaural release from temporal induction","1996","Perception and Psychophysics","58","6","","899","905","6","13","10.3758/BF03205491","https://www.scopus.com/inward/record.uri?eid=2-s2.0-0030209786&doi=10.3758%2fBF03205491&partnerID=40&md5=54588902590f3c568b22e18609c51d9f","Article","Final","All Open Access; Bronze Open Access","Scopus","2-s2.0-0030209786"
"Draganova R.; Ross B.; Wollbrink A.; Pantev C.","Draganova, Rossitza (56098447700); Ross, Bernhard (35547457600); Wollbrink, Andreas (8422445800); Pantev, Christo (7006686791)","56098447700; 35547457600; 8422445800; 7006686791","Cortical steady-state responses to central and peripheral auditory beats","2008","Cerebral Cortex","18","5","","1193","1200","7","89","10.1093/cercor/bhm153","https://www.scopus.com/inward/record.uri?eid=2-s2.0-44849109678&doi=10.1093%2fcercor%2fbhm153&partnerID=40&md5=c561dda39a5294e4345978cacda6b575","Article","Final","All Open Access; Bronze Open Access","Scopus","2-s2.0-44849109678"
